customer_id,external_code,name,status,batch,timestamp,error
39353,ODOO-PARTNER-39353,07 AM BAKERS CLUB,success,1,2026-10-07T05:06:09.877592+00:00,
1655,ODOO-PARTNER-1655,07 AM BAKERS CLUB,success,1,2026-10-07T05:06:09.877592+00:00,
40520,ODOO-PARTNER-40520,12 KITCHEN & WINE,success,1,2026-10-07T05:06:09.877592+00:00,
40360,ODOO-PARTNER-40360,163 MART,success,1,2026-10-07T05:06:09.877592+00:00,
40427,ODOO-PARTNER-40427,2 ROOTS,success,1,2026-10-07T05:06:09.877592+00:00,
31278,ODOO-PARTNER-31278,2080 BURGER NUSA DUA,success,1,2026-10-07T05:06:09.877592+00:00,
31280,ODOO-PARTNER-31280,25 PM KEDAMPANG,success,1,2026-10-07T05:06:09.877592+00:00,
31281,ODOO-PARTNER-31281,25 PM NUSA DUA,success,1,2026-10-07T05:06:09.877592+00:00,
31285,ODOO-PARTNER-31285,32DO RESTAURANT,success,1,2026-10-07T05:06:09.877592+00:00,
46639,ODOO-PARTNER-46639,3328 DC FRESH YASMIN CONVENTIONAL,success,1,2026-10-07T05:06:09.877592+00:00,
24230,ODOO-PARTNER-24230,4W MINI MARKET,success,1,2026-10-07T05:06:09.877592+00:00,
39092,ODOO-PARTNER-39092,4W MINI MARKET SINDU,success,1,2026-10-07T05:06:09.877592+00:00,
40322,ODOO-PARTNER-40322,7 AM PERERENAN,success,1,2026-10-07T05:06:09.877592+00:00,
40371,ODOO-PARTNER-40371,7 AM UBUD,success,1,2026-10-07T05:06:09.877592+00:00,
39156,ODOO-PARTNER-39156,7 HUNGRY,success,1,2026-10-07T05:06:09.877592+00:00,
31287,ODOO-PARTNER-31287,707 CAFE & BISTRO,success,1,2026-10-07T05:06:09.877592+00:00,
44662,ODOO-PARTNER-44662,7AM BAKERS 7PM DINERS SANUR,success,1,2026-10-07T05:06:09.877592+00:00,
31283,ODOO-PARTNER-31283,9/11 CAFE,success,1,2026-10-07T05:06:09.877592+00:00,
39114,ODOO-PARTNER-39114,A MART,success,1,2026-10-07T05:06:09.877592+00:00,
40011,ODOO-PARTNER-40011,ABF MART BLAHKIUH,success,1,2026-10-07T05:06:09.877592+00:00,
31291,ODOO-PARTNER-31291,ABIA VILLA LEGIAN,success,1,2026-10-07T05:06:09.877592+00:00,
40374,ODOO-PARTNER-40374,ABID KARYA SAYUR BUAH,success,1,2026-10-07T05:06:09.877592+00:00,
31293,ODOO-PARTNER-31293,ABSTRAKT COFFEE,success,1,2026-10-07T05:06:09.877592+00:00,
24240,ODOO-PARTNER-24240,ADACO MART BADAK AGUNG,success,1,2026-10-07T05:06:09.877592+00:00,
31295,ODOO-PARTNER-31295,ADIWANA UNAGI,success,1,2026-10-07T05:06:09.877592+00:00,
31297,ODOO-PARTNER-31297,AEROFOOD ACS,success,1,2026-10-07T05:06:09.877592+00:00,
24250,ODOO-PARTNER-24250,AF MART,success,1,2026-10-07T05:06:09.877592+00:00,
31299,ODOO-PARTNER-31299,AFTER HOURS,success,1,2026-10-07T05:06:09.877592+00:00,
31301,ODOO-PARTNER-31301,AGATHA VILLAS,success,1,2026-10-07T05:06:09.877592+00:00,
33413,ODOO-PARTNER-33413,AGAVE & AZUL,success,1,2026-10-07T05:06:09.877592+00:00,
40013,ODOO-PARTNER-40013,AGED AND BUTCHERED STEAKHOUSE,success,1,2026-10-07T05:06:09.877592+00:00,
40273,ODOO-PARTNER-40273,AGET COLLECTION,success,1,2026-10-07T05:06:09.877592+00:00,
39738,ODOO-PARTNER-39738,AGISTA GROSIR,success,1,2026-10-07T05:06:09.877592+00:00,
39194,ODOO-PARTNER-39194,AKARI RAMEN LEVEL 21,success,1,2026-10-07T05:06:09.877592+00:00,
31305,ODOO-PARTNER-31305,AKARI RAMEN LIVING WORLD,success,1,2026-10-07T05:06:09.877592+00:00,
39123,ODOO-PARTNER-39123,AKARI SUSHI ICON MALL,success,1,2026-10-07T05:06:09.877592+00:00,
31307,ODOO-PARTNER-31307,AKTUAL KOPI,success,1,2026-10-07T05:06:09.877592+00:00,
31311,ODOO-PARTNER-31311,AL DIWAN RESTAURANT,success,1,2026-10-07T05:06:09.877592+00:00,
24254,ODOO-PARTNER-24254,AL MART,success,1,2026-10-07T05:06:09.877592+00:00,
31313,ODOO-PARTNER-31313,ALAM KUL KUL,success,1,2026-10-07T05:06:09.877592+00:00,
31315,ODOO-PARTNER-31315,ALAYA RESORT UBUD,success,1,2026-10-07T05:06:09.877592+00:00,
46923,ODOO-PARTNER-46923,ALCHEMY YOGA SHOP UBUD,success,1,2026-10-07T05:06:09.877592+00:00,
31317,ODOO-PARTNER-31317,ALILA SEMINYAK,success,1,2026-10-07T05:06:09.877592+00:00,
31319,ODOO-PARTNER-31319,ALILA UBUD,success,1,2026-10-07T05:06:09.877592+00:00,
31321,ODOO-PARTNER-31321,ALILA ULUWATU,success,1,2026-10-07T05:06:09.877592+00:00,
38477,ODOO-PARTNER-38477,ALIVE FOOD STORE,success,1,2026-10-07T05:06:09.877592+00:00,
24319,ODOO-PARTNER-24319,ALIVE FOOD STORE WS GUDANG,success,1,2026-10-07T05:06:09.877592+00:00,
47491,ODOO-PARTNER-47491,ALMA SHANTI BOUTIQUE HOTEL,success,1,2026-10-07T05:06:09.877592+00:00,
39140,ODOO-PARTNER-39140,ALMOND CAFE CANGGU,success,1,2026-10-07T05:06:09.877592+00:00,
39405,ODOO-PARTNER-39405,ALOFT BALI KUTA AT BEACHWALK,success,1,2026-10-07T05:06:09.877592+00:00,
31323,ODOO-PARTNER-31323,ALOFT BALI SEMINYAK,success,1,2026-10-07T05:06:09.877592+00:00,
31325,ODOO-PARTNER-31325,ALPHA COFFE & RESTO,success,1,2026-10-07T05:06:09.877592+00:00,
24323,ODOO-PARTNER-24323,AM MART PEJENG,success,1,2026-10-07T05:06:09.877592+00:00,
31327,ODOO-PARTNER-31327,AMAMI CANGGU,success,1,2026-10-07T05:06:09.877592+00:00,
31329,ODOO-PARTNER-31329,AMAMI GARDEN ULUWATU,success,1,2026-10-07T05:06:09.877592+00:00,
31331,ODOO-PARTNER-31331,AMANDARI,success,1,2026-10-07T05:06:09.877592+00:00,
31335,ODOO-PARTNER-31335,AMARTERA BALI,success,1,2026-10-07T05:06:09.877592+00:00,
39317,ODOO-PARTNER-39317,AMAVI BALI,success,1,2026-10-07T05:06:09.877592+00:00,
40497,ODOO-PARTNER-40497,AMAYI RESORT NUSA DUA,success,1,2026-10-07T05:06:09.877592+00:00,
24325,ODOO-PARTNER-24325,AMERTA SARI,success,1,2026-10-07T05:06:09.877592+00:00,
42078,ODOO-PARTNER-42078,AMICI BALI,success,1,2026-10-07T05:06:09.877592+00:00,
31339,ODOO-PARTNER-31339,AMO SPA CENTER CANGGU,success,1,2026-10-07T05:06:09.877592+00:00,
31341,ODOO-PARTNER-31341,AMORA UBUD BOUTIQUE VILLA,success,1,2026-10-07T05:06:09.877592+00:00,
31343,ODOO-PARTNER-31343,AMRTASIDDHI,success,1,2026-10-07T05:06:09.877592+00:00,
31345,ODOO-PARTNER-31345,ANALOG ULUWATU,success,1,2026-10-07T05:06:09.877592+00:00,
31347,ODOO-PARTNER-31347,ANANTARA VACATION CLUB LEGIAN,success,1,2026-10-07T05:06:09.877592+00:00,
31349,ODOO-PARTNER-31349,ANDAZ BALI,success,1,2026-10-07T05:06:09.877592+00:00,
24331,ODOO-PARTNER-24331,ANDRA MART,success,1,2026-10-07T05:06:09.877592+00:00,
31357,ODOO-PARTNER-31357,ANJA JIMBARAN,success,1,2026-10-07T05:06:09.877592+00:00,
31359,ODOO-PARTNER-31359,ANMA SPACE,success,1,2026-10-07T05:06:09.877592+00:00,
31361,ODOO-PARTNER-31361,ANOMALI COFFEE UBUD,success,1,2026-10-07T05:06:09.877592+00:00,
24333,ODOO-PARTNER-24333,ANOMALI SANUR,success,1,2026-10-07T05:06:09.877592+00:00,
42839,ODOO-PARTNER-42839,ANUGRAH FROZEN,success,1,2026-10-07T05:06:09.877592+00:00,
31541,ODOO-PARTNER-31541,ANWA BALI VILLA,success,1,2026-10-07T05:06:09.877592+00:00,
40126,ODOO-PARTNER-40126,AREA JAYA,success,1,2026-10-07T05:06:09.877592+00:00,
40366,ODOO-PARTNER-40366,AREA JAYA 2,success,1,2026-10-07T05:06:09.877592+00:00,
47183,ODOO-PARTNER-47183,ARETE SPORTS COMPLEX,success,1,2026-10-07T05:06:09.877592+00:00,
31369,ODOO-PARTNER-31369,ARIA EXCLUSIVE VILLAS AND SPA,success,1,2026-10-07T05:06:09.877592+00:00,
43410,ODOO-PARTNER-43410,ARIF FROZEN FOOD,success,1,2026-10-07T05:06:09.877592+00:00,
40769,ODOO-PARTNER-40769,ARJUNA MART,success,1,2026-10-07T05:06:09.877592+00:00,
44070,ODOO-PARTNER-44070,AROMA MENTEGA,success,1,2026-10-07T05:06:09.877592+00:00,
24351,ODOO-PARTNER-24351,ARTA NINGSIH,success,1,2026-10-07T05:06:09.877592+00:00,
24354,ODOO-PARTNER-24354,ARTA SEDANA RETAILINDO SANUR,success,1,2026-10-07T05:06:09.877592+00:00,
24355,ODOO-PARTNER-24355,ARTA SEDANA SESETAN,success,1,2026-10-07T05:06:09.877592+00:00,
38478,ODOO-PARTNER-38478,ARTA SEDANA SINGARAJA PT,success,1,2026-10-07T05:06:09.877592+00:00,
39117,ODOO-PARTNER-39117,ARTISAN BINGIN,success,1,2026-10-07T05:06:09.877592+00:00,
40332,ODOO-PARTNER-40332,ARTISAN PERERENAN,success,1,2026-10-07T05:06:09.877592+00:00,
41989,ODOO-PARTNER-41989,ARTISANAL ITALIAN GELATO,success,1,2026-10-07T05:06:09.877592+00:00,
39806,ODOO-PARTNER-39806,ARTOTEL SANUR BALI,success,1,2026-10-07T05:06:09.877592+00:00,
31371,ODOO-PARTNER-31371,ARTREE,success,1,2026-10-07T05:06:09.877592+00:00,
47121,ODOO-PARTNER-47121,ARVO BALI,success,1,2026-10-07T05:06:09.877592+00:00,
44232,ODOO-PARTNER-44232,ARYA RESORT SUMBA,success,1,2026-10-07T05:06:09.877592+00:00,
32077,ODOO-PARTNER-32077,ARYADUTA KUTA BALI PT,success,1,2026-10-07T05:06:09.877592+00:00,
38479,ODOO-PARTNER-38479,ARYS MIKRO CV,success,1,2026-10-07T05:06:09.877592+00:00,
41943,ODOO-PARTNER-41943,AS KITCHEN JIMBARAN,success,1,2026-10-07T05:06:09.877592+00:00,
42576,ODOO-PARTNER-42576,AS KITCHEN RENON,success,1,2026-10-07T05:06:09.877592+00:00,
40536,ODOO-PARTNER-40536,AS MART MINI MARKET,success,1,2026-10-07T05:06:09.877592+00:00,
31373,ODOO-PARTNER-31373,ASAI VILLAGE,success,1,2026-10-07T05:06:09.877592+00:00,
31375,ODOO-PARTNER-31375,ASTAGINA RESORT AND SPA,success,1,2026-10-07T05:06:09.877592+00:00,
31377,ODOO-PARTNER-31377,ATITHI,success,1,2026-10-07T05:06:09.877592+00:00,
39735,ODOO-PARTNER-39735,AURA KOPI,success,1,2026-10-07T05:06:09.877592+00:00,
24370,ODOO-PARTNER-24370,AURA KOPI,success,1,2026-10-07T05:06:09.877592+00:00,
31381,ODOO-PARTNER-31381,AURORA BAKERY,success,1,2026-10-07T05:06:09.877592+00:00,
31383,ODOO-PARTNER-31383,AVIARY BISTRO,success,1,2026-10-07T05:06:09.877592+00:00,
40010,ODOO-PARTNER-40010,AVLI MODERN GREEK,success,1,2026-10-07T05:06:09.877592+00:00,
31385,ODOO-PARTNER-31385,AYAM GEPREK (BFC ANDAKASA),success,1,2026-10-07T05:06:09.877592+00:00,
31389,ODOO-PARTNER-31389,AYANA RESORT,success,1,2026-10-07T05:06:09.877592+00:00,
31391,ODOO-PARTNER-31391,AYODYA HOTEL,success,1,2026-10-07T05:06:09.877592+00:00,
40930,ODOO-PARTNER-40930,AYU BAKERY COFFEE & EATERY,success,1,2026-10-07T05:06:09.877592+00:00,
40325,ODOO-PARTNER-40325,AYU FRESH ANTASURA,success,1,2026-10-07T05:06:09.877592+00:00,
24376,ODOO-PARTNER-24376,AYU FRESH BAHAN KUE KEMUDA,success,1,2026-10-07T05:06:09.877592+00:00,
40337,ODOO-PARTNER-40337,AYU FRESH BUAH SIULAN,success,1,2026-10-07T05:06:09.877592+00:00,
24379,ODOO-PARTNER-24379,AYU NADI MART BUNG TOMO,success,1,2026-10-07T05:06:09.877592+00:00,
24380,ODOO-PARTNER-24380,AYU NADI MART SOPUTAN DC,success,1,2026-10-07T05:06:09.877592+00:00,
24381,ODOO-PARTNER-24381,AYU NADI MART TUBAN,success,1,2026-10-07T05:06:09.877592+00:00,
24383,ODOO-PARTNER-24383,AZUKA MART,success,1,2026-10-07T05:06:09.877592+00:00,
31393,ODOO-PARTNER-31393,BABYLON RESTAURANT,success,1,2026-10-07T05:06:09.877592+00:00,
24389,ODOO-PARTNER-24389,BACCHUS UBUD CV,success,1,2026-10-07T05:06:09.877592+00:00,
39854,ODOO-PARTNER-39854,BAGUS MINI MART,success,1,2026-10-07T05:06:09.877592+00:00,
24393,ODOO-PARTNER-24393,BAGUS SUPERMARKET SASIH,success,1,2026-10-07T05:06:09.877592+00:00,
31397,ODOO-PARTNER-31397,BAHANA GENTA VICTORY PT,success,1,2026-10-07T05:06:09.877592+00:00,
31401,ODOO-PARTNER-31401,BAKED BALI,success,1,2026-10-07T05:06:09.877592+00:00,
39083,ODOO-PARTNER-39083,BAKED PADONAN,success,1,2026-10-07T05:06:09.877592+00:00,
31403,ODOO-PARTNER-31403,BAKED PERERENAN,success,1,2026-10-07T05:06:09.877592+00:00,
39892,ODOO-PARTNER-39892,BAKED SEMINYAK,success,1,2026-10-07T05:06:09.877592+00:00,
39928,ODOO-PARTNER-39928,BAKED ULUWATU,success,1,2026-10-07T05:06:09.877592+00:00,
40080,ODOO-PARTNER-40080,BALANGAN SUKSES BERSAMA PT - LA SANTA ROSA,success,1,2026-10-07T05:06:09.877592+00:00,
31405,ODOO-PARTNER-31405,BALE UDANG MANG ENGKING KUTA,success,1,2026-10-07T05:06:09.877592+00:00,
31407,ODOO-PARTNER-31407,BALI BANANA,success,1,2026-10-07T05:06:09.877592+00:00,
31409,ODOO-PARTNER-31409,BALI BEACH GLAMPING,success,1,2026-10-07T05:06:09.877592+00:00,
31411,ODOO-PARTNER-31411,BALI BIRD PARK (PT ISTANA MEGAH WISATA),success,1,2026-10-07T05:06:09.877592+00:00,
24403,ODOO-PARTNER-24403,BALI BOGA SEJATI PT,success,1,2026-10-07T05:06:09.877592+00:00,
31413,ODOO-PARTNER-31413,BALI BOHEMIA UBUD,success,1,2026-10-07T05:06:09.877592+00:00,
31415,ODOO-PARTNER-31415,BALI BONDI RESTAURANT,success,1,2026-10-07T05:06:09.877592+00:00,
24407,ODOO-PARTNER-24407,BALI BUDA UBUD,success,1,2026-10-07T05:06:09.877592+00:00,
40432,ODOO-PARTNER-40432,BALI BUMI BAGUS CV,success,1,2026-10-07T05:06:09.877592+00:00,
31417,ODOO-PARTNER-31417,BALI CATERING,success,1,2026-10-07T05:06:09.877592+00:00,
31419,ODOO-PARTNER-31419,BALI CONVENTION CENTER,success,1,2026-10-07T05:06:09.877592+00:00,
31421,ODOO-PARTNER-31421,BALI CRAB,success,1,2026-10-07T05:06:09.877592+00:00,
39740,ODOO-PARTNER-39740,BALI DACHA,success,1,2026-10-07T05:06:09.877592+00:00,
24417,ODOO-PARTNER-24417,BALI DIRECT STORE PT (BUMBAK STORE),success,1,2026-10-07T05:06:09.877592+00:00,
39899,ODOO-PARTNER-39899,BALI DIRECT STORE PT (MAIN WAREHOUSE),success,1,2026-10-07T05:06:09.877592+00:00,
40471,ODOO-PARTNER-40471,BALI DYNASTY RESORT,success,1,2026-10-07T05:06:09.877592+00:00,
31423,ODOO-PARTNER-31423,BALI ECO DELI,success,1,2026-10-07T05:06:09.877592+00:00,
31425,ODOO-PARTNER-31425,BALI GARDEN BEACH RESORT,success,1,2026-10-07T05:06:09.877592+00:00,
46604,ODOO-PARTNER-46604,BALI JAWARA,success,1,2026-10-07T05:06:09.877592+00:00,
24421,ODOO-PARTNER-24421,BALI JAYA SWALAYAN CV,success,1,2026-10-07T05:06:09.877592+00:00,
31429,ODOO-PARTNER-31429,BALI JUICE PARK,success,1,2026-10-07T05:06:09.877592+00:00,
44962,ODOO-PARTNER-44962,BALI MAGIC GROSIR,success,1,2026-10-07T05:06:09.877592+00:00,
31433,ODOO-PARTNER-31433,BALI MANDIRA,success,1,2026-10-07T05:06:09.877592+00:00,
31435,ODOO-PARTNER-31435,BALI MIRACLE CATERING,success,1,2026-10-07T05:06:09.877592+00:00,
24425,ODOO-PARTNER-24425,BALI NATURAL ORGANIC BERAWA,success,1,2026-10-07T05:06:09.877592+00:00,
24427,ODOO-PARTNER-24427,BALI NATURAL ORGANIC PERERENAN,success,1,2026-10-07T05:06:09.877592+00:00,
39438,ODOO-PARTNER-39438,BALI RANI HOTEL,success,1,2026-10-07T05:06:09.877592+00:00,
31441,ODOO-PARTNER-31441,BALI RELAXING RESORT & SPA,success,1,2026-10-07T05:06:09.877592+00:00,
31447,ODOO-PARTNER-31447,BALI TANGI,success,1,2026-10-07T05:06:09.877592+00:00,
31449,ODOO-PARTNER-31449,BALI TROPIC RESORT AND SPA,success,1,2026-10-07T05:06:09.877592+00:00,
31455,ODOO-PARTNER-31455,BAMBOO BAR & GRILL,success,1,2026-10-07T05:06:09.877592+00:00,
31459,ODOO-PARTNER-31459,BAMBU FITNESS BALI,success,1,2026-10-07T05:06:09.877592+00:00,
43625,ODOO-PARTNER-43625,BAMBU INDAH RESORT,success,1,2026-10-07T05:06:09.877592+00:00,
31461,ODOO-PARTNER-31461,BANANA LOUNGE,success,1,2026-10-07T05:06:09.877592+00:00,
31463,ODOO-PARTNER-31463,BANAVE CAFE & LOUNGE,success,1,2026-10-07T05:06:09.877592+00:00,
31467,ODOO-PARTNER-31467,BANDHA HOTEL LEGIAN,success,1,2026-10-07T05:06:09.877592+00:00,
31469,ODOO-PARTNER-31469,BANGKOK KITCHEN SEMINYAK,success,1,2026-10-07T05:06:09.877592+00:00,
31471,ODOO-PARTNER-31471,BAPAK BAKERY,success,1,2026-10-07T05:06:09.877592+00:00,
40368,ODOO-PARTNER-40368,BAPAK ROTI PT,success,1,2026-10-07T05:06:09.877592+00:00,
31475,ODOO-PARTNER-31475,BARBACOA BALI,success,1,2026-10-07T05:06:09.877592+00:00,
31479,ODOO-PARTNER-31479,BARTOLO,success,1,2026-10-07T05:06:09.877592+00:00,
40014,ODOO-PARTNER-40014,BASILICO,success,1,2026-10-07T05:06:09.877592+00:00,
31483,ODOO-PARTNER-31483,BATU KARANG LEMBONGAN,success,1,2026-10-07T05:06:09.877592+00:00,
32315,ODOO-PARTNER-32315,BATU MEJAN KULINA SUKSES BERSAMA BALI PT - LA BRISA,success,1,2026-10-07T05:06:09.877592+00:00,
39955,ODOO-PARTNER-39955,BATU PENJURU KULINER PT,success,1,2026-10-07T05:06:09.877592+00:00,
31485,ODOO-PARTNER-31485,BATUJIMBAR CAFE,success,1,2026-10-07T05:06:09.877592+00:00,
31487,ODOO-PARTNER-31487,BAZAAR RESTAURANT,success,1,2026-10-07T05:06:09.877592+00:00,
31489,ODOO-PARTNER-31489,BB'S BAR & BISTRO,success,1,2026-10-07T05:06:09.877592+00:00,
39867,ODOO-PARTNER-39867,BB52 CENTRAL KITCHEN,success,1,2026-10-07T05:06:09.877592+00:00,
39340,ODOO-PARTNER-39340,BB52 UBUD,success,1,2026-10-07T05:06:09.877592+00:00,
31491,ODOO-PARTNER-31491,BB52 ULUWATU,success,1,2026-10-07T05:06:09.877592+00:00,
39217,ODOO-PARTNER-39217,BB52 UNGASAN,success,1,2026-10-07T05:06:09.877592+00:00,
31493,ODOO-PARTNER-31493,BEACH BOWL,success,1,2026-10-07T05:06:09.877592+00:00,
31495,ODOO-PARTNER-31495,BEACH BOWL SEMINYAK,success,1,2026-10-07T05:06:09.877592+00:00,
31497,ODOO-PARTNER-31497,BEACH GARDEN,success,1,2026-10-07T05:06:09.877592+00:00,
31499,ODOO-PARTNER-31499,BEACHTOWN GROCER,success,1,2026-10-07T05:06:09.877592+00:00,
31501,ODOO-PARTNER-31501,BEAN CAFE,success,1,2026-10-07T05:06:09.877592+00:00,
31503,ODOO-PARTNER-31503,BEBEK TEBA SARI,success,1,2026-10-07T05:06:09.877592+00:00,
41628,ODOO-PARTNER-41628,BEBEK TEPI SAWAH,success,1,2026-10-07T05:06:09.877592+00:00,
41964,ODOO-PARTNER-41964,BELANTARA RESTAURANT & SUNKIS POOL BAR,success,1,2026-10-07T05:06:09.877592+00:00,
40313,ODOO-PARTNER-40313,BELIS RESTO,success,1,2026-10-07T05:06:09.877592+00:00,
31511,ODOO-PARTNER-31511,BELLA ITALIA - GRANDMAS HOTEL,success,1,2026-10-07T05:06:09.877592+00:00,
31515,ODOO-PARTNER-31515,BELMOND JIMBARAN PURI,success,1,2026-10-07T05:06:09.877592+00:00,
31517,ODOO-PARTNER-31517,BENIH CAFE,success,1,2026-10-07T05:06:09.877592+00:00,
31519,ODOO-PARTNER-31519,BENISON CAFE,success,1,2026-10-07T05:06:09.877592+00:00,
42824,ODOO-PARTNER-42824,BERANDA FROZEN,success,1,2026-10-07T05:06:09.877592+00:00,
39183,ODOO-PARTNER-39183,BERAWA'S KITCHEN SALAD BAR,success,1,2026-10-07T05:06:09.877592+00:00,
31521,ODOO-PARTNER-31521,BERLIN GASTRO KITCHEN,success,1,2026-10-07T05:06:09.877592+00:00,
24498,ODOO-PARTNER-24498,BGS CANGGU,success,1,2026-10-07T05:06:09.877592+00:00,
24499,ODOO-PARTNER-24499,BGS COFFEE ULUWATU,success,1,2026-10-07T05:06:09.877592+00:00,
24500,ODOO-PARTNER-24500,BGS DREAMLAND,success,1,2026-10-07T05:06:09.877592+00:00,
24501,ODOO-PARTNER-24501,BGS KUTA,success,1,2026-10-07T05:06:09.877592+00:00,
24502,ODOO-PARTNER-24502,BGS UBUD,success,1,2026-10-07T05:06:09.877592+00:00,
31523,ODOO-PARTNER-31523,BHANUSWARI RESORT & SPA,success,1,2026-10-07T05:06:09.877592+00:00,
31525,ODOO-PARTNER-31525,BHINEKA KOPI RENON,success,1,2026-10-07T05:06:09.877592+00:00,
31529,ODOO-PARTNER-31529,BIBIMBAP SANUR,success,1,2026-10-07T05:06:09.877592+00:00,
32319,ODOO-PARTNER-32319,BIDADARI DUNIA PT - LA FAVELA,success,1,2026-10-07T05:06:09.877592+00:00,
31531,ODOO-PARTNER-31531,BIJI WORLD,success,1,2026-10-07T05:06:09.877592+00:00,
31533,ODOO-PARTNER-31533,BIKU RESTAURANT,success,1,2026-10-07T05:06:09.877592+00:00,
31535,ODOO-PARTNER-31535,BILIQ SEMINYAK,success,1,2026-10-07T05:06:09.877592+00:00,
31537,ODOO-PARTNER-31537,BILLY HO,success,1,2026-10-07T05:06:09.877592+00:00,
33274,ODOO-PARTNER-33274,BINA BUANA SARANA PT (DALAM PAILIT),success,1,2026-10-07T05:06:09.877592+00:00,
43019,ODOO-PARTNER-43019,BINTANG FROZEN,success,1,2026-10-07T05:06:09.877592+00:00,
24522,ODOO-PARTNER-24522,BINTANG SUPERMARKET HAYAM WURUK,success,1,2026-10-07T05:06:09.877592+00:00,
24524,ODOO-PARTNER-24524,BINTANG UBUD,success,1,2026-10-07T05:06:09.877592+00:00,
31539,ODOO-PARTNER-31539,BIRD NEST THAI KITCHEN,success,1,2026-10-07T05:06:09.877592+00:00,
47214,ODOO-PARTNER-47214,BITTO WOODFIRE BERAWA,success,1,2026-10-07T05:06:09.877592+00:00,
39296,ODOO-PARTNER-39296,BIU BIU RESORT BALANGAN,success,1,2026-10-07T05:06:09.877592+00:00,
31543,ODOO-PARTNER-31543,BJ'S BAR & GRILL,success,1,2026-10-07T05:06:09.877592+00:00,
31545,ODOO-PARTNER-31545,BLACK PENNY VILLAS,success,1,2026-10-07T05:06:09.877592+00:00,
31547,ODOO-PARTNER-31547,BLACK ROSE ULUWATU,success,1,2026-10-07T05:06:09.877592+00:00,
31549,ODOO-PARTNER-31549,BLACK SAND BREWERY,success,1,2026-10-07T05:06:09.877592+00:00,
31551,ODOO-PARTNER-31551,BLEND CAFE UBUD,success,1,2026-10-07T05:06:09.877592+00:00,
39564,ODOO-PARTNER-39564,BLISS BAR & LOUNGE,success,1,2026-10-07T05:06:09.877592+00:00,
39815,ODOO-PARTNER-39815,BLOOM BOUTIQUE ATELIER PRESCHOOL,success,1,2026-10-07T05:06:09.877592+00:00,
31555,ODOO-PARTNER-31555,BLOSSOM CANGGU,success,1,2026-10-07T05:06:09.877592+00:00,
31557,ODOO-PARTNER-31557,BLOU CAFE,success,1,2026-10-07T05:06:09.877592+00:00,
39907,ODOO-PARTNER-39907,BLUE POINT,success,1,2026-10-07T05:06:09.877592+00:00,
31561,ODOO-PARTNER-31561,BO & BUN (EAT COMPANY),success,1,2026-10-07T05:06:09.877592+00:00,
24528,ODOO-PARTNER-24528,BOBY 76,success,1,2026-10-07T05:06:09.877592+00:00,
31563,ODOO-PARTNER-31563,BODHI LEAF EATERY,success,1,2026-10-07T05:06:09.877592+00:00,
31809,ODOO-PARTNER-31809,BODY FACTORY KITCHEN,success,1,2026-10-07T05:06:09.877592+00:00,
31565,ODOO-PARTNER-31565,BOGA JAYA INTERNASIONAL PT,success,1,2026-10-07T05:06:09.877592+00:00,
39942,ODOO-PARTNER-39942,BOHEME PERERENAN,success,1,2026-10-07T05:06:09.877592+00:00,
40265,ODOO-PARTNER-40265,BOKASHI BERAWA,success,1,2026-10-07T05:06:09.877592+00:00,
31569,ODOO-PARTNER-31569,BOKASHI BOUTIQUE PERERENAN PT,success,1,2026-10-07T05:06:09.877592+00:00,
24530,ODOO-PARTNER-24530,BOMBORA SURF CAMP,success,1,2026-10-07T05:06:09.877592+00:00,
39291,ODOO-PARTNER-39291,BOSSMAN,success,1,2026-10-07T05:06:09.877592+00:00,
39161,ODOO-PARTNER-39161,BOTTEGA ITALIANA PETITENGET,success,1,2026-10-07T05:06:09.877592+00:00,
24534,ODOO-PARTNER-24534,BOTTEGA NATURA BALI UBUD,success,1,2026-10-07T05:06:09.877592+00:00,
24536,ODOO-PARTNER-24536,BOX MART,success,1,2026-10-07T05:06:09.877592+00:00,
39556,ODOO-PARTNER-39556,BOX MART BINGIN,success,1,2026-10-07T05:06:09.877592+00:00,
39818,ODOO-PARTNER-39818,BOX MART PADANG PADANG,success,1,2026-10-07T05:06:09.877592+00:00,
39998,ODOO-PARTNER-39998,BOX MART SULUBAN,success,1,2026-10-07T05:06:09.877592+00:00,
46208,ODOO-PARTNER-46208,BOX MART ULUS,success,1,2026-10-07T05:06:09.877592+00:00,
31579,ODOO-PARTNER-31579,BRANS STREET EATERY,success,1,2026-10-07T05:06:09.877592+00:00,
31581,ODOO-PARTNER-31581,BRASSERIE REPUBLIQUE,success,1,2026-10-07T05:06:09.877592+00:00,
31289,ODOO-PARTNER-31289,BRAZILIAN AUSSIE BBQ SEMINYAK,success,1,2026-10-07T05:06:09.877592+00:00,
31585,ODOO-PARTNER-31585,BRIE RESTAURANT,success,1,2026-10-07T05:06:09.877592+00:00,
31587,ODOO-PARTNER-31587,BRON CAFE,success,1,2026-10-07T05:06:09.877592+00:00,
39714,ODOO-PARTNER-39714,BROOK RESTAURANT,success,1,2026-10-07T05:06:09.877592+00:00,
39143,ODOO-PARTNER-39143,BROTHER GOOSE CAFE,success,1,2026-10-07T05:06:09.877592+00:00,
39583,ODOO-PARTNER-39583,BROTHER GOOSE CAFE SANUR,success,1,2026-10-07T05:06:09.877592+00:00,
24540,ODOO-PARTNER-24540,BROTHER'S MART,success,1,2026-10-07T05:06:09.877592+00:00,
24542,ODOO-PARTNER-24542,BROTHER'S MART 2,success,1,2026-10-07T05:06:09.877592+00:00,
31591,ODOO-PARTNER-31591,BROWN FEATHER HOTEL,success,1,2026-10-07T05:06:09.877592+00:00,
31597,ODOO-PARTNER-31597,BRUNCH CLUB,success,1,2026-10-07T05:06:09.877592+00:00,
31599,ODOO-PARTNER-31599,BTC COFFEE & GELATO,success,1,2026-10-07T05:06:09.877592+00:00,
47695,ODOO-PARTNER-47695,BUANA SUBUR LESTARI PT,success,1,2026-10-07T05:06:09.877592+00:00,
31601,ODOO-PARTNER-31601,BUBBA GUMP RESTO,success,1,2026-10-07T05:06:09.877592+00:00,
32139,ODOO-PARTNER-32139,BUDY WORKOUT CAFE,success,1,2026-10-07T05:06:09.877592+00:00,
31603,ODOO-PARTNER-31603,BUKIT CAFE,success,1,2026-10-07T05:06:09.877592+00:00,
24550,ODOO-PARTNER-24550,BUMDES KEKERAN,success,1,2026-10-07T05:06:09.877592+00:00,
40916,ODOO-PARTNER-40916,BUMDES MENGWITANI,success,1,2026-10-07T05:06:09.877592+00:00,
39803,ODOO-PARTNER-39803,BUMDESA AMERTHA GUNUNG SARI,success,1,2026-10-07T05:06:09.877592+00:00,
24552,ODOO-PARTNER-24552,BUMDESA BHUWANA SARI JAYA,success,1,2026-10-07T05:06:09.877592+00:00,
40331,ODOO-PARTNER-40331,BURGER BROTHERS BERAWA,success,1,2026-10-07T05:06:09.877592+00:00,
39268,ODOO-PARTNER-39268,BURGERS ANONYMOUS,success,1,2026-10-07T05:06:09.877592+00:00,
31607,ODOO-PARTNER-31607,BURGRLINK,success,1,2026-10-07T05:06:09.877592+00:00,
40249,ODOO-PARTNER-40249,BUTTER PROTEIN CLUB PT,success,1,2026-10-07T05:06:09.877592+00:00,
31613,ODOO-PARTNER-31613,BVLGARI,success,1,2026-10-07T05:06:09.877592+00:00,
42507,ODOO-PARTNER-42507,BWork ULUWATU,success,1,2026-10-07T05:06:09.877592+00:00,
31615,ODOO-PARTNER-31615,BY THE CLIFF,success,1,2026-10-07T05:06:09.877592+00:00,
24554,ODOO-PARTNER-24554,CAFE DEL MAR,success,1,2026-10-07T05:06:09.877592+00:00,
31623,ODOO-PARTNER-31623,CAFE DUNIA SEMINYAK,success,1,2026-10-07T05:06:09.877592+00:00,
31625,ODOO-PARTNER-31625,CAFE KIMSOO,success,1,2026-10-07T05:06:09.877592+00:00,
31627,ODOO-PARTNER-31627,CAFE LA PASSION,success,1,2026-10-07T05:06:09.877592+00:00,
42187,ODOO-PARTNER-42187,CALITA CAFE & EATERY,success,1,2026-10-07T05:06:09.877592+00:00,
31635,ODOO-PARTNER-31635,CAMANI KOPI,success,1,2026-10-07T05:06:09.877592+00:00,
31637,ODOO-PARTNER-31637,CAMINO COFFEE & EATERY,success,1,2026-10-07T05:06:09.877592+00:00,
24558,ODOO-PARTNER-24558,CANGGU DELI STATION,success,1,2026-10-07T05:06:09.877592+00:00,
31639,ODOO-PARTNER-31639,CANGGU INTERNATIONAL PT (HOLIDAY INN CANGGU),success,1,2026-10-07T05:06:09.877592+00:00,
31641,ODOO-PARTNER-31641,CANNA BALI,success,1,2026-10-07T05:06:09.877592+00:00,
31643,ODOO-PARTNER-31643,CANTINA BY PIZZERIA ITALIA,success,1,2026-10-07T05:06:09.877592+00:00,
31645,ODOO-PARTNER-31645,CANTINA CANGGU CLUB,success,1,2026-10-07T05:06:09.877592+00:00,
40155,ODOO-PARTNER-40155,CAPIBARRA,success,1,2026-10-07T05:06:09.877592+00:00,
31649,ODOO-PARTNER-31649,CARAMEL PATISSERIE & CAFE UBUD,success,1,2026-10-07T05:06:09.877592+00:00,
39450,ODOO-PARTNER-39450,CASA WINA,success,1,2026-10-07T05:06:09.877592+00:00,
41076,ODOO-PARTNER-41076,HOTEL BLIVE COLIVING,success,1,2026-10-07T05:06:09.877592+00:00,
46877,ODOO-PARTNER-46877,SANDO,success,1,2026-10-07T05:06:09.877592+00:00,
31653,ODOO-PARTNER-31653,CASHEW TREE,success,1,2026-10-07T05:06:09.877592+00:00,
24562,ODOO-PARTNER-24562,CATU MART,success,1,2026-10-07T05:06:09.877592+00:00,
24564,ODOO-PARTNER-24564,CELEBRITI BAKERY,success,1,2026-10-07T05:06:09.877592+00:00,
31655,ODOO-PARTNER-31655,CEMPAKA CAFE,success,1,2026-10-07T05:06:09.877592+00:00,
31657,ODOO-PARTNER-31657,CENTRAL FOOD VILLAGE,success,1,2026-10-07T05:06:09.877592+00:00,
31659,ODOO-PARTNER-31659,CHADOL GUJEOLPAN LIVINGWORLD,success,1,2026-10-07T05:06:09.877592+00:00,
31661,ODOO-PARTNER-31661,CHANDI,success,1,2026-10-07T05:06:09.877592+00:00,
31663,ODOO-PARTNER-31663,CHAPTER 2 RESTAURANT,success,1,2026-10-07T05:06:09.877592+00:00,
31665,ODOO-PARTNER-31665,CHAPUNG SEBALI,success,1,2026-10-07T05:06:09.877592+00:00,
39372,ODOO-PARTNER-39372,CHASKAA GWK,success,1,2026-10-07T05:06:09.877592+00:00,
39142,ODOO-PARTNER-39142,CHASKAA KUTA,success,1,2026-10-07T05:06:09.877592+00:00,
47553,ODOO-PARTNER-47553,CHASKAA NUSA DUA,success,1,2026-10-07T05:06:09.877592+00:00,
39141,ODOO-PARTNER-39141,CHASKAA SEMINYAK,success,1,2026-10-07T05:06:09.877592+00:00,
40252,ODOO-PARTNER-40252,CHASKAA UBUD,success,1,2026-10-07T05:06:09.877592+00:00,
31667,ODOO-PARTNER-31667,CHATWOOD,success,1,2026-10-07T05:06:09.877592+00:00,
31669,ODOO-PARTNER-31669,CHEF'S CRATE,success,1,2026-10-07T05:06:09.877592+00:00,
31671,ODOO-PARTNER-31671,CHELA CAFE,success,1,2026-10-07T05:06:09.877592+00:00,
31679,ODOO-PARTNER-31679,CHIRI,success,1,2026-10-07T05:06:09.877592+00:00,
44246,ODOO-PARTNER-44246,CHISA DE BOGA,success,1,2026-10-07T05:06:09.877592+00:00,
31681,ODOO-PARTNER-31681,CHOEGOGI KOREAN BBQ,success,1,2026-10-07T05:06:09.877592+00:00,
31683,ODOO-PARTNER-31683,CHOW CHOW,success,1,2026-10-07T05:06:09.877592+00:00,
31685,ODOO-PARTNER-31685,CHUPACABRAS & ARRIBA,success,1,2026-10-07T05:06:09.877592+00:00,
31687,ODOO-PARTNER-31687,CILANTRO UBUD,success,1,2026-10-07T05:06:09.877592+00:00,
31691,ODOO-PARTNER-31691,CINTA CAFE PERERENAN,success,1,2026-10-07T05:06:09.877592+00:00,
43284,ODOO-PARTNER-43284,CINTA MART BRESELE,success,1,2026-10-07T05:06:09.877592+00:00,
24568,ODOO-PARTNER-24568,CIPTA KARYA MART,success,1,2026-10-07T05:06:09.877592+00:00,
24570,ODOO-PARTNER-24570,CIRCLE K DC,success,1,2026-10-07T05:06:09.877592+00:00,
39560,ODOO-PARTNER-39560,CITRA MINIMARKET,success,1,2026-10-07T05:06:09.877592+00:00,
31695,ODOO-PARTNER-31695,CITRUS BERRY KITCHEN,success,1,2026-10-07T05:06:09.877592+00:00,
31697,ODOO-PARTNER-31697,CLIFFHANGER RESTAURANT BEACH BAR & GRILL,success,1,2026-10-07T05:06:09.877592+00:00,
31699,ODOO-PARTNER-31699,CLOUD NINE UBUD PUB AND CO,success,1,2026-10-07T05:06:09.877592+00:00,
24574,ODOO-PARTNER-24574,CLUB MED BALI,success,1,2026-10-07T05:06:09.877592+00:00,
31703,ODOO-PARTNER-31703,COCO BISTRO KUTA SQUARE (CV COCO BISTRO),success,1,2026-10-07T05:06:09.877592+00:00,
40272,ODOO-PARTNER-40272,COCO BISTRO MATAHARI TERBIT (PT RASA DEWATA JAYA),success,1,2026-10-07T05:06:09.877592+00:00,
31701,ODOO-PARTNER-31701,COCO BISTRO TANJUNG (CV COCO BISTRO),success,1,2026-10-07T05:06:09.877592+00:00,
46918,ODOO-PARTNER-46918,COCO MART BENESARI,success,1,2026-10-07T05:06:09.877592+00:00,
47182,ODOO-PARTNER-47182,COCO PARADISE,success,1,2026-10-07T05:06:09.877592+00:00,
31705,ODOO-PARTNER-31705,COCOMO CANGGU,success,1,2026-10-07T05:06:09.877592+00:00,
31707,ODOO-PARTNER-31707,COFFEE CARTEL,success,1,2026-10-07T05:06:09.877592+00:00,
31709,ODOO-PARTNER-31709,COFFEE CARTEL LEGIAN,success,1,2026-10-07T05:06:09.877592+00:00,
31711,ODOO-PARTNER-31711,COFFEE CORNER,success,1,2026-10-07T05:06:09.877592+00:00,
31713,ODOO-PARTNER-31713,COFFEE THERAPY,success,1,2026-10-07T05:06:09.877592+00:00,
31715,ODOO-PARTNER-31715,COFFEENOSKY,success,1,2026-10-07T05:06:09.877592+00:00,
31717,ODOO-PARTNER-31717,COFFEETERIE LEGIAN,success,1,2026-10-07T05:06:09.877592+00:00,
40135,ODOO-PARTNER-40135,CONRAD BALI,success,1,2026-10-07T05:06:09.877592+00:00,
47424,ODOO-PARTNER-47424,CORA RESTAURANT,success,1,2026-10-07T05:06:09.877592+00:00,
31719,ODOO-PARTNER-31719,CORK SANUR,success,1,2026-10-07T05:06:09.877592+00:00,
31721,ODOO-PARTNER-31721,CORNER HOUSE,success,1,2026-10-07T05:06:09.877592+00:00,
31727,ODOO-PARTNER-31727,COURTYARD MARRIOT NUSA DUA,success,1,2026-10-07T05:06:09.877592+00:00,
31729,ODOO-PARTNER-31729,COURTYARD SEMINYAK,success,1,2026-10-07T05:06:09.877592+00:00,
40223,ODOO-PARTNER-40223,CP LOUNGE,success,1,2026-10-07T05:06:09.877592+00:00,
31731,ODOO-PARTNER-31731,CRAFTED COFFEE HOUSE,success,1,2026-10-07T05:06:09.877592+00:00,
46640,ODOO-PARTNER-46640,CREATIVE FOOD PT,success,1,2026-10-07T05:06:09.877592+00:00,
31733,ODOO-PARTNER-31733,CREMA COFFEE,success,1,2026-10-07T05:06:09.877592+00:00,
39713,ODOO-PARTNER-39713,CROI BALI,success,1,2026-10-07T05:06:09.877592+00:00,
33348,ODOO-PARTNER-33348,CROSS PAASHA BALI SEMINYAK,success,1,2026-10-07T05:06:09.877592+00:00,
31735,ODOO-PARTNER-31735,CRUMB & COASTER,success,1,2026-10-07T05:06:09.877592+00:00,
31737,ODOO-PARTNER-31737,CUCA RESTAURANT,success,1,2026-10-07T05:06:09.877592+00:00,
31739,ODOO-PARTNER-31739,CUMULUS,success,1,2026-10-07T05:06:09.877592+00:00,
31745,ODOO-PARTNER-31745,D'JAYA DELAPAN,success,1,2026-10-07T05:06:09.877592+00:00,
31749,ODOO-PARTNER-31749,DA' HOUSETEL,success,1,2026-10-07T05:06:09.877592+00:00,
39162,ODOO-PARTNER-39162,DAENG BURGER TOYANING,success,1,2026-10-07T05:06:09.877592+00:00,
31757,ODOO-PARTNER-31757,DAENG UMALAS,success,1,2026-10-07T05:06:09.877592+00:00,
31761,ODOO-PARTNER-31761,DAILY BAGUETTE SANUR,success,1,2026-10-07T05:06:09.877592+00:00,
40228,ODOO-PARTNER-40228,DAILY ESPRESSO,success,1,2026-10-07T05:06:09.877592+00:00,
31763,ODOO-PARTNER-31763,DAILY FAT BURGER,success,1,2026-10-07T05:06:09.877592+00:00,
31767,ODOO-PARTNER-31767,DALUMAN VILLA,success,1,2026-10-07T05:06:09.877592+00:00,
39581,ODOO-PARTNER-39581,DANG COOKIES BERAWA,success,1,2026-10-07T05:06:09.877592+00:00,
40362,ODOO-PARTNER-40362,DAPUR RATNA,success,1,2026-10-07T05:06:09.877592+00:00,
24597,ODOO-PARTNER-24597,DAY MART PECATU,success,1,2026-10-07T05:06:09.877592+00:00,
47271,ODOO-PARTNER-47271,DC JV,success,1,2026-10-07T05:06:09.877592+00:00,
31775,ODOO-PARTNER-31775,DE BAKKER,success,1,2026-10-07T05:06:09.877592+00:00,
39764,ODOO-PARTNER-39764,DE MORELOS MEXICANA,success,1,2026-10-07T05:06:09.877592+00:00,
44079,ODOO-PARTNER-44079,DE SPOON (HOME STORY),success,1,2026-10-07T05:06:09.877592+00:00,
39137,ODOO-PARTNER-39137,DE VINS SKY HOTEL,success,1,2026-10-07T05:06:09.877592+00:00,
40304,ODOO-PARTNER-40304,DE WARUNG BALI,success,1,2026-10-07T05:06:09.877592+00:00,
31777,ODOO-PARTNER-31777,DELI BY KITA,success,1,2026-10-07T05:06:09.877592+00:00,
31779,ODOO-PARTNER-31779,DELI CAMPUR ASIA,success,1,2026-10-07T05:06:09.877592+00:00,
31781,ODOO-PARTNER-31781,DELI KITCHEN,success,1,2026-10-07T05:06:09.877592+00:00,
31783,ODOO-PARTNER-31783,DELI ULUWATU,success,1,2026-10-07T05:06:09.877592+00:00,
31785,ODOO-PARTNER-31785,DEN-O COFFEE,success,1,2026-10-07T05:06:09.877592+00:00,
31787,ODOO-PARTNER-31787,DESA HAY CANGGU,success,1,2026-10-07T05:06:09.877592+00:00,
31789,ODOO-PARTNER-31789,DESA KITSUNE,success,1,2026-10-07T05:06:09.877592+00:00,
31791,ODOO-PARTNER-31791,DESPACITO LOFT & LOUNGE,success,1,2026-10-07T05:06:09.877592+00:00,
31793,ODOO-PARTNER-31793,DEUS CAFE,success,1,2026-10-07T05:06:09.877592+00:00,
47353,ODOO-PARTNER-47353,DEVIRA GROSIR TOBAKU,success,1,2026-10-07T05:06:09.877592+00:00,
38531,ODOO-PARTNER-38531,DEWI TIRTA SEJAHTERA PT,success,1,2026-10-07T05:06:09.877592+00:00,
31799,ODOO-PARTNER-31799,DI-HATI COFFEE & EATERY,success,1,2026-10-07T05:06:09.877592+00:00,
39439,ODOO-PARTNER-39439,DIALOOG HOTEL SEMINYAK,success,1,2026-10-07T05:06:09.877592+00:00,
40469,ODOO-PARTNER-40469,DIJON CAFE,success,1,2026-10-07T05:06:09.877592+00:00,
31801,ODOO-PARTNER-31801,DIJON CAFE,success,1,2026-10-07T05:06:09.877592+00:00,
31803,ODOO-PARTNER-31803,DIP & DOZE BOUTIQUE HOSTEL,success,1,2026-10-07T05:06:09.877592+00:00,
31807,ODOO-PARTNER-31807,DISCOVERY KARTIKA PLAZA,success,1,2026-10-07T05:06:09.877592+00:00,
31811,ODOO-PARTNER-31811,DISTRICT 6 (OUTSIDE CORNER ULUWATU),success,1,2026-10-07T05:06:09.877592+00:00,
31817,ODOO-PARTNER-31817,DJOURNAL SEMINYAK,success,1,2026-10-07T05:06:09.877592+00:00,
39448,ODOO-PARTNER-39448,DOM BY DOPPIO,success,1,2026-10-07T05:06:09.877592+00:00,
31827,ODOO-PARTNER-31827,DONNA,success,1,2026-10-07T05:06:09.877592+00:00,
31829,ODOO-PARTNER-31829,DOPA JIMBARAN,success,1,2026-10-07T05:06:09.877592+00:00,
31831,ODOO-PARTNER-31831,DOPA RENON,success,1,2026-10-07T05:06:09.877592+00:00,
31833,ODOO-PARTNER-31833,DOPPIO CAFE CANGGU,success,1,2026-10-07T05:06:09.877592+00:00,
31835,ODOO-PARTNER-31835,DOPPIO CAFE SEMINYAK,success,1,2026-10-07T05:06:09.877592+00:00,
31837,ODOO-PARTNER-31837,DOT COFFEE,success,1,2026-10-07T05:06:09.877592+00:00,
40381,ODOO-PARTNER-40381,DRACO COFFEE & EATERY,success,1,2026-10-07T05:06:09.877592+00:00,
31453,ODOO-PARTNER-31453,DREAM OF AVENTUS HOTEL KUTA,success,1,2026-10-07T05:06:09.877592+00:00,
31841,ODOO-PARTNER-31841,DUA DARI UBUD,success,1,2026-10-07T05:06:09.877592+00:00,
40180,ODOO-PARTNER-40180,DUA KAFE,success,1,2026-10-07T05:06:09.877592+00:00,
31843,ODOO-PARTNER-31843,DUKUH PARADISE,success,1,2026-10-07T05:06:09.877592+00:00,
42835,ODOO-PARTNER-42835,DUNIA FROZEN,success,1,2026-10-07T05:06:09.877592+00:00,
31847,ODOO-PARTNER-31847,DWARAKA VILLAS,success,1,2026-10-07T05:06:09.877592+00:00,
31477,ODOO-PARTNER-31477,DYATMIKA CANTEEN,success,1,2026-10-07T05:06:09.877592+00:00,
31849,ODOO-PARTNER-31849,EARTH ISLAND SURF CENTRE,success,1,2026-10-07T05:06:09.877592+00:00,
39293,ODOO-PARTNER-39293,EASTIN ASTHA RESORT CANGGU,success,1,2026-10-07T05:06:09.877592+00:00,
31853,ODOO-PARTNER-31853,ECOSFERA HOTEL,success,1,2026-10-07T05:06:09.877592+00:00,
31855,ODOO-PARTNER-31855,EDGY CHEF & BARISTA,success,1,2026-10-07T05:06:09.877592+00:00,
31859,ODOO-PARTNER-31859,EGGSTRA BREAKFAST LAB,success,1,2026-10-07T05:06:09.877592+00:00,
39074,ODOO-PARTNER-39074,EIGHTEEN COFFEE BALI,success,1,2026-10-07T05:06:09.877592+00:00,
41414,ODOO-PARTNER-41414,EIGHTY ONE COFFEE BALI,success,1,2026-10-07T05:06:09.877592+00:00,
31861,ODOO-PARTNER-31861,EJJI CORNER BATUBULAN,success,1,2026-10-07T05:06:09.877592+00:00,
31863,ODOO-PARTNER-31863,EKO CAFE,success,1,2026-10-07T05:06:09.877592+00:00,
31865,ODOO-PARTNER-31865,EL MERKAT,success,1,2026-10-07T05:06:09.877592+00:00,
31867,ODOO-PARTNER-31867,ELE RESTAURANT,success,1,2026-10-07T05:06:09.877592+00:00,
31869,ODOO-PARTNER-31869,ELEMENT BY WESTIN BALI UBUD,success,1,2026-10-07T05:06:09.877592+00:00,
31871,ODOO-PARTNER-31871,ELEPHANT SAFARI PARK & LODGE,success,1,2026-10-07T05:06:09.877592+00:00,
24629,ODOO-PARTNER-24629,ELINS MART,success,1,2026-10-07T05:06:09.877592+00:00,
44809,ODOO-PARTNER-44809,ELITE SMASH BURGER,success,1,2026-10-07T05:06:09.877592+00:00,
40136,ODOO-PARTNER-40136,ELLITE MART DRUPADI,success,1,2026-10-07T05:06:09.877592+00:00,
24631,ODOO-PARTNER-24631,ELLITE SHOP,success,1,2026-10-07T05:06:09.877592+00:00,
43961,ODOO-PARTNER-43961,ELY'S KITCHEN BALI,success,1,2026-10-07T05:06:09.877592+00:00,
31513,ODOO-PARTNER-31513,ENDO ASIAN,success,1,2026-10-07T05:06:09.877592+00:00,
44606,ODOO-PARTNER-44606,ENTER 390,success,1,2026-10-07T05:06:09.877592+00:00,
31881,ODOO-PARTNER-31881,ENYA KITCHEN,success,1,2026-10-07T05:06:09.877592+00:00,
40348,ODOO-PARTNER-40348,ESKQBAR,success,1,2026-10-07T05:06:09.877592+00:00,
31885,ODOO-PARTNER-31885,ESPRESS,success,1,2026-10-07T05:06:09.877592+00:00,
24639,ODOO-PARTNER-24639,ETU COFFEE,success,1,2026-10-07T05:06:09.877592+00:00,
31891,ODOO-PARTNER-31891,EXPAT ROASTERS,success,1,2026-10-07T05:06:09.877592+00:00,
40502,ODOO-PARTNER-40502,FAIRFIELD BY MARRIOTT BALI KUTA NGURAH RAI,success,1,2026-10-07T05:06:09.877592+00:00,
31895,ODOO-PARTNER-31895,FAIRFIELD MARRIOTT LEGIAN,success,1,2026-10-07T05:06:09.877592+00:00,
31897,ODOO-PARTNER-31897,FAIRFIELD SUNSET ROAD,success,1,2026-10-07T05:06:09.877592+00:00,
39919,ODOO-PARTNER-39919,FAJAR MILLENIUM CV,success,1,2026-10-07T05:06:09.877592+00:00,
24649,ODOO-PARTNER-24649,FANTASY MART,success,1,2026-10-07T05:06:09.877592+00:00,
31899,ODOO-PARTNER-31899,FARINE BALI BAKERY CV,success,1,2026-10-07T05:06:09.877592+00:00,
42478,ODOO-PARTNER-42478,FAS A FAS BAKERY CAFE UBUD,success,1,2026-10-07T05:06:09.877592+00:00,
31901,ODOO-PARTNER-31901,FAT BOWL,success,1,2026-10-07T05:06:09.877592+00:00,
31903,ODOO-PARTNER-31903,FAT BUDDA LEGIAN,success,1,2026-10-07T05:06:09.877592+00:00,
24651,ODOO-PARTNER-24651,FAT CHOW,success,1,2026-10-07T05:06:09.877592+00:00,
31905,ODOO-PARTNER-31905,FAT TURTLE,success,1,2026-10-07T05:06:09.877592+00:00,
31907,ODOO-PARTNER-31907,FED BALI,success,1,2026-10-07T05:06:09.877592+00:00,
31909,ODOO-PARTNER-31909,FEEL FOOD CAFE,success,1,2026-10-07T05:06:09.877592+00:00,
31913,ODOO-PARTNER-31913,FINE BY SATUSATU,success,1,2026-10-07T05:06:09.877592+00:00,
24655,ODOO-PARTNER-24655,FINNS BEACH CANGGU,success,1,2026-10-07T05:06:09.877592+00:00,
31915,ODOO-PARTNER-31915,FIREFLY ECO LODGE,success,1,2026-10-07T05:06:09.877592+00:00,
39295,ODOO-PARTNER-39295,FLAPJACK PANTAI KUTA,success,1,2026-10-07T05:06:09.877592+00:00,
31917,ODOO-PARTNER-31917,FLAPJACKS KARTIKA PLAZA,success,1,2026-10-07T05:06:09.877592+00:00,
42935,ODOO-PARTNER-42935,FLEXA FROZEN,success,1,2026-10-07T05:06:09.877592+00:00,
45083,ODOO-PARTNER-45083,FLIRT ULUWATU,success,1,2026-10-07T05:06:09.877592+00:00,
24659,ODOO-PARTNER-24659,FLOWERBOY,success,1,2026-10-07T05:06:09.877592+00:00,
39286,ODOO-PARTNER-39286,FOLD,success,1,2026-10-07T05:06:09.877592+00:00,
31919,ODOO-PARTNER-31919,FOLD,success,1,2026-10-07T05:06:09.877592+00:00,
31925,ODOO-PARTNER-31925,FONTANA HOTEL,success,1,2026-10-07T05:06:09.877592+00:00,
31927,ODOO-PARTNER-31927,FOOD GALERIA,success,1,2026-10-07T05:06:09.877592+00:00,
24663,ODOO-PARTNER-24663,FOODIA,success,1,2026-10-07T05:06:09.877592+00:00,
24665,ODOO-PARTNER-24665,FOODIA MOYO,success,1,2026-10-07T05:06:09.877592+00:00,
39401,ODOO-PARTNER-39401,FORK BAKERY AND GRILL,success,1,2026-10-07T05:06:09.877592+00:00,
31933,ODOO-PARTNER-31933,FORK RESTO & BAR SEMINYAK,success,1,2026-10-07T05:06:09.877592+00:00,
39354,ODOO-PARTNER-39354,FORTYSENSE COFFEE & EATERY,success,1,2026-10-07T05:06:09.877592+00:00,
31935,ODOO-PARTNER-31935,FOUR POINT,success,1,2026-10-07T05:06:09.877592+00:00,
31939,ODOO-PARTNER-31939,FOUR POINT UNGASAN,success,1,2026-10-07T05:06:09.877592+00:00,
31941,ODOO-PARTNER-31941,FOUR SEASON,success,1,2026-10-07T05:06:09.877592+00:00,
31947,ODOO-PARTNER-31947,FRESCO CAFE,success,1,2026-10-07T05:06:09.877592+00:00,
39822,ODOO-PARTNER-39822,FU HOUSE,success,1,2026-10-07T05:06:09.877592+00:00,
39570,ODOO-PARTNER-39570,FURAMA XCLUSIVE OCEAN BEACH HOTEL,success,1,2026-10-07T05:06:09.877592+00:00,
31951,ODOO-PARTNER-31951,FUZION UBUD,success,1,2026-10-07T05:06:09.877592+00:00,
47621,ODOO-PARTNER-47621,G-CHEF,success,1,2026-10-07T05:06:09.877592+00:00,
31953,ODOO-PARTNER-31953,GABET'S PUB,success,1,2026-10-07T05:06:09.877592+00:00,
31955,ODOO-PARTNER-31955,GALA MORE,success,1,2026-10-07T05:06:09.877592+00:00,
31957,ODOO-PARTNER-31957,GALMAEGI,success,1,2026-10-07T05:06:09.877592+00:00,
43113,ODOO-PARTNER-43113,GARRY'S FROZEN FOOD,success,1,2026-10-07T05:06:09.877592+00:00,
31961,ODOO-PARTNER-31961,GARUDA ADHIMATRA INDONESIA PT,success,1,2026-10-07T05:06:09.877592+00:00,
47118,ODOO-PARTNER-47118,GASTON STEAK,success,1,2026-10-07T05:06:09.877592+00:00,
44061,ODOO-PARTNER-44061,GAYA GELATO LAB,success,1,2026-10-07T05:06:09.877592+00:00,
31963,ODOO-PARTNER-31963,GDAS BALI HEALTH AND WOLLNESS,success,1,2026-10-07T05:06:09.877592+00:00,
42826,ODOO-PARTNER-42826,GEDE FROZEN I,success,1,2026-10-07T05:06:09.877592+00:00,
42827,ODOO-PARTNER-42827,GEDE FROZEN II,success,1,2026-10-07T05:06:09.877592+00:00,
42828,ODOO-PARTNER-42828,GEDE FROZEN III,success,1,2026-10-07T05:06:09.877592+00:00,
31965,ODOO-PARTNER-31965,GIGI SUSU (CV OLD SALT),success,1,2026-10-07T05:06:09.877592+00:00,
31967,ODOO-PARTNER-31967,GIOI OCEAN GOURMET,success,1,2026-10-07T05:06:09.877592+00:00,
39974,ODOO-PARTNER-39974,GIRIHILL FARMHOUSE,success,1,2026-10-07T05:06:09.877592+00:00,
31969,ODOO-PARTNER-31969,GIRIHILL FARMHOUSE,success,1,2026-10-07T05:06:09.877592+00:00,
40307,ODOO-PARTNER-40307,GISELLE RESTAURANT,success,1,2026-10-07T05:06:09.877592+00:00,
44685,ODOO-PARTNER-44685,GODDES BAKERY,success,1,2026-10-07T05:06:09.877592+00:00,
31977,ODOO-PARTNER-31977,GOELA BAKERY & CAFE,success,1,2026-10-07T05:06:09.877592+00:00,
31979,ODOO-PARTNER-31979,GOLDEN RABIT BISTRO,success,1,2026-10-07T05:06:09.877592+00:00,
31981,ODOO-PARTNER-31981,GOLDEN TULIP JINENG,success,1,2026-10-07T05:06:09.877592+00:00,
31983,ODOO-PARTNER-31983,GOLDMINE DEPT,success,1,2026-10-07T05:06:09.877592+00:00,
31985,ODOO-PARTNER-31985,GOOD IN BREAD,success,1,2026-10-07T05:06:09.877592+00:00,
31987,ODOO-PARTNER-31987,GOOD SOIL CAFÉ,success,1,2026-10-07T05:06:09.877592+00:00,
47684,ODOO-PARTNER-47684,GOOD STUFF ECO STORE AMED,success,1,2026-10-07T05:06:09.877592+00:00,
31989,ODOO-PARTNER-31989,GOODANG KOPI,success,1,2026-10-07T05:06:09.877592+00:00,
39208,ODOO-PARTNER-39208,GOOSEBERRY RESTAURANT,success,1,2026-10-07T05:06:09.877592+00:00,
31991,ODOO-PARTNER-31991,GORO GORO,success,1,2026-10-07T05:06:09.877592+00:00,
24687,ODOO-PARTNER-24687,GOURMET GARAGE,success,1,2026-10-07T05:06:09.877592+00:00,
31995,ODOO-PARTNER-31995,GOYA BOUTIQUE RESORT,success,1,2026-10-07T05:06:09.877592+00:00,
39253,ODOO-PARTNER-39253,GRAHA BALI SAMUDRA PT (WHITE ROCK BEACH CLUB),success,1,2026-10-07T05:06:09.877592+00:00,
40305,ODOO-PARTNER-40305,GRAHA CANTI MART,success,1,2026-10-07T05:06:09.877592+00:00,
39378,ODOO-PARTNER-39378,GRAMS MARKET,success,1,2026-10-07T05:06:09.877592+00:00,
31999,ODOO-PARTNER-31999,GRANARY CAFE & WORKSPACE,success,1,2026-10-07T05:06:09.877592+00:00,
32001,ODOO-PARTNER-32001,GRAND HYATT,success,1,2026-10-07T05:06:09.877592+00:00,
32003,ODOO-PARTNER-32003,GRAND ISTANA RAMA,success,1,2026-10-07T05:06:09.877592+00:00,
43587,ODOO-PARTNER-43587,GRAND MEGA RESORT & SPA BALI,success,1,2026-10-07T05:06:09.877592+00:00,
32005,ODOO-PARTNER-32005,GRAND MERCURE BALI SEMINYAK,success,1,2026-10-07T05:06:09.877592+00:00,
44078,ODOO-PARTNER-44078,GRAND MIRAGE RESORT & THALASSO BALI,success,1,2026-10-07T05:06:09.877592+00:00,
32007,ODOO-PARTNER-32007,GRAND PALACE HOTEL,success,1,2026-10-07T05:06:09.877592+00:00,
32009,ODOO-PARTNER-32009,GRAND SOVEREIGN HOTEL,success,1,2026-10-07T05:06:09.877592+00:00,
44633,ODOO-PARTNER-44633,GRAND WHIZ HOTEL NUSA DUA,success,1,2026-10-07T05:06:09.877592+00:00,
32011,ODOO-PARTNER-32011,GRAND ZURI,success,1,2026-10-07T05:06:09.877592+00:00,
47696,ODOO-PARTNER-47696,GRAND ZURI BSD CITY,success,1,2026-10-07T05:06:09.877592+00:00,
40290,ODOO-PARTNER-40290,GRANDE GRANOLA,success,1,2026-10-07T05:06:09.877592+00:00,
32013,ODOO-PARTNER-32013,GRANDE GRANOLA,success,1,2026-10-07T05:06:09.877592+00:00,
24693,ODOO-PARTNER-24693,GREEN HABITS,success,1,2026-10-07T05:06:09.877592+00:00,
32017,ODOO-PARTNER-32017,GREENWOOD CAFE,success,1,2026-10-07T05:06:09.877592+00:00,
24695,ODOO-PARTNER-24695,GRON RESTO,success,1,2026-10-07T05:06:09.877592+00:00,
32019,ODOO-PARTNER-32019,GROUND ZERO KITCHEN,success,1,2026-10-07T05:06:09.877592+00:00,
32021,ODOO-PARTNER-32021,GRUN RESORT ULUWATU,success,1,2026-10-07T05:06:09.877592+00:00,
42841,ODOO-PARTNER-42841,GUDANG SOSIS,success,1,2026-10-07T05:06:09.877592+00:00,
39300,ODOO-PARTNER-39300,GUJARAT INDIAN RESTAURANT,success,1,2026-10-07T05:06:09.877592+00:00,
24703,ODOO-PARTNER-24703,HABITAT VILLAGE,success,1,2026-10-07T05:06:09.877592+00:00,
32031,ODOO-PARTNER-32031,HAKATA IKKOUSHA RAMEN,success,1,2026-10-07T05:06:09.877592+00:00,
32029,ODOO-PARTNER-32029,HAKATA IKKOUSHA RAMEN,success,1,2026-10-07T05:06:09.877592+00:00,
43208,ODOO-PARTNER-43208,HANAKA COFFEE CANGGU,success,1,2026-10-07T05:06:09.877592+00:00,
47265,ODOO-PARTNER-47265,HANAM BBQ UMALAS,success,1,2026-10-07T05:06:09.877592+00:00,
41199,ODOO-PARTNER-41199,HANGING GARDEN OF BALI,success,1,2026-10-07T05:06:09.877592+00:00,
32033,ODOO-PARTNER-32033,HANGSANG KOREAN BBQ & SUKI JIMBARAN,success,1,2026-10-07T05:06:09.877592+00:00,
39999,ODOO-PARTNER-39999,HARD ROCK CAFE BALI,success,1,2026-10-07T05:06:09.877592+00:00,
32035,ODOO-PARTNER-32035,HARD ROCK HOTEL,success,1,2026-10-07T05:06:09.877592+00:00,
32025,ODOO-PARTNER-32025,HARRIS TUBAN,success,1,2026-10-07T05:06:09.877592+00:00,
41087,ODOO-PARTNER-41087,HARUM MANIS,success,1,2026-10-07T05:06:09.877592+00:00,
32039,ODOO-PARTNER-32039,HE'ENALU CAFE,success,1,2026-10-07T05:06:09.877592+00:00,
40173,ODOO-PARTNER-40173,HEALTHY TRIBES,success,1,2026-10-07T05:06:09.877592+00:00,
32043,ODOO-PARTNER-32043,HELLO BREW AND BAKE,success,1,2026-10-07T05:06:09.877592+00:00,
32045,ODOO-PARTNER-32045,HELLO TEA,success,1,2026-10-07T05:06:09.877592+00:00,
32047,ODOO-PARTNER-32047,HELLOVEE X PIEZO,success,1,2026-10-07T05:06:09.877592+00:00,
39271,ODOO-PARTNER-39271,HEPPY MART BATANTA,success,1,2026-10-07T05:06:09.877592+00:00,
32049,ODOO-PARTNER-32049,HEYYO,success,1,2026-10-07T05:06:09.877592+00:00,
32053,ODOO-PARTNER-32053,HILTON BALI RESORT,success,1,2026-10-07T05:06:09.877592+00:00,
42156,ODOO-PARTNER-42156,HILTON GARDEN INN BALI NGURAH RAI AIRPORT,success,1,2026-10-07T05:06:09.877592+00:00,
40230,ODOO-PARTNER-40230,HILTON GARDEN INN NUSA DUA,success,1,2026-10-07T05:06:09.877592+00:00,
32055,ODOO-PARTNER-32055,HIPPIE FISH PERERENAN,success,1,2026-10-07T05:06:09.877592+00:00,
32059,ODOO-PARTNER-32059,HOLIDAY INN BALI SANUR,success,1,2026-10-07T05:06:09.877592+00:00,
32063,ODOO-PARTNER-32063,HOLIDAY INN EXPRESS BARUNA,success,1,2026-10-07T05:06:09.877592+00:00,
32061,ODOO-PARTNER-32061,HOLIDAY INN RESORT BALI NUSA DUA,success,1,2026-10-07T05:06:09.877592+00:00,
32065,ODOO-PARTNER-32065,HOLIDAY INN RESORT BARUNA,success,1,2026-10-07T05:06:09.877592+00:00,
40311,ODOO-PARTNER-40311,HOMEBREAKS  CAFE,success,1,2026-10-07T05:06:09.877592+00:00,
32067,ODOO-PARTNER-32067,HONEY MURENA,success,1,2026-10-07T05:06:09.877592+00:00,
32069,ODOO-PARTNER-32069,HONEY N SMOKE UBUD,success,1,2026-10-07T05:06:09.877592+00:00,
32073,ODOO-PARTNER-32073,HOOKAH IZZI BAR & SHISHA LOUNGE RESTAURAN,success,1,2026-10-07T05:06:09.877592+00:00,
39956,ODOO-PARTNER-39956,HOOKAH PLACE CANGGU,success,1,2026-10-07T05:06:09.877592+00:00,
32075,ODOO-PARTNER-32075,HOPPER COFFEE,success,1,2026-10-07T05:06:09.877592+00:00,
32079,ODOO-PARTNER-32079,HOTEL NIKKO BALI,success,1,2026-10-07T05:06:09.877592+00:00,
39367,ODOO-PARTNER-39367,HOUSE OF SABABY RESTAURANT,success,1,2026-10-07T05:06:09.877592+00:00,
32081,ODOO-PARTNER-32081,HOUSE OFF DUMPLINGS,success,1,2026-10-07T05:06:09.877592+00:00,
40475,ODOO-PARTNER-40475,HPM SIMPANG SIUR/BALI GALERIA,success,1,2026-10-07T05:06:09.877592+00:00,
32085,ODOO-PARTNER-32085,HUMA CAFE BY GOLDMINE,success,1,2026-10-07T05:06:09.877592+00:00,
43273,ODOO-PARTNER-43273,HUMANS CAFE ULUWATU,success,1,2026-10-07T05:06:09.877592+00:00,
32087,ODOO-PARTNER-32087,HUNGRY BIRD COFFEE ROASTER,success,1,2026-10-07T05:06:09.877592+00:00,
32089,ODOO-PARTNER-32089,HUNGRY HUNT,success,1,2026-10-07T05:06:09.877592+00:00,
32091,ODOO-PARTNER-32091,HUNGRY HUNT AND HOT DOG ULUWATU,success,1,2026-10-07T05:06:09.877592+00:00,
39780,ODOO-PARTNER-39780,HUNGRY HUNT UBUD,success,1,2026-10-07T05:06:09.877592+00:00,
32093,ODOO-PARTNER-32093,HUT CAFE,success,1,2026-10-07T05:06:09.877592+00:00,
32095,ODOO-PARTNER-32095,HYATT REGENCY,success,1,2026-10-07T05:06:09.877592+00:00,
32097,ODOO-PARTNER-32097,HYGGE JIMBARAN,success,1,2026-10-07T05:06:09.877592+00:00,
32099,ODOO-PARTNER-32099,HYGGE SOCIAL CAFE & SHISHA,success,1,2026-10-07T05:06:09.877592+00:00,
32101,ODOO-PARTNER-32101,I AM VEGAN BABE CAFE,success,1,2026-10-07T05:06:09.877592+00:00,
24736,ODOO-PARTNER-24736,I-THON MART,success,1,2026-10-07T05:06:09.877592+00:00,
42748,ODOO-PARTNER-42748,IAN FRESH MART,success,1,2026-10-07T05:06:09.877592+00:00,
42746,ODOO-PARTNER-42746,IAN FROZEN,success,1,2026-10-07T05:06:09.877592+00:00,
24715,ODOO-PARTNER-24715,IAN MART,success,1,2026-10-07T05:06:09.877592+00:00,
32103,ODOO-PARTNER-32103,IAS HOSPITALITY INDONESIA PT,success,1,2026-10-07T05:06:09.877592+00:00,
39833,ODOO-PARTNER-39833,ICE CREAM UNIVERSE JIMBARAN,success,1,2026-10-07T05:06:09.877592+00:00,
32109,ODOO-PARTNER-32109,ICE LAB FINEST GELATO,success,1,2026-10-07T05:06:09.877592+00:00,
47741,ODOO-PARTNER-47741,IKAFE,success,1,2026-10-07T05:06:09.877592+00:00,
32113,ODOO-PARTNER-32113,IMADJI KEDONGANAN,success,1,2026-10-07T05:06:09.877592+00:00,
32115,ODOO-PARTNER-32115,IMADJI KERANJANG,success,1,2026-10-07T05:06:09.877592+00:00,
32117,ODOO-PARTNER-32117,IMADOKI RESTAURANT,success,1,2026-10-07T05:06:09.877592+00:00,
43455,ODOO-PARTNER-43455,INDAH BAHAN KUE/ INDAH FROZEN,success,1,2026-10-07T05:06:09.877592+00:00,
39170,ODOO-PARTNER-39170,INDIAN DOWNTOWN RESTO BAR,success,1,2026-10-07T05:06:09.877592+00:00,
32121,ODOO-PARTNER-32121,INDIGO HOTEL (PT BALI PERKASA SUKSES),success,1,2026-10-07T05:06:09.877592+00:00,
32123,ODOO-PARTNER-32123,INDIMETE,success,1,2026-10-07T05:06:09.877592+00:00,
40127,ODOO-PARTNER-40127,INDO BALI MART,success,1,2026-10-07T05:06:09.877592+00:00,
42843,ODOO-PARTNER-42843,INDO SOSIS KERTAPURA,success,1,2026-10-07T05:06:09.877592+00:00,
24729,ODOO-PARTNER-24729,INDOJAYA,success,1,2026-10-07T05:06:09.877592+00:00,
32133,ODOO-PARTNER-32133,INDUS RESTAURANT,success,1,2026-10-07T05:06:09.877592+00:00,
32135,ODOO-PARTNER-32135,INFINITY COFFEE,success,1,2026-10-07T05:06:09.877592+00:00,
42936,ODOO-PARTNER-42936,INFINITY8 BALI HOTEL,success,1,2026-10-07T05:06:09.877592+00:00,
47637,ODOO-PARTNER-47637,INGKA KEDAMPANG,success,1,2026-10-07T05:06:09.877592+00:00,
32137,ODOO-PARTNER-32137,INGKA MERTANADI,success,1,2026-10-07T05:06:09.877592+00:00,
32141,ODOO-PARTNER-32141,INTERCONTINENTAL BALI RESORT,success,1,2026-10-07T05:06:09.877592+00:00,
32143,ODOO-PARTNER-32143,INTERCONTINENTAL BALI SANUR,success,1,2026-10-07T05:06:09.877592+00:00,
41296,ODOO-PARTNER-41296,INTI DUFREE PROMOSINDO PT,success,1,2026-10-07T05:06:09.877592+00:00,
24733,ODOO-PARTNER-24733,ISLAND FOOD,success,1,2026-10-07T05:06:09.877592+00:00,
39084,ODOO-PARTNER-39084,ISLAND SPORT CLUB CEMAGI,success,1,2026-10-07T05:06:09.877592+00:00,
24741,ODOO-PARTNER-24741,IWAKA DALUNG,success,1,2026-10-07T05:06:09.877592+00:00,
32151,ODOO-PARTNER-32151,J4 HOTEL,success,1,2026-10-07T05:06:09.877592+00:00,
32153,ODOO-PARTNER-32153,JA'AN RESTAURANT BALI,success,1,2026-10-07T05:06:09.877592+00:00,
32157,ODOO-PARTNER-32157,JADE BY TODD ENGLISH,success,1,2026-10-07T05:06:09.877592+00:00,
32159,ODOO-PARTNER-32159,JADE EATERY AND SIPS,success,1,2026-10-07T05:06:09.877592+00:00,
39331,ODOO-PARTNER-39331,JALISOL CANGGU,success,1,2026-10-07T05:06:09.877592+00:00,
32161,ODOO-PARTNER-32161,JAMBULUWUK OCEANO SEMINYAK HOTEL,success,1,2026-10-07T05:06:09.877592+00:00,
32163,ODOO-PARTNER-32163,JAMIES HARD ROCK,success,1,2026-10-07T05:06:09.877592+00:00,
39087,ODOO-PARTNER-39087,JBS SNACK & BAKERY,success,1,2026-10-07T05:06:09.877592+00:00,
32167,ODOO-PARTNER-32167,JD62 CAFE & RESTO,success,1,2026-10-07T05:06:09.877592+00:00,
31893,ODOO-PARTNER-31893,JENGGALA ANUGERAH SEGARA PT,success,1,2026-10-07T05:06:09.877592+00:00,
32171,ODOO-PARTNER-32171,JEPUN SANUR,success,1,2026-10-07T05:06:09.877592+00:00,
24753,ODOO-PARTNER-24753,JESPER MART,success,1,2026-10-07T05:06:09.877592+00:00,
43917,ODOO-PARTNER-43917,JHOII LOCAL EAT,success,1,2026-10-07T05:06:09.877592+00:00,
32175,ODOO-PARTNER-32175,JIMBARAN BAY BEACH RESORT AND SPA,success,1,2026-10-07T05:06:09.877592+00:00,
32177,ODOO-PARTNER-32177,JIVA PRIMA ORGANIK PT,success,1,2026-10-07T05:06:09.877592+00:00,
32179,ODOO-PARTNER-32179,JIWAN COFFEE AND THINGS BALI,success,1,2026-10-07T05:06:09.877592+00:00,
32181,ODOO-PARTNER-32181,JOHNNY ROCKET AIRPORT,success,1,2026-10-07T05:06:09.877592+00:00,
32183,ODOO-PARTNER-32183,JOHNNY ROCKET ICON MALL,success,1,2026-10-07T05:06:09.877592+00:00,
32185,ODOO-PARTNER-32185,JOHNNY ROCKETS BW,success,1,2026-10-07T05:06:09.877592+00:00,
32187,ODOO-PARTNER-32187,JOHNNY ROCKETS SEMINYAK,success,1,2026-10-07T05:06:09.877592+00:00,
32189,ODOO-PARTNER-32189,JOON CANGGU,success,1,2026-10-07T05:06:09.877592+00:00,
32191,ODOO-PARTNER-32191,JOSEPH ON THE BEACH,success,1,2026-10-07T05:06:09.877592+00:00,
32195,ODOO-PARTNER-32195,JOYCE BAR,success,1,2026-10-07T05:06:09.877592+00:00,
32199,ODOO-PARTNER-32199,JUMEIRAH HOTEL,success,1,2026-10-07T05:06:09.877592+00:00,
32201,ODOO-PARTNER-32201,JUMPING STONE CAFE,success,1,2026-10-07T05:06:09.877592+00:00,
32203,ODOO-PARTNER-32203,JUNGLE TREE CAFE & BAR,success,1,2026-10-07T05:06:09.877592+00:00,
24755,ODOO-PARTNER-24755,JUWITA SUPERMARKET,success,1,2026-10-07T05:06:09.877592+00:00,
32205,ODOO-PARTNER-32205,K CLUB UBUD,success,1,2026-10-07T05:06:09.877592+00:00,
32207,ODOO-PARTNER-32207,KA FEI TIEN,success,1,2026-10-07T05:06:09.877592+00:00,
39171,ODOO-PARTNER-39171,KABA KABA SOCIAL,success,1,2026-10-07T05:06:09.877592+00:00,
32211,ODOO-PARTNER-32211,KADOYA UDON,success,1,2026-10-07T05:06:09.877592+00:00,
32215,ODOO-PARTNER-32215,KAI CAFE & BAR,success,1,2026-10-07T05:06:09.877592+00:00,
43190,ODOO-PARTNER-43190,KAIZEN RENON,success,1,2026-10-07T05:06:09.877592+00:00,
32217,ODOO-PARTNER-32217,KAIZEN RESTO,success,1,2026-10-07T05:06:09.877592+00:00,
32219,ODOO-PARTNER-32219,KAJAN EATERY,success,1,2026-10-07T05:06:09.877592+00:00,
39325,ODOO-PARTNER-39325,KALA ULUWATU,success,1,2026-10-07T05:06:09.877592+00:00,
32221,ODOO-PARTNER-32221,KALOS BALI,success,1,2026-10-07T05:06:09.877592+00:00,
32223,ODOO-PARTNER-32223,KALUMA SANUR,success,1,2026-10-07T05:06:09.877592+00:00,
39451,ODOO-PARTNER-39451,KANARY JIMBARAN,success,1,2026-10-07T05:06:09.877592+00:00,
32225,ODOO-PARTNER-32225,KANARY JIMBARAN,success,1,2026-10-07T05:06:09.877592+00:00,
32227,ODOO-PARTNER-32227,KANDARA GARDEN,success,1,2026-10-07T05:06:09.877592+00:00,
32229,ODOO-PARTNER-32229,KANGEN GELATO,success,1,2026-10-07T05:06:09.877592+00:00,
32231,ODOO-PARTNER-32231,KANOA BEACH BAR,success,1,2026-10-07T05:06:09.877592+00:00,
24757,ODOO-PARTNER-24757,KANTIN AMERTHA,success,1,2026-10-07T05:06:09.877592+00:00,
32233,ODOO-PARTNER-32233,KANVAZ RESORT SEMINYAK,success,1,2026-10-07T05:06:09.877592+00:00,
32235,ODOO-PARTNER-32235,KARMA KANDARA,success,1,2026-10-07T05:06:09.877592+00:00,
39273,ODOO-PARTNER-39273,KARMAPHALA,success,1,2026-10-07T05:06:09.877592+00:00,
24768,ODOO-PARTNER-24768,KARYA SARI SWALAYAN SESETAN,success,1,2026-10-07T05:06:09.877592+00:00,
24769,ODOO-PARTNER-24769,KARYA SARI SWALAYAN TABANAN,success,1,2026-10-07T05:06:09.877592+00:00,
32237,ODOO-PARTNER-32237,KASAVA RESTO & BAR SEMINYAK,success,1,2026-10-07T05:06:09.877592+00:00,
32239,ODOO-PARTNER-32239,KASTO BALI RESTAURANT,success,1,2026-10-07T05:06:09.877592+00:00,
32241,ODOO-PARTNER-32241,KAT'S KITCHEN PECATU,success,1,2026-10-07T05:06:09.877592+00:00,
24771,ODOO-PARTNER-24771,KAVANA ORGANIC BABY SHOP,success,1,2026-10-07T05:06:09.877592+00:00,
32243,ODOO-PARTNER-32243,KAYU LEMBONGAN,success,1,2026-10-07T05:06:09.877592+00:00,
32245,ODOO-PARTNER-32245,KAYU MANIS NUSA DUA,success,1,2026-10-07T05:06:09.877592+00:00,
32247,ODOO-PARTNER-32247,KAYU MAS RESORT,success,1,2026-10-07T05:06:09.877592+00:00,
39728,ODOO-PARTNER-39728,KEEN CAFE,success,1,2026-10-07T05:06:09.877592+00:00,
40856,ODOO-PARTNER-40856,KEKON JELEK BALI BAGUS,success,1,2026-10-07T05:06:09.877592+00:00,
41716,ODOO-PARTNER-41716,KEKON TEMAN JOGER,success,1,2026-10-07T05:06:09.877592+00:00,
32261,ODOO-PARTNER-32261,KEPITING SUKRO,success,1,2026-10-07T05:06:09.877592+00:00,
32263,ODOO-PARTNER-32263,KEPITING SUKRO IMAM BONJOL,success,1,2026-10-07T05:06:09.877592+00:00,
32265,ODOO-PARTNER-32265,KERAMAS AERO PARK,success,1,2026-10-07T05:06:09.877592+00:00,
24775,ODOO-PARTNER-24775,KERTA MART,success,1,2026-10-07T05:06:09.877592+00:00,
40459,ODOO-PARTNER-40459,KETAN SUSU COEG,success,1,2026-10-07T05:06:09.877592+00:00,
32267,ODOO-PARTNER-32267,KHAO BALI,success,1,2026-10-07T05:06:09.877592+00:00,
32895,ODOO-PARTNER-32895,KHARISMA ANUGRAH JAWARA ABADI PT (SAVAYA ULUWATU),success,1,2026-10-07T05:06:09.877592+00:00,
47211,ODOO-PARTNER-47211,MANUZA,success,1,2026-10-07T05:06:09.877592+00:00,
47210,ODOO-PARTNER-47210,ZUMANA,success,1,2026-10-07T05:06:09.877592+00:00,
32269,ODOO-PARTNER-32269,KHARISTA VILLAS & RETREAT,success,1,2026-10-07T05:06:09.877592+00:00,
32271,ODOO-PARTNER-32271,KIDZ CAFE SANUR,success,1,2026-10-07T05:06:09.877592+00:00,
32273,ODOO-PARTNER-32273,KILO BALI PERERENAN,success,1,2026-10-07T05:06:09.877592+00:00,
24780,ODOO-PARTNER-24780,KIMUKATSU ICON MALL,success,1,2026-10-07T05:06:09.877592+00:00,
24781,ODOO-PARTNER-24781,KIMUKATSU LIVING WORLD BALI,success,1,2026-10-07T05:06:09.877592+00:00,
24782,ODOO-PARTNER-24782,KIMUKATSU TRANS STUDIO MALL,success,1,2026-10-07T05:06:09.877592+00:00,
32277,ODOO-PARTNER-32277,KINOA CANGGU,success,1,2026-10-07T05:06:09.877592+00:00,
32279,ODOO-PARTNER-32279,KIOA CAFE,success,1,2026-10-07T05:06:09.877592+00:00,
32281,ODOO-PARTNER-32281,KITCHENNITS,success,1,2026-10-07T05:06:09.877592+00:00,
32283,ODOO-PARTNER-32283,KIZUNA TEPPANYAKI,success,1,2026-10-07T05:06:09.877592+00:00,
39811,ODOO-PARTNER-39811,KLAPA RESORT HOTEL,success,1,2026-10-07T05:06:09.877592+00:00,
39342,ODOO-PARTNER-39342,KLIVE BEACH CLUB,success,1,2026-10-07T05:06:09.877592+00:00,
24790,ODOO-PARTNER-24790,KOA D'SURFER HOTEL,success,1,2026-10-07T05:06:09.877592+00:00,
24792,ODOO-PARTNER-24792,KOKA KITCHEN & BAR,success,1,2026-10-07T05:06:09.877592+00:00,
32285,ODOO-PARTNER-32285,KOKI RESTAURANT NUSA DUA,success,1,2026-10-07T05:06:09.877592+00:00,
43020,ODOO-PARTNER-43020,KOKOHEN FROZEN FOOD KARTINI,success,1,2026-10-07T05:06:09.877592+00:00,
32287,ODOO-PARTNER-32287,KOMEDA'S COFFEE,success,1,2026-10-07T05:06:09.877592+00:00,
40414,ODOO-PARTNER-40414,KOMEDA'S COFFEE SESETAN,success,1,2026-10-07T05:06:09.877592+00:00,
32289,ODOO-PARTNER-32289,KONG RESTO,success,1,2026-10-07T05:06:09.877592+00:00,
32291,ODOO-PARTNER-32291,KOOD,success,1,2026-10-07T05:06:09.877592+00:00,
32293,ODOO-PARTNER-32293,KOPI DARI HATI DALUNG,success,1,2026-10-07T05:06:09.877592+00:00,
32297,ODOO-PARTNER-32297,KOREA TOWN,success,1,2026-10-07T05:06:09.877592+00:00,
24800,ODOO-PARTNER-24800,KORI UD,success,1,2026-10-07T05:06:09.877592+00:00,
31379,ODOO-PARTNER-31379,KREASI BALI PRIMA PT,success,1,2026-10-07T05:06:09.877592+00:00,
32299,ODOO-PARTNER-32299,KRISHNA'S KITCHEN,success,1,2026-10-07T05:06:09.877592+00:00,
24802,ODOO-PARTNER-24802,KSU MITRA SEJAHTERA,success,1,2026-10-07T05:06:09.877592+00:00,
40342,ODOO-PARTNER-40342,KU DE TA,success,1,2026-10-07T05:06:09.877592+00:00,
32303,ODOO-PARTNER-32303,KUMALA PANTAI HOTEL,success,1,2026-10-07T05:06:09.877592+00:00,
32305,ODOO-PARTNER-32305,KUMPUL - KUMPUL VILLA,success,1,2026-10-07T05:06:09.877592+00:00,
40373,ODOO-PARTNER-40373,KURASU BALI PERERENAN,success,1,2026-10-07T05:06:09.877592+00:00,
40372,ODOO-PARTNER-40372,KURASU BALI UBUD,success,1,2026-10-07T05:06:09.877592+00:00,
39388,ODOO-PARTNER-39388,KUTA BEACH CLUB HOTEL,success,1,2026-10-07T05:06:09.877592+00:00,
32309,ODOO-PARTNER-32309,KUTA MAJESTY HOTEL,success,1,2026-10-07T05:06:09.877592+00:00,
39703,ODOO-PARTNER-39703,KUTA PARADISO,success,1,2026-10-07T05:06:09.877592+00:00,
24808,ODOO-PARTNER-24808,KWANJI SARI GROSIR,success,1,2026-10-07T05:06:09.877592+00:00,
32311,ODOO-PARTNER-32311,KYND COMMUNITY,success,1,2026-10-07T05:06:09.877592+00:00,
39565,ODOO-PARTNER-39565,GUDANG KYND,success,1,2026-10-07T05:06:09.877592+00:00,
32313,ODOO-PARTNER-32313,KYOKA JAPANESE KITCHEN,success,1,2026-10-07T05:06:09.877592+00:00,
44197,ODOO-PARTNER-44197,KYU8 BAKMIE BY THE POOL,success,1,2026-10-07T05:06:09.877592+00:00,
40118,ODOO-PARTNER-40118,LA BARACCA,success,1,2026-10-07T05:06:09.877592+00:00,
32317,ODOO-PARTNER-32317,LA CANTINE,success,1,2026-10-07T05:06:09.877592+00:00,
39118,ODOO-PARTNER-39118,LA COPPEE,success,1,2026-10-07T05:06:09.877592+00:00,
39559,ODOO-PARTNER-39559,LA NAYA CAFE BALI,success,1,2026-10-07T05:06:09.877592+00:00,
24810,ODOO-PARTNER-24810,LA PAN NAM WARUNG & BAR,success,1,2026-10-07T05:06:09.877592+00:00,
32323,ODOO-PARTNER-32323,LA SANTANERA RESTO,success,1,2026-10-07T05:06:09.877592+00:00,
32325,ODOO-PARTNER-32325,LA TERRAZZA,success,1,2026-10-07T05:06:09.877592+00:00,
39352,ODOO-PARTNER-39352,LAGAS RESTAURANT,success,1,2026-10-07T05:06:09.877592+00:00,
32327,ODOO-PARTNER-32327,LAGUNA THE LUXURY COLLECTION HOTEL,success,1,2026-10-07T05:06:09.877592+00:00,
32329,ODOO-PARTNER-32329,LAMOIST BALI,success,1,2026-10-07T05:06:09.877592+00:00,
31997,ODOO-PARTNER-31997,LANEWAY BY GRAIN BALI,success,1,2026-10-07T05:06:09.877592+00:00,
32321,ODOO-PARTNER-32321,LAPLANCHA BALI SEJAHTERA PT - LA PLANCHA,success,1,2026-10-07T05:06:09.877592+00:00,
32333,ODOO-PARTNER-32333,LAROSA CAFE,success,1,2026-10-07T05:06:09.877592+00:00,
32335,ODOO-PARTNER-32335,LE BAJO PERERENAN,success,1,2026-10-07T05:06:09.877592+00:00,
32337,ODOO-PARTNER-32337,LE CROISSANT,success,1,2026-10-07T05:06:09.877592+00:00,
32339,ODOO-PARTNER-32339,LE MERIDIEN BALI JIMBARAN,success,1,2026-10-07T05:06:09.877592+00:00,
32341,ODOO-PARTNER-32341,LE PETIT CHEF,success,1,2026-10-07T05:06:09.877592+00:00,
33252,ODOO-PARTNER-33252,LE SANDO,success,1,2026-10-07T05:06:09.877592+00:00,
32343,ODOO-PARTNER-32343,LEGEND BISTRO BAR & SPORT,success,1,2026-10-07T05:06:09.877592+00:00,
31993,ODOO-PARTNER-31993,LEGIAN BEACH HOTEL,success,1,2026-10-07T05:06:09.877592+00:00,
32345,ODOO-PARTNER-32345,LEMANJA,success,1,2026-10-07T05:06:09.877592+00:00,
32347,ODOO-PARTNER-32347,LEMBONGAN DREAM,success,1,2026-10-07T05:06:09.877592+00:00,
32349,ODOO-PARTNER-32349,LEMONGRASS,success,1,2026-10-07T05:06:09.877592+00:00,
24818,ODOO-PARTNER-24818,LENON MART,success,1,2026-10-07T05:06:09.877592+00:00,
32351,ODOO-PARTNER-32351,LEURA,success,1,2026-10-07T05:06:09.877592+00:00,
32353,ODOO-PARTNER-32353,LEVEL UP - BOARD GAME CAFE,success,1,2026-10-07T05:06:09.877592+00:00,
32355,ODOO-PARTNER-32355,LIFE TURKISH KEBAB,success,1,2026-10-07T05:06:09.877592+00:00,
24822,ODOO-PARTNER-24822,LIKA MARGA UD,success,1,2026-10-07T05:06:09.877592+00:00,
32363,ODOO-PARTNER-32363,LIMA BAY,success,1,2026-10-07T05:06:09.877592+00:00,
47721,ODOO-PARTNER-47721,LIMA PADEL CLUB,success,1,2026-10-07T05:06:09.877592+00:00,
32367,ODOO-PARTNER-32367,LING LING'S PETITENGET,success,1,2026-10-07T05:06:09.877592+00:00,
46929,ODOO-PARTNER-46929,TAKUMI,success,1,2026-10-07T05:06:09.877592+00:00,
39463,ODOO-PARTNER-39463,LINGGAR SPACE,success,1,2026-10-07T05:06:09.877592+00:00,
40375,ODOO-PARTNER-40375,LIQUOCEAN BAR & KITCHEN NUSA DUA,success,1,2026-10-07T05:06:09.877592+00:00,
24826,ODOO-PARTNER-24826,LITLLE SPOON CAFE,success,1,2026-10-07T05:06:09.877592+00:00,
32369,ODOO-PARTNER-32369,LITTLE FRENCHIE PERERENAN,success,1,2026-10-07T05:06:09.877592+00:00,
32371,ODOO-PARTNER-32371,LITTLE HOME CAFE,success,1,2026-10-07T05:06:09.877592+00:00,
32373,ODOO-PARTNER-32373,LITTLE RIPPER BALI,success,1,2026-10-07T05:06:09.877592+00:00,
32375,ODOO-PARTNER-32375,LIVING STONE,success,1,2026-10-07T05:06:09.877592+00:00,
32379,ODOO-PARTNER-32379,LOADING BOARD GAME CAFE,success,1,2026-10-07T05:06:09.877592+00:00,
32381,ODOO-PARTNER-32381,LOCAL COFFEE,success,1,2026-10-07T05:06:09.877592+00:00,
32385,ODOO-PARTNER-32385,LOCCA SEA HOUSE,success,1,2026-10-07T05:06:09.877592+00:00,
32387,ODOO-PARTNER-32387,LOFI LOUNGE AND CAFE,success,1,2026-10-07T05:06:09.877592+00:00,
32389,ODOO-PARTNER-32389,LOII COFFEE & EATERY,success,1,2026-10-07T05:06:09.877592+00:00,
32393,ODOO-PARTNER-32393,LOLA CANTINA MEEXICANA,success,1,2026-10-07T05:06:09.877592+00:00,
32395,ODOO-PARTNER-32395,LOLA'S ULUWATU,success,1,2026-10-07T05:06:09.877592+00:00,
40108,ODOO-PARTNER-40108,LOLITAS CANTINA MEXICANA,success,1,2026-10-07T05:06:09.877592+00:00,
47514,ODOO-PARTNER-47514,LOULAN,success,1,2026-10-07T05:06:09.877592+00:00,
43872,ODOO-PARTNER-43872,LOVE BUMI BALI,success,1,2026-10-07T05:06:09.877592+00:00,
32397,ODOO-PARTNER-32397,LUJU'S ORGANIC & HEALTHY GROCER,success,1,2026-10-07T05:06:09.877592+00:00,
32399,ODOO-PARTNER-32399,LULU BISTROT,success,1,2026-10-07T05:06:09.877592+00:00,
39115,ODOO-PARTNER-39115,LUNA BEACH CLUB,success,1,2026-10-07T05:06:09.877592+00:00,
32401,ODOO-PARTNER-32401,LUNGA EATERY & COFFEE,success,1,2026-10-07T05:06:09.877592+00:00,
32403,ODOO-PARTNER-32403,LUSA BY SUKA,success,1,2026-10-07T05:06:09.877592+00:00,
32405,ODOO-PARTNER-32405,LUSH KITCHEN,success,1,2026-10-07T05:06:09.877592+00:00,
32407,ODOO-PARTNER-32407,LUSIANA'S KITCHEN,success,1,2026-10-07T05:06:09.877592+00:00,
32409,ODOO-PARTNER-32409,LV8,success,1,2026-10-07T05:06:09.877592+00:00,
39299,ODOO-PARTNER-39299,MACA VILLAS AND SPA BALI,success,1,2026-10-07T05:06:09.877592+00:00,
39814,ODOO-PARTNER-39814,MAD FOR COFFEE,success,1,2026-10-07T05:06:09.877592+00:00,
32411,ODOO-PARTNER-32411,MADE BALI ROTI PT,success,1,2026-10-07T05:06:09.877592+00:00,
32413,ODOO-PARTNER-32413,MAHARAJA VILLAS,success,1,2026-10-07T05:06:09.877592+00:00,
42840,ODOO-PARTNER-42840,MAHKOTA FROZEN,success,1,2026-10-07T05:06:09.877592+00:00,
39817,ODOO-PARTNER-39817,MAI MAI INDO TRADING,success,1,2026-10-07T05:06:09.877592+00:00,
32781,ODOO-PARTNER-32781,MAI RAMEN,success,1,2026-10-07T05:06:09.877592+00:00,
47140,ODOO-PARTNER-47140,MAIN WAREHOUSE SURABAYA,success,1,2026-10-07T05:06:09.877592+00:00,
39088,ODOO-PARTNER-39088,MAISON PIERRE,success,1,2026-10-07T05:06:09.877592+00:00,
24842,ODOO-PARTNER-24842,MAKOE BALI,success,1,2026-10-07T05:06:09.877592+00:00,
32421,ODOO-PARTNER-32421,MAMADA'S,success,1,2026-10-07T05:06:09.877592+00:00,
32423,ODOO-PARTNER-32423,MAMAKA HOTEL,success,1,2026-10-07T05:06:09.877592+00:00,
32425,ODOO-PARTNER-32425,MAMASAN RESTAURANT,success,1,2026-10-07T05:06:09.877592+00:00,
32433,ODOO-PARTNER-32433,MANARAI BEACH HOUSE,success,1,2026-10-07T05:06:09.877592+00:00,
24850,ODOO-PARTNER-24850,MANI MART,success,1,2026-10-07T05:06:09.877592+00:00,
32441,ODOO-PARTNER-32441,MANO SEASIDE,success,1,2026-10-07T05:06:09.877592+00:00,
38500,ODOO-PARTNER-38500,MARCO CREATIVE FOOD PT,success,1,2026-10-07T05:06:09.877592+00:00,
40405,ODOO-PARTNER-40405,MARI BAKE,success,1,2026-10-07T05:06:09.877592+00:00,
32443,ODOO-PARTNER-32443,MARI BEACH CLUB,success,1,2026-10-07T05:06:09.877592+00:00,
39819,ODOO-PARTNER-39819,MASARI MART,success,1,2026-10-07T05:06:09.877592+00:00,
32445,ODOO-PARTNER-32445,MASMARA RESORT,success,1,2026-10-07T05:06:09.877592+00:00,
32447,ODOO-PARTNER-32447,MASON,success,1,2026-10-07T05:06:09.877592+00:00,
32449,ODOO-PARTNER-32449,MASON ULUWATU,success,1,2026-10-07T05:06:09.877592+00:00,
32451,ODOO-PARTNER-32451,MATCHA CAFE,success,1,2026-10-07T05:06:09.877592+00:00,
47829,ODOO-PARTNER-47829,MAURI RESTAURANT (APULIA FOOD BALI PT),success,1,2026-10-07T05:06:09.877592+00:00,
46781,ODOO-PARTNER-46781,MAVAMMY SWEET SHOP,success,1,2026-10-07T05:06:09.877592+00:00,
32453,ODOO-PARTNER-32453,MAYA SANUR,success,1,2026-10-07T05:06:09.877592+00:00,
32455,ODOO-PARTNER-32455,MAYA UBUD,success,1,2026-10-07T05:06:09.877592+00:00,
24856,ODOO-PARTNER-24856,MEGA MART SEMINYAK,success,1,2026-10-07T05:06:09.877592+00:00,
39805,ODOO-PARTNER-39805,MEI MEI RESTAURANT,success,1,2026-10-07T05:06:09.877592+00:00,
39455,ODOO-PARTNER-39455,MEIKARI JAPANESE FOOD,success,1,2026-10-07T05:06:09.877592+00:00,
32457,ODOO-PARTNER-32457,MEJA KITCHEN,success,1,2026-10-07T05:06:09.877592+00:00,
32461,ODOO-PARTNER-32461,MENYA KENJI,success,1,2026-10-07T05:06:09.877592+00:00,
40018,ODOO-PARTNER-40018,MENYA KENJI SEMINYAK,success,1,2026-10-07T05:06:09.877592+00:00,
32463,ODOO-PARTNER-32463,MERCATO COFFEE,success,1,2026-10-07T05:06:09.877592+00:00,
32467,ODOO-PARTNER-32467,MERCURE KUTA,success,1,2026-10-07T05:06:09.877592+00:00,
32469,ODOO-PARTNER-32469,MERCURE LEGIAN,success,1,2026-10-07T05:06:09.877592+00:00,
32471,ODOO-PARTNER-32471,MERCURE NUSA DUA,success,1,2026-10-07T05:06:09.877592+00:00,
32473,ODOO-PARTNER-32473,MERUSAKA NUSA DUA,success,1,2026-10-07T05:06:09.877592+00:00,
32475,ODOO-PARTNER-32475,MESA BALI,success,1,2026-10-07T05:06:09.877592+00:00,
42986,ODOO-PARTNER-42986,MESA BAR,success,1,2026-10-07T05:06:09.877592+00:00,
32477,ODOO-PARTNER-32477,MIA SORELLA,success,1,2026-10-07T05:06:09.877592+00:00,
40333,ODOO-PARTNER-40333,MIA-MODERN ASIAN CUISINE,success,1,2026-10-07T05:06:09.877592+00:00,
45226,ODOO-PARTNER-45226,MICROLOGY COFFEE ROASTER,success,1,2026-10-07T05:06:09.877592+00:00,
32478,ODOO-PARTNER-32478,MILK & MADU BEACH ROAD,success,1,2026-10-07T05:06:09.877592+00:00,
24868,ODOO-PARTNER-24868,MILK & MADU BERAWA,success,1,2026-10-07T05:06:09.877592+00:00,
40585,ODOO-PARTNER-40585,MILK & MADU SEMINYAK,success,1,2026-10-07T05:06:09.877592+00:00,
32479,ODOO-PARTNER-32479,MILK & MADU UBUD,success,1,2026-10-07T05:06:09.877592+00:00,
39125,ODOO-PARTNER-39125,MILK & MADU ULUWATU,success,1,2026-10-07T05:06:09.877592+00:00,
32481,ODOO-PARTNER-32481,MIND EATERY BAR,success,1,2026-10-07T05:06:09.877592+00:00,
32483,ODOO-PARTNER-32483,MING COFFEE,success,1,2026-10-07T05:06:09.877592+00:00,
46979,ODOO-PARTNER-46979,MINI MARKET BOGA SVAHA,success,1,2026-10-07T05:06:09.877592+00:00,
44212,ODOO-PARTNER-44212,MINI STORE KRISNA,success,1,2026-10-07T05:06:09.877592+00:00,
32485,ODOO-PARTNER-32485,MINO BEACH CLUB,success,1,2026-10-07T05:06:09.877592+00:00,
40097,ODOO-PARTNER-40097,MIRA HOTEL AND RECOVERY,success,1,2026-10-07T05:06:09.877592+00:00,
24939,ODOO-PARTNER-24939,MIRAH SHOP,success,1,2026-10-07T05:06:09.877592+00:00,
24943,ODOO-PARTNER-24943,MISI SEHAT ALAMI UBUD,success,1,2026-10-07T05:06:09.877592+00:00,
32489,ODOO-PARTNER-32489,MISS FISH,success,1,2026-10-07T05:06:09.877592+00:00,
40287,ODOO-PARTNER-40287,MITRA JAYA FRIED CHICKEN CV,success,1,2026-10-07T05:06:09.877592+00:00,
38481,ODOO-PARTNER-38481,MITRA KENCANA AMANAH JAYA PT,success,1,2026-10-07T05:06:09.877592+00:00,
24947,ODOO-PARTNER-24947,MODE SESEH,success,1,2026-10-07T05:06:09.877592+00:00,
47528,ODOO-PARTNER-47528,MOI BALI,success,1,2026-10-07T05:06:09.877592+00:00,
46756,ODOO-PARTNER-46756,MOMENTO DAILY RESTO,success,1,2026-10-07T05:06:09.877592+00:00,
39707,ODOO-PARTNER-39707,MONDAY COWORKING & COFFEE,success,1,2026-10-07T05:06:09.877592+00:00,
32491,ODOO-PARTNER-32491,MONDO SURF VILLA,success,1,2026-10-07T05:06:09.877592+00:00,
32493,ODOO-PARTNER-32493,MONSIEUR SPOON CANGGU,success,1,2026-10-07T05:06:09.877592+00:00,
32495,ODOO-PARTNER-32495,MONSTA PIZZA & WINGS,success,1,2026-10-07T05:06:09.877592+00:00,
32497,ODOO-PARTNER-32497,MOO MOO'S,success,1,2026-10-07T05:06:09.877592+00:00,
24952,ODOO-PARTNER-24952,MORIS GROCER GATSU,success,1,2026-10-07T05:06:09.877592+00:00,
32499,ODOO-PARTNER-32499,MOSA FROZEN MART,success,1,2026-10-07T05:06:09.877592+00:00,
32501,ODOO-PARTNER-32501,MOSTLY RESTAURANT,success,1,2026-10-07T05:06:09.877592+00:00,
45699,ODOO-PARTNER-45699,MOTEL MEXICOLA SEMINYAK,success,1,2026-10-07T05:06:09.877592+00:00,
39193,ODOO-PARTNER-39193,MOTHER CAFE,success,1,2026-10-07T05:06:09.877592+00:00,
32503,ODOO-PARTNER-32503,MOTION FITNESS FOOD,success,1,2026-10-07T05:06:09.877592+00:00,
32505,ODOO-PARTNER-32505,MOVENPICK RESORT,success,1,2026-10-07T05:06:09.877592+00:00,
32507,ODOO-PARTNER-32507,MPASI STORE,success,1,2026-10-07T05:06:09.877592+00:00,
39852,ODOO-PARTNER-39852,MPASI STORE BALI,success,1,2026-10-07T05:06:09.877592+00:00,
46922,ODOO-PARTNER-46922,MR EGG JAKARTA,success,1,2026-10-07T05:06:09.877592+00:00,
43253,ODOO-PARTNER-43253,MR FROZEN PESANGGARAN,success,1,2026-10-07T05:06:09.877592+00:00,
32509,ODOO-PARTNER-32509,MRS SIPPY,success,1,2026-10-07T05:06:09.877592+00:00,
32511,ODOO-PARTNER-32511,MSPA NUSA DUA,success,1,2026-10-07T05:06:09.877592+00:00,
24954,ODOO-PARTNER-24954,MU GUNG HWA,success,1,2026-10-07T05:06:09.877592+00:00,
31309,ODOO-PARTNER-31309,MUAYA TERACCE,success,1,2026-10-07T05:06:09.877592+00:00,
32513,ODOO-PARTNER-32513,MUDA BY SUKA,success,1,2026-10-07T05:06:09.877592+00:00,
32515,ODOO-PARTNER-32515,MUDRA CAFE,success,1,2026-10-07T05:06:09.877592+00:00,
43018,ODOO-PARTNER-43018,MULIA FROZEN FOOD,success,1,2026-10-07T05:06:09.877592+00:00,
39772,ODOO-PARTNER-39772,MUR MUR RESTAURANT,success,1,2026-10-07T05:06:09.877592+00:00,
32259,ODOO-PARTNER-32259,MVCK,success,1,2026-10-07T05:06:09.877592+00:00,
46583,ODOO-PARTNER-46583,MY DEAR CLARA,success,1,2026-10-07T05:06:09.877592+00:00,
32517,ODOO-PARTNER-32517,MY PLACE CAFE BALI,success,1,2026-10-07T05:06:09.877592+00:00,
24960,ODOO-PARTNER-24960,NADI AYU,success,1,2026-10-07T05:06:09.877592+00:00,
32519,ODOO-PARTNER-32519,NAGI KITCHEN COFFEE & SUSHI,success,1,2026-10-07T05:06:09.877592+00:00,
32521,ODOO-PARTNER-32521,NAKULA STREET DELI,success,1,2026-10-07T05:06:09.877592+00:00,
32523,ODOO-PARTNER-32523,NAMASKAR THALI,success,1,2026-10-07T05:06:09.877592+00:00,
32525,ODOO-PARTNER-32525,NAMASKARA COFFEE & SUPERFOOD,success,1,2026-10-07T05:06:09.877592+00:00,
24964,ODOO-PARTNER-24964,NANA MART,success,1,2026-10-07T05:06:09.877592+00:00,
42477,ODOO-PARTNER-42477,NANDINI JUNGLE BY HANGING GARDENS,success,1,2026-10-07T05:06:09.877592+00:00,
39742,ODOO-PARTNER-39742,NARI RESTAURANT,success,1,2026-10-07T05:06:09.877592+00:00,
39223,ODOO-PARTNER-39223,NATARI CAFE,success,1,2026-10-07T05:06:09.877592+00:00,
40506,ODOO-PARTNER-40506,NATYS GOURMET LABUAN SAIT,success,1,2026-10-07T05:06:09.877592+00:00,
39147,ODOO-PARTNER-39147,NEGRITA CAFE,success,1,2026-10-07T05:06:09.877592+00:00,
32527,ODOO-PARTNER-32527,NEIGHBOURHOOD FOOD,success,1,2026-10-07T05:06:09.877592+00:00,
39075,ODOO-PARTNER-39075,NEIGHBOURHOOD FOOD SESEH,success,1,2026-10-07T05:06:09.877592+00:00,
32529,ODOO-PARTNER-32529,NELI COFFEE,success,1,2026-10-07T05:06:09.877592+00:00,
32531,ODOO-PARTNER-32531,NELU BAKES,success,1,2026-10-07T05:06:09.877592+00:00,
40504,ODOO-PARTNER-40504,NELY MART,success,1,2026-10-07T05:06:09.877592+00:00,
32535,ODOO-PARTNER-32535,NEON PALM,success,1,2026-10-07T05:06:09.877592+00:00,
43694,ODOO-PARTNER-43694,NIBS ULUWATU,success,1,2026-10-07T05:06:09.877592+00:00,
32537,ODOO-PARTNER-32537,NIHIWATU,success,1,2026-10-07T05:06:09.877592+00:00,
39081,ODOO-PARTNER-39081,NIKI SEMINYAK,success,1,2026-10-07T05:06:09.877592+00:00,
39108,ODOO-PARTNER-39108,NINE MART,success,1,2026-10-07T05:06:09.877592+00:00,
32539,ODOO-PARTNER-32539,NIRVANA,success,1,2026-10-07T05:06:09.877592+00:00,
32541,ODOO-PARTNER-32541,NIRVANA STRENGHT,success,1,2026-10-07T05:06:09.877592+00:00,
24982,ODOO-PARTNER-24982,NITI MART,success,1,2026-10-07T05:06:09.877592+00:00,
24984,ODOO-PARTNER-24984,NITI MART 3,success,1,2026-10-07T05:06:09.877592+00:00,
39750,ODOO-PARTNER-39750,NITI MART PAYANGAN,success,1,2026-10-07T05:06:09.877592+00:00,
39144,ODOO-PARTNER-39144,NOAH CAFE,success,1,2026-10-07T05:06:09.877592+00:00,
32543,ODOO-PARTNER-32543,NOIR CAFE,success,1,2026-10-07T05:06:09.877592+00:00,
32545,ODOO-PARTNER-32545,NOOA SOCIAL DINING,success,1,2026-10-07T05:06:09.877592+00:00,
32547,ODOO-PARTNER-32547,NOOK,success,1,2026-10-07T05:06:09.877592+00:00,
32553,ODOO-PARTNER-32553,NORI BALI,success,1,2026-10-07T05:06:09.877592+00:00,
32557,ODOO-PARTNER-32557,NORM SUSHI CAFE & KITCHEN,success,1,2026-10-07T05:06:09.877592+00:00,
39371,ODOO-PARTNER-39371,NOURISH CAFE UNGASAN,success,1,2026-10-07T05:06:09.877592+00:00,
24986,ODOO-PARTNER-24986,NOURISH WHOLEFOODS,success,1,2026-10-07T05:06:09.877592+00:00,
32559,ODOO-PARTNER-32559,NOVOTEL AIRPORT BALI NGURAH RAI,success,1,2026-10-07T05:06:09.877592+00:00,
32561,ODOO-PARTNER-32561,NOVOTEL NUSADUA,success,1,2026-10-07T05:06:09.877592+00:00,
32563,ODOO-PARTNER-32563,NOVOTEL TANJUNG BENOA,success,1,2026-10-07T05:06:09.877592+00:00,
32567,ODOO-PARTNER-32567,NUDE BABAKAN,success,1,2026-10-07T05:06:09.877592+00:00,
39582,ODOO-PARTNER-39582,NUDE CAFE PERERENAN,success,1,2026-10-07T05:06:09.877592+00:00,
40262,ODOO-PARTNER-40262,NUDE CAFE UMALAS,success,1,2026-10-07T05:06:09.877592+00:00,
32569,ODOO-PARTNER-32569,NUDE RESTAURANT,success,1,2026-10-07T05:06:09.877592+00:00,
42829,ODOO-PARTNER-42829,NUGRAHA SOSIS,success,1,2026-10-07T05:06:09.877592+00:00,
32571,ODOO-PARTNER-32571,NUI CAFE,success,1,2026-10-07T05:06:09.877592+00:00,
40237,ODOO-PARTNER-40237,NUI CANGGU,success,1,2026-10-07T05:06:09.877592+00:00,
40323,ODOO-PARTNER-40323,NUI DA MANO,success,1,2026-10-07T05:06:09.877592+00:00,
32573,ODOO-PARTNER-32573,NUI HEALTHY FOOD JIMBARAN,success,1,2026-10-07T05:06:09.877592+00:00,
39130,ODOO-PARTNER-39130,NUI ULUWATU,success,1,2026-10-07T05:06:09.877592+00:00,
32577,ODOO-PARTNER-32577,NUNAMKHALU VILLA,success,1,2026-10-07T05:06:09.877592+00:00,
32579,ODOO-PARTNER-32579,NUSA BY SUKA,success,1,2026-10-07T05:06:09.877592+00:00,
32581,ODOO-PARTNER-32581,NUSA DUA BEACH HOTEL & SPA,success,1,2026-10-07T05:06:09.877592+00:00,
32583,ODOO-PARTNER-32583,NUSA UBUD BY SUKA,success,1,2026-10-07T05:06:09.877592+00:00,
32587,ODOO-PARTNER-32587,OASIS RESTO CANGGU,success,1,2026-10-07T05:06:09.877592+00:00,
32589,ODOO-PARTNER-32589,OCEAN,success,1,2026-10-07T05:06:09.877592+00:00,
32595,ODOO-PARTNER-32595,OHANA CATERING,success,1,2026-10-07T05:06:09.877592+00:00,
32597,ODOO-PARTNER-32597,OHANA ULUWATU,success,1,2026-10-07T05:06:09.877592+00:00,
32599,ODOO-PARTNER-32599,OKAERI JAPANESE RESTAURANT,success,1,2026-10-07T05:06:09.877592+00:00,
32601,ODOO-PARTNER-32601,OKAMURA BALI JAPANESE,success,1,2026-10-07T05:06:09.877592+00:00,
32605,ODOO-PARTNER-32605,OKUZONO RESTAURANT,success,1,2026-10-07T05:06:09.877592+00:00,
47067,ODOO-PARTNER-47067,OLD FRIENDS COFFEE,success,1,2026-10-07T05:06:09.877592+00:00,
32607,ODOO-PARTNER-32607,OLD MANS RESTAURANT,success,1,2026-10-07T05:06:09.877592+00:00,
32609,ODOO-PARTNER-32609,OLIVER'S PLACE,success,1,2026-10-07T05:06:09.877592+00:00,
24996,ODOO-PARTNER-24996,OMA THIA'S CATERING BALI,success,1,2026-10-07T05:06:09.877592+00:00,
32615,ODOO-PARTNER-32615,OMMA DAYCLUB BALI,success,1,2026-10-07T05:06:09.877592+00:00,
39366,ODOO-PARTNER-39366,OMNI SOCIAL WELLNESS CLUB,success,1,2026-10-07T05:06:09.877592+00:00,
32617,ODOO-PARTNER-32617,ONE NIGHT IN TAIPEI,success,1,2026-10-07T05:06:09.877592+00:00,
32619,ODOO-PARTNER-32619,ONEWAY EXPRESSO SLICE AND AND BREW,success,1,2026-10-07T05:06:09.877592+00:00,
39135,ODOO-PARTNER-39135,OPENHOUSE BABAKAN,success,1,2026-10-07T05:06:09.877592+00:00,
40394,ODOO-PARTNER-40394,OPENHOUSE SESEH,success,1,2026-10-07T05:06:09.877592+00:00,
32623,ODOO-PARTNER-32623,OPIA BALI,success,1,2026-10-07T05:06:09.877592+00:00,
32625,ODOO-PARTNER-32625,OPPA PIZZA PIT,success,1,2026-10-07T05:06:09.877592+00:00,
32627,ODOO-PARTNER-32627,ORANGE BAKERY,success,1,2026-10-07T05:06:09.877592+00:00,
32629,ODOO-PARTNER-32629,ORCHARD BAR AND RESTAURANT,success,1,2026-10-07T05:06:09.877592+00:00,
32631,ODOO-PARTNER-32631,ORGANICALI CAFE,success,1,2026-10-07T05:06:09.877592+00:00,
32633,ODOO-PARTNER-32633,OTHREE BEACH BAR,success,1,2026-10-07T05:06:09.877592+00:00,
47691,ODOO-PARTNER-47691,OUFFF SHAWARMA + BURGER + TACOS,success,1,2026-10-07T05:06:09.877592+00:00,
32639,ODOO-PARTNER-32639,OURS,success,1,2026-10-07T05:06:09.877592+00:00,
32640,ODOO-PARTNER-32640,OURS HOME,success,1,2026-10-07T05:06:09.877592+00:00,
32641,ODOO-PARTNER-32641,OURS STORE,success,1,2026-10-07T05:06:09.877592+00:00,
42734,ODOO-PARTNER-42734,OXSO LOUNGE AND BILLIARD,success,1,2026-10-07T05:06:09.877592+00:00,
25000,ODOO-PARTNER-25000,P MINI MART,success,1,2026-10-07T05:06:09.877592+00:00,
25002,ODOO-PARTNER-25002,PADANG PADANG MART,success,1,2026-10-07T05:06:09.877592+00:00,
32649,ODOO-PARTNER-32649,PADMA RESORT,success,1,2026-10-07T05:06:09.877592+00:00,
41376,ODOO-PARTNER-41376,PADMA RESORT UBUD,success,1,2026-10-07T05:06:09.877592+00:00,
32651,ODOO-PARTNER-32651,PAISA SEMINYAK LIVING,success,1,2026-10-07T05:06:09.877592+00:00,
44053,ODOO-PARTNER-44053,PAK GULA,success,1,2026-10-07T05:06:09.877592+00:00,
32655,ODOO-PARTNER-32655,PALM BEACH HOTEL,success,1,2026-10-07T05:06:09.877592+00:00,
32657,ODOO-PARTNER-32657,PALMILLA BALI,success,1,2026-10-07T05:06:09.877592+00:00,
32661,ODOO-PARTNER-32661,PANDAWA ALL SUITE HOTEL,success,1,2026-10-07T05:06:09.877592+00:00,
40176,ODOO-PARTNER-40176,PANDAWA MINIMARKET,success,1,2026-10-07T05:06:09.877592+00:00,
32665,ODOO-PARTNER-32665,PANTAREI,success,1,2026-10-07T05:06:09.877592+00:00,
39788,ODOO-PARTNER-39788,PAPA LEE'S CANGGU,success,1,2026-10-07T05:06:09.877592+00:00,
39787,ODOO-PARTNER-39787,PAPA LEE'S SEMINYAK,success,1,2026-10-07T05:06:09.877592+00:00,
39812,ODOO-PARTNER-39812,PAPA LEE'S TEPPANYAKI,success,1,2026-10-07T05:06:09.877592+00:00,
32671,ODOO-PARTNER-32671,PAPERMOON BAKEHOUSE,success,1,2026-10-07T05:06:09.877592+00:00,
32673,ODOO-PARTNER-32673,PAPI CHULO BEACH FRONT,success,1,2026-10-07T05:06:09.877592+00:00,
32675,ODOO-PARTNER-32675,PAPI SAPI,success,1,2026-10-07T05:06:09.877592+00:00,
32677,ODOO-PARTNER-32677,PARAGON HOTEL SEMINYAK,success,1,2026-10-07T05:06:09.877592+00:00,
32679,ODOO-PARTNER-32679,PARKLIFE BALI,success,1,2026-10-07T05:06:09.877592+00:00,
47233,ODOO-PARTNER-47233,PASAR RESTAURANT,success,1,2026-10-07T05:06:09.877592+00:00,
32681,ODOO-PARTNER-32681,PASSO BY NOOK,success,1,2026-10-07T05:06:09.877592+00:00,
39468,ODOO-PARTNER-39468,PASTA DEALER UMALAS,success,1,2026-10-07T05:06:09.877592+00:00,
32683,ODOO-PARTNER-32683,PASTA DI MARCO,success,1,2026-10-07T05:06:09.877592+00:00,
32685,ODOO-PARTNER-32685,PATIO COFFEE,success,1,2026-10-07T05:06:09.877592+00:00,
32687,ODOO-PARTNER-32687,PATS ALMOND MILK,success,1,2026-10-07T05:06:09.877592+00:00,
32689,ODOO-PARTNER-32689,PAVILION SURF CLUB LEGIAN BEACH,success,1,2026-10-07T05:06:09.877592+00:00,
32695,ODOO-PARTNER-32695,PAWONEVAN,success,1,2026-10-07T05:06:09.877592+00:00,
39121,ODOO-PARTNER-39121,PEDRO COFFEE & ROASTERY,success,1,2026-10-07T05:06:09.877592+00:00,
32699,ODOO-PARTNER-32699,PENIDA PANTRY,success,1,2026-10-07T05:06:09.877592+00:00,
32701,ODOO-PARTNER-32701,PENINSULA BAY RESORT HOTEL,success,1,2026-10-07T05:06:09.877592+00:00,
39937,ODOO-PARTNER-39937,PENINSULA BEACH RESORT,success,1,2026-10-07T05:06:09.877592+00:00,
32703,ODOO-PARTNER-32703,PENNY LANE,success,1,2026-10-07T05:06:09.877592+00:00,
32705,ODOO-PARTNER-32705,PEPENERO BALI,success,1,2026-10-07T05:06:09.877592+00:00,
47630,ODOO-PARTNER-47630,PEPITO EXPRESS KARTIKA PLAZA,success,1,2026-10-07T05:06:09.877592+00:00,
39380,ODOO-PARTNER-39380,PEPITO MARKET NUSA DUA,success,1,2026-10-07T05:06:09.877592+00:00,
32711,ODOO-PARTNER-32711,PEPPER LUNCH LIVINGWORLD,success,1,2026-10-07T05:06:09.877592+00:00,
32713,ODOO-PARTNER-32713,PEPPERS SEMINYAK,success,1,2026-10-07T05:06:09.877592+00:00,
32715,ODOO-PARTNER-32715,PETRIKORA,success,1,2026-10-07T05:06:09.877592+00:00,
40310,ODOO-PARTNER-40310,PEYIA,success,1,2026-10-07T05:06:09.877592+00:00,
32717,ODOO-PARTNER-32717,PHO HOUSE BALI,success,1,2026-10-07T05:06:09.877592+00:00,
32719,ODOO-PARTNER-32719,PHO MO BERAWA,success,1,2026-10-07T05:06:09.877592+00:00,
32721,ODOO-PARTNER-32721,PHO TIN JIMBARAN,success,1,2026-10-07T05:06:09.877592+00:00,
32725,ODOO-PARTNER-32725,PINKCOCO ULUWATU,success,1,2026-10-07T05:06:09.877592+00:00,
32727,ODOO-PARTNER-32727,PISON COFFEE,success,1,2026-10-07T05:06:09.877592+00:00,
47680,ODOO-PARTNER-47680,PIZZA PALMA ITALIAN STREET FOOD,success,1,2026-10-07T05:06:09.877592+00:00,
32731,ODOO-PARTNER-32731,PLANT BISTRO,success,1,2026-10-07T05:06:09.877592+00:00,
32733,ODOO-PARTNER-32733,PLATINUM HOTEL,success,1,2026-10-07T05:06:09.877592+00:00,
46761,ODOO-PARTNER-46761,PLAY LAB,success,1,2026-10-07T05:06:09.877592+00:00,
32739,ODOO-PARTNER-32739,POINT PLUS PENIDA BAR & RESTO,success,1,2026-10-07T05:06:09.877592+00:00,
32741,ODOO-PARTNER-32741,PONDA-C COFFEE,success,1,2026-10-07T05:06:09.877592+00:00,
32747,ODOO-PARTNER-32747,POTATO HEAD,success,1,2026-10-07T05:06:09.877592+00:00,
32751,ODOO-PARTNER-32751,PRIMEBIZ HOTEL,success,1,2026-10-07T05:06:09.877592+00:00,
40483,ODOO-PARTNER-40483,PRIMO LEVEL 21 BALI,success,1,2026-10-07T05:06:09.877592+00:00,
32753,ODOO-PARTNER-32753,PRINCE COFFEE & KITCHEN LEGIAN,success,1,2026-10-07T05:06:09.877592+00:00,
32755,ODOO-PARTNER-32755,PRIOR CAFE,success,1,2026-10-07T05:06:09.877592+00:00,
32759,ODOO-PARTNER-32759,PROJECTS RESTAURANT,success,1,2026-10-07T05:06:09.877592+00:00,
32761,ODOO-PARTNER-32761,PUCO ROOFTOP & CO-WORKING SPACE & EATERY,success,1,2026-10-07T05:06:09.877592+00:00,
32763,ODOO-PARTNER-32763,PUKU,success,1,2026-10-07T05:06:09.877592+00:00,
32765,ODOO-PARTNER-32765,PULLMAN HOTEL,success,1,2026-10-07T05:06:09.877592+00:00,
40115,ODOO-PARTNER-40115,PURE PIZZA KETEWEL,success,1,2026-10-07T05:06:09.877592+00:00,
40114,ODOO-PARTNER-40114,PURE PIZZA SANUR,success,1,2026-10-07T05:06:09.877592+00:00,
44218,ODOO-PARTNER-44218,PURI BALI (AGUNG BALI OLEH-OLEH),success,1,2026-10-07T05:06:09.877592+00:00,
40957,ODOO-PARTNER-40957,PURI BOGA MART,success,1,2026-10-07T05:06:09.877592+00:00,
40314,ODOO-PARTNER-40314,PURI KAWAN MINI MARKET,success,1,2026-10-07T05:06:09.877592+00:00,
32767,ODOO-PARTNER-32767,PURI NUSA DUA / VOUK HOTEL,success,1,2026-10-07T05:06:09.877592+00:00,
32769,ODOO-PARTNER-32769,PURI SANTRIAN,success,1,2026-10-07T05:06:09.877592+00:00,
25076,ODOO-PARTNER-25076,PUTRI DEWATA,success,1,2026-10-07T05:06:09.877592+00:00,
25078,ODOO-PARTNER-25078,PUTRI FRESH ORGANIC,success,1,2026-10-07T05:06:09.877592+00:00,
40449,ODOO-PARTNER-40449,R.S MURNI TEGUH,success,1,2026-10-07T05:06:09.877592+00:00,
32773,ODOO-PARTNER-32773,RADISSON BLU BALI ULUWATU,success,1,2026-10-07T05:06:09.877592+00:00,
40190,ODOO-PARTNER-40190,RADJA SEAFOOD CAFE,success,1,2026-10-07T05:06:09.877592+00:00,
32775,ODOO-PARTNER-32775,RAFFLES BALI,success,1,2026-10-07T05:06:09.877592+00:00,
39991,ODOO-PARTNER-39991,RAMAYANA SUITES & RESORT,success,1,2026-10-07T05:06:09.877592+00:00,
32779,ODOO-PARTNER-32779,RAMEN NISHIKI,success,1,2026-10-07T05:06:09.877592+00:00,
39773,ODOO-PARTNER-39773,RAVA COFFEE & EATERY,success,1,2026-10-07T05:06:09.877592+00:00,
42749,ODOO-PARTNER-42749,RAYA SWARI FROZEN,success,1,2026-10-07T05:06:09.877592+00:00,
32783,ODOO-PARTNER-32783,RAYJIN TEPPANYAKI,success,1,2026-10-07T05:06:09.877592+00:00,
32785,ODOO-PARTNER-32785,RAYJIN UBUD,success,1,2026-10-07T05:06:09.877592+00:00,
32789,ODOO-PARTNER-32789,RED GUN POWDER RESTAURANT,success,1,2026-10-07T05:06:09.877592+00:00,
32791,ODOO-PARTNER-32791,REHAT CAFE,success,2,2026-10-07T05:06:09.877592+00:00,
32793,ODOO-PARTNER-32793,REINA JUNGLA UBUD,success,2,2026-10-07T05:06:09.877592+00:00,
44693,ODOO-PARTNER-44693,RELOAD SANCTUARY,success,2,2026-10-07T05:06:09.877592+00:00,
32797,ODOO-PARTNER-32797,REMIX JUICE,success,2,2026-10-07T05:06:09.877592+00:00,
32799,ODOO-PARTNER-32799,RENAISSANCE BALI ULUWATU,success,2,2026-10-07T05:06:09.877592+00:00,
32801,ODOO-PARTNER-32801,RENAISSANCE NUSA DUA,success,2,2026-10-07T05:06:09.877592+00:00,
46805,ODOO-PARTNER-46805,RESELLER SINGARAJA,success,2,2026-10-07T05:06:09.877592+00:00,
46641,ODOO-PARTNER-46641,RESTO BAIA NONNA THE BARN BSD,success,2,2026-10-07T05:06:09.877592+00:00,
32803,ODOO-PARTNER-32803,RESTO TA MAN PETITENGET,success,2,2026-10-07T05:06:09.877592+00:00,
32805,ODOO-PARTNER-32805,REVOLVER,success,2,2026-10-07T05:06:09.877592+00:00,
32807,ODOO-PARTNER-32807,REVOLVER CANGGU,success,2,2026-10-07T05:06:09.877592+00:00,
42776,ODOO-PARTNER-42776,REVOLVER UMALAS,success,2,2026-10-07T05:06:09.877592+00:00,
32809,ODOO-PARTNER-32809,RICE PADDY CAFE,success,2,2026-10-07T05:06:09.877592+00:00,
39436,ODOO-PARTNER-39436,RICE REPUBLIC UMALAS,success,2,2026-10-07T05:06:09.877592+00:00,
32813,ODOO-PARTNER-32813,RIMA COFFEE & EATERY,success,2,2026-10-07T05:06:09.877592+00:00,
32815,ODOO-PARTNER-32815,RIMBA JIMBARAN BALI BY AYANA,success,2,2026-10-07T05:06:09.877592+00:00,
25092,ODOO-PARTNER-25092,RIOS MART,success,2,2026-10-07T05:06:09.877592+00:00,
32817,ODOO-PARTNER-32817,RISATA BALI RESORT & SPA,success,2,2026-10-07T05:06:09.877592+00:00,
32821,ODOO-PARTNER-32821,RITZ CARLTON NUSA DUA,success,2,2026-10-07T05:06:09.877592+00:00,
32825,ODOO-PARTNER-32825,ROCKLILLY WARUNG FUSION EATERY,success,2,2026-10-07T05:06:09.877592+00:00,
32827,ODOO-PARTNER-32827,ROJIMA COFFEE,success,2,2026-10-07T05:06:09.877592+00:00,
32829,ODOO-PARTNER-32829,ROPANA CAFE,success,2,2026-10-07T05:06:09.877592+00:00,
32835,ODOO-PARTNER-32835,ROYAL KAMUELA UBUD,success,2,2026-10-07T05:06:09.877592+00:00,
42977,ODOO-PARTNER-42977,RUMAH SOSIS MESARI PAYANGAN,success,2,2026-10-07T05:06:09.877592+00:00,
42842,ODOO-PARTNER-42842,RUMAH SOSIS SINGAPADU,success,2,2026-10-07T05:06:09.877592+00:00,
45657,ODOO-PARTNER-45657,RUNWAY CAFE & EATERY,success,2,2026-10-07T05:06:09.877592+00:00,
32839,ODOO-PARTNER-32839,RUNWAYS HOUSE AND CAFE,success,2,2026-10-07T05:06:09.877592+00:00,
45037,ODOO-PARTNER-45037,RUPA ULUWATU,success,2,2026-10-07T05:06:09.877592+00:00,
32843,ODOO-PARTNER-32843,RUSTERS COFFEE,success,2,2026-10-07T05:06:09.877592+00:00,
32847,ODOO-PARTNER-32847,SAHASA COFFEE AND EATERY,success,2,2026-10-07T05:06:09.877592+00:00,
40017,ODOO-PARTNER-40017,SAIGON DELIGHT,success,2,2026-10-07T05:06:09.877592+00:00,
32851,ODOO-PARTNER-32851,SAKALA RESORT&BEACH CLUB,success,2,2026-10-07T05:06:09.877592+00:00,
32853,ODOO-PARTNER-32853,SAKARA KOPI,success,2,2026-10-07T05:06:09.877592+00:00,
46928,ODOO-PARTNER-46928,SAKKA BURGER BAR PERERENAN,success,2,2026-10-07T05:06:09.877592+00:00,
39484,ODOO-PARTNER-39484,SAKKA BURGER KEROBOKAN,success,2,2026-10-07T05:06:09.877592+00:00,
47828,ODOO-PARTNER-47828,SALA BISTRO SANUR,success,2,2026-10-07T05:06:09.877592+00:00,
32855,ODOO-PARTNER-32855,SALAD LAB,success,2,2026-10-07T05:06:09.877592+00:00,
32857,ODOO-PARTNER-32857,SALTLICK,success,2,2026-10-07T05:06:09.877592+00:00,
32859,ODOO-PARTNER-32859,SAMABE,success,2,2026-10-07T05:06:09.877592+00:00,
32861,ODOO-PARTNER-32861,SAMAJA BEACHSIDE VILLA,success,2,2026-10-07T05:06:09.877592+00:00,
32863,ODOO-PARTNER-32863,SAMPATTI VILLAS,success,2,2026-10-07T05:06:09.877592+00:00,
39410,ODOO-PARTNER-39410,SAMYAMA EATERY,success,2,2026-10-07T05:06:09.877592+00:00,
43087,ODOO-PARTNER-43087,SAND BAR,success,2,2026-10-07T05:06:09.877592+00:00,
32869,ODOO-PARTNER-32869,SANGAM BALI,success,2,2026-10-07T05:06:09.877592+00:00,
39579,ODOO-PARTNER-39579,SANITAS,success,2,2026-10-07T05:06:09.877592+00:00,
32873,ODOO-PARTNER-32873,SANTIKA SILIGITA NUSA DUA,success,2,2026-10-07T05:06:09.877592+00:00,
32875,ODOO-PARTNER-32875,SANTIKA SUNSET ROAD,success,2,2026-10-07T05:06:09.877592+00:00,
32879,ODOO-PARTNER-32879,SANUR RESORT WATU JIMBAR,success,2,2026-10-07T05:06:09.877592+00:00,
32881,ODOO-PARTNER-32881,SAPA SEAFOOD & GRILL (CV ADI NUGRAHA),success,2,2026-10-07T05:06:09.877592+00:00,
25106,ODOO-PARTNER-25106,SARI DEWATA,success,2,2026-10-07T05:06:09.877592+00:00,
25108,ODOO-PARTNER-25108,SARI MART WERKUDARA,success,2,2026-10-07T05:06:09.877592+00:00,
25112,ODOO-PARTNER-25112,SAS MART,success,2,2026-10-07T05:06:09.877592+00:00,
32885,ODOO-PARTNER-32885,SATOSHI RESTAURANT,success,2,2026-10-07T05:06:09.877592+00:00,
32887,ODOO-PARTNER-32887,SATRIA PANGAN SEJATI PT,success,2,2026-10-07T05:06:09.877592+00:00,
32889,ODOO-PARTNER-32889,SATU ULUWATU,success,2,2026-10-07T05:06:09.877592+00:00,
25114,ODOO-PARTNER-25114,SATVIKA BHOGA,success,2,2026-10-07T05:06:09.877592+00:00,
39383,ODOO-PARTNER-39383,SATVIKA BHOGA UBUD,success,2,2026-10-07T05:06:09.877592+00:00,
32893,ODOO-PARTNER-32893,SAVARI BAR AND RESTAURANT,success,2,2026-10-07T05:06:09.877592+00:00,
40016,ODOO-PARTNER-40016,SAVOR PERERENAN,success,2,2026-10-07T05:06:09.877592+00:00,
39878,ODOO-PARTNER-39878,SAVORY CUTS,success,2,2026-10-07T05:06:09.877592+00:00,
32897,ODOO-PARTNER-32897,SAYULITA TACOS & TEQUILA BAR,success,2,2026-10-07T05:06:09.877592+00:00,
39302,ODOO-PARTNER-39302,SAYUR MAYUR TABANAN,success,2,2026-10-07T05:06:09.877592+00:00,
39725,ODOO-PARTNER-39725,SB MINI MART,success,2,2026-10-07T05:06:09.877592+00:00,
32903,ODOO-PARTNER-32903,SEA CIRCUS,success,2,2026-10-07T05:06:09.877592+00:00,
39946,ODOO-PARTNER-39946,SEA HOUSE BAR & RESTAURANT,success,2,2026-10-07T05:06:09.877592+00:00,
47377,ODOO-PARTNER-47377,SEAHAVEN VILLAS BY KAMUELA,success,2,2026-10-07T05:06:09.877592+00:00,
32907,ODOO-PARTNER-32907,SECOND FLOOR,success,2,2026-10-07T05:06:09.877592+00:00,
40148,ODOO-PARTNER-40148,SECTION 9 SANUR,success,2,2026-10-07T05:06:09.877592+00:00,
32915,ODOO-PARTNER-32915,SEED RESTAURANT,success,2,2026-10-07T05:06:09.877592+00:00,
32917,ODOO-PARTNER-32917,SEGARA VILLAGE HOTEL,success,2,2026-10-07T05:06:09.877592+00:00,
32611,ODOO-PARTNER-32611,SEKOPI RENON,success,2,2026-10-07T05:06:09.877592+00:00,
32919,ODOO-PARTNER-32919,SEKOPI.BYPASS,success,2,2026-10-07T05:06:09.877592+00:00,
40271,ODOO-PARTNER-40271,SEMATA COFFEE & EATERY,success,2,2026-10-07T05:06:09.877592+00:00,
32921,ODOO-PARTNER-32921,SEMBOJA COFFEE & EATERY,success,2,2026-10-07T05:06:09.877592+00:00,
32923,ODOO-PARTNER-32923,SEMU BY SAKKA,success,2,2026-10-07T05:06:09.877592+00:00,
32925,ODOO-PARTNER-32925,SENIMAN COFFEE UBUD,success,2,2026-10-07T05:06:09.877592+00:00,
32929,ODOO-PARTNER-32929,SENSA KOFFIE,success,2,2026-10-07T05:06:09.877592+00:00,
32931,ODOO-PARTNER-32931,SENSORIUM BALI,success,2,2026-10-07T05:06:09.877592+00:00,
39689,ODOO-PARTNER-39689,SENTOSA PANGAN GROSIR,success,2,2026-10-07T05:06:09.877592+00:00,
32867,ODOO-PARTNER-32867,SENWIT PERERENAN,success,2,2026-10-07T05:06:09.877592+00:00,
32935,ODOO-PARTNER-32935,SEOUL BBQ,success,2,2026-10-07T05:06:09.877592+00:00,
32937,ODOO-PARTNER-32937,SEOUL GALBY KOREAN,success,2,2026-10-07T05:06:09.877592+00:00,
32939,ODOO-PARTNER-32939,SEOUL SOUL PROJECT,success,2,2026-10-07T05:06:09.877592+00:00,
39153,ODOO-PARTNER-39153,SESEH MARKET,success,2,2026-10-07T05:06:09.877592+00:00,
32942,ODOO-PARTNER-32942,SHADY SHACK,success,2,2026-10-07T05:06:09.877592+00:00,
38541,ODOO-PARTNER-38541,SHAN RESTORAN BALI PT,success,2,2026-10-07T05:06:09.877592+00:00,
32944,ODOO-PARTNER-32944,SHANKARA RESTO (ARLON HOTEL),success,2,2026-10-07T05:06:09.877592+00:00,
39927,ODOO-PARTNER-39927,SHAWARMA BEIRUT BALI,success,2,2026-10-07T05:06:09.877592+00:00,
41757,ODOO-PARTNER-41757,SHAWARMA BEIRUT SEMINYAK,success,2,2026-10-07T05:06:09.877592+00:00,
32946,ODOO-PARTNER-32946,SHEEPY'S BAR & RESTAURANT,success,2,2026-10-07T05:06:09.877592+00:00,
32948,ODOO-PARTNER-32948,SHELTER PERERENAN,success,2,2026-10-07T05:06:09.877592+00:00,
32950,ODOO-PARTNER-32950,SHERATON KUTA,success,2,2026-10-07T05:06:09.877592+00:00,
32952,ODOO-PARTNER-32952,SHI SHI,success,2,2026-10-07T05:06:09.877592+00:00,
32954,ODOO-PARTNER-32954,SHIMA TEPPANYAKI & SHABU-SHABU,success,2,2026-10-07T05:06:09.877592+00:00,
39138,ODOO-PARTNER-39138,SHISHA CAFE,success,2,2026-10-07T05:06:09.877592+00:00,
32956,ODOO-PARTNER-32956,SHISHA HOUSE SEMINYAK,success,2,2026-10-07T05:06:09.877592+00:00,
32960,ODOO-PARTNER-32960,SHOOTERS,success,2,2026-10-07T05:06:09.877592+00:00,
32962,ODOO-PARTNER-32962,SHORE AMORA HOTEL,success,2,2026-10-07T05:06:09.877592+00:00,
32964,ODOO-PARTNER-32964,SHRIDA UBUD RESTAURANT,success,2,2026-10-07T05:06:09.877592+00:00,
32966,ODOO-PARTNER-32966,SIJIRO RAMEN,success,2,2026-10-07T05:06:09.877592+00:00,
40445,ODOO-PARTNER-40445,SIMALU COFFEE,success,2,2026-10-07T05:06:09.877592+00:00,
25147,ODOO-PARTNER-25147,SIMPLE MART,success,2,2026-10-07T05:06:09.877592+00:00,
32968,ODOO-PARTNER-32968,SIMPLII COFFEE,success,2,2026-10-07T05:06:09.877592+00:00,
32970,ODOO-PARTNER-32970,SIMPLY SOCIAL UBUD,success,2,2026-10-07T05:06:09.877592+00:00,
32972,ODOO-PARTNER-32972,SINALOA LEGIAN,success,2,2026-10-07T05:06:09.877592+00:00,
32974,ODOO-PARTNER-32974,SINAMON BALI UMALAS,success,2,2026-10-07T05:06:09.877592+00:00,
32976,ODOO-PARTNER-32976,SINDHU ORIENTAL EMPORIUM,success,2,2026-10-07T05:06:09.877592+00:00,
32978,ODOO-PARTNER-32978,SINGLE FIN ULUWATU,success,2,2026-10-07T05:06:09.877592+00:00,
32982,ODOO-PARTNER-32982,SISTA RESTO,success,2,2026-10-07T05:06:09.877592+00:00,
32984,ODOO-PARTNER-32984,SISTER FIELD,success,2,2026-10-07T05:06:09.877592+00:00,
32986,ODOO-PARTNER-32986,SIX SENSES,success,2,2026-10-07T05:06:09.877592+00:00,
40218,ODOO-PARTNER-40218,SIXTEEN DEGREES,success,2,2026-10-07T05:06:09.877592+00:00,
32988,ODOO-PARTNER-32988,SIXTY SIX,success,2,2026-10-07T05:06:09.877592+00:00,
32990,ODOO-PARTNER-32990,SKOOBY BURGER,success,2,2026-10-07T05:06:09.877592+00:00,
32992,ODOO-PARTNER-32992,SKYLER BAR & LOUNGE,success,2,2026-10-07T05:06:09.877592+00:00,
42836,ODOO-PARTNER-42836,SKYLOVE FROZEN FOOD,success,2,2026-10-07T05:06:09.877592+00:00,
32994,ODOO-PARTNER-32994,SMOKE BALI,success,2,2026-10-07T05:06:09.877592+00:00,
32996,ODOO-PARTNER-32996,SOEJASCH BALI PT,success,2,2026-10-07T05:06:09.877592+00:00,
32998,ODOO-PARTNER-32998,SOFITEL,success,2,2026-10-07T05:06:09.877592+00:00,
42190,ODOO-PARTNER-42190,SOFT PAO,success,2,2026-10-07T05:06:09.877592+00:00,
39973,ODOO-PARTNER-39973,SOIL FOOD TEMPLE CANGGU,success,2,2026-10-07T05:06:09.877592+00:00,
33000,ODOO-PARTNER-33000,SOL BY MELIA BENOA BALI,success,2,2026-10-07T05:06:09.877592+00:00,
33002,ODOO-PARTNER-33002,SOL ROOFTOP BAR,success,2,2026-10-07T05:06:09.877592+00:00,
33004,ODOO-PARTNER-33004,SOL'S DELI,success,2,2026-10-07T05:06:09.877592+00:00,
33008,ODOO-PARTNER-33008,SOLIA LEGIAN BALI,success,2,2026-10-07T05:06:09.877592+00:00,
44613,ODOO-PARTNER-44613,SOMA FIGHT CLUB,success,2,2026-10-07T05:06:09.877592+00:00,
42745,ODOO-PARTNER-42745,SOSIS MAJU JAYA,success,2,2026-10-07T05:06:09.877592+00:00,
33012,ODOO-PARTNER-33012,SOULSHINE UBUD HOTEL,success,2,2026-10-07T05:06:09.877592+00:00,
25155,ODOO-PARTNER-25155,SPEEDY MART,success,2,2026-10-07T05:06:09.877592+00:00,
40563,ODOO-PARTNER-40563,SPIRAL COFFEE,success,2,2026-10-07T05:06:09.877592+00:00,
25157,ODOO-PARTNER-25157,SRC BINTANG MART,success,2,2026-10-07T05:06:09.877592+00:00,
40246,ODOO-PARTNER-40246,SRC COOL,success,2,2026-10-07T05:06:09.877592+00:00,
25175,ODOO-PARTNER-25175,SSP TAURUS GEMILANG INDONESIA PT,success,2,2026-10-07T05:06:09.877592+00:00,
39080,ODOO-PARTNER-39080,ST. ALI,success,2,2026-10-07T05:06:09.877592+00:00,
33020,ODOO-PARTNER-33020,STADIUM CAFE,success,2,2026-10-07T05:06:09.877592+00:00,
33022,ODOO-PARTNER-33022,STAKZ BAR & GRILL,success,2,2026-10-07T05:06:09.877592+00:00,
25177,ODOO-PARTNER-25177,STAR MART CANGGU,success,2,2026-10-07T05:06:09.877592+00:00,
40339,ODOO-PARTNER-40339,STAR MART SEMINYAK,success,2,2026-10-07T05:06:09.877592+00:00,
38923,ODOO-PARTNER-38923,STAR NIAGA SUKSES PT,success,2,2026-10-07T05:06:09.877592+00:00,
39729,ODOO-PARTNER-39729,STAR STAR MART CEMONGKAK,success,2,2026-10-07T05:06:09.877592+00:00,
40145,ODOO-PARTNER-40145,STAR STAR MART LABUAN SAIT,success,2,2026-10-07T05:06:09.877592+00:00,
39730,ODOO-PARTNER-39730,STAR STAR MART MUNGGU,success,2,2026-10-07T05:06:09.877592+00:00,
33024,ODOO-PARTNER-33024,STARK BOUTIQUE HOTEL,success,2,2026-10-07T05:06:09.877592+00:00,
33028,ODOO-PARTNER-33028,STHALA A TRIBUTE PORTFOLIO HOTEL,success,2,2026-10-07T05:06:09.877592+00:00,
47627,ODOO-PARTNER-47627,STORE 1011 AEON PARIS VAN JAVA,success,2,2026-10-07T05:06:09.877592+00:00,
44233,ODOO-PARTNER-44233,STUDIO PEPE,success,2,2026-10-07T05:06:09.877592+00:00,
33034,ODOO-PARTNER-33034,STUJA COFFEE,success,2,2026-10-07T05:06:09.877592+00:00,
33036,ODOO-PARTNER-33036,STUJA SANUR,success,2,2026-10-07T05:06:09.877592+00:00,
33038,ODOO-PARTNER-33038,SUBUR MEATBALLS,success,2,2026-10-07T05:06:09.877592+00:00,
33040,ODOO-PARTNER-33040,SUBURBIA RESTAURANT,success,2,2026-10-07T05:06:09.877592+00:00,
33042,ODOO-PARTNER-33042,SUGA DADY GELATO JIMBARAN,success,2,2026-10-07T05:06:09.877592+00:00,
33044,ODOO-PARTNER-33044,SUGAR HEAD BAKEHOUSE & ACADEMY,success,2,2026-10-07T05:06:09.877592+00:00,
33048,ODOO-PARTNER-33048,SUKA BEACH INN,success,2,2026-10-07T05:06:09.877592+00:00,
33054,ODOO-PARTNER-33054,SUKA ESSPRESO ULUWATU,success,2,2026-10-07T05:06:09.877592+00:00,
32709,ODOO-PARTNER-32709,SUKA KOPI UBUD,success,2,2026-10-07T05:06:09.877592+00:00,
40578,ODOO-PARTNER-40578,SUKAMERTA MINIMARKET,success,2,2026-10-07T05:06:09.877592+00:00,
33056,ODOO-PARTNER-33056,SUKU BEACH CLUB,success,2,2026-10-07T05:06:09.877592+00:00,
33058,ODOO-PARTNER-33058,SULUBAN GRILL ULUWATU,success,2,2026-10-07T05:06:09.877592+00:00,
40004,ODOO-PARTNER-40004,SUMITRA LUXURY VILLAS & RESORT,success,2,2026-10-07T05:06:09.877592+00:00,
39145,ODOO-PARTNER-39145,SUN BOUTIQUE HOTEL,success,2,2026-10-07T05:06:09.877592+00:00,
47799,ODOO-PARTNER-47799,SUNDA (ARTISAN HOSPITALITY MANAGEMENT PT),success,2,2026-10-07T05:06:09.877592+00:00,
41756,ODOO-PARTNER-41756,SUNDARI BEACH RESORT,success,2,2026-10-07T05:06:09.877592+00:00,
33060,ODOO-PARTNER-33060,SUNIA COFFEE,success,2,2026-10-07T05:06:09.877592+00:00,
33064,ODOO-PARTNER-33064,SUPERFOOD CANGGU,success,2,2026-10-07T05:06:09.877592+00:00,
47181,ODOO-PARTNER-47181,SURGA KELAPA INDONESIA PT,success,2,2026-10-07T05:06:09.877592+00:00,
40147,ODOO-PARTNER-40147,SURYA GYM BALI PERERENAN,success,2,2026-10-07T05:06:09.877592+00:00,
33066,ODOO-PARTNER-33066,SURYA KEMBAR VILLA,success,2,2026-10-07T05:06:09.877592+00:00,
40554,ODOO-PARTNER-40554,SURYA PANGAN MUNGGU,success,2,2026-10-07T05:06:09.877592+00:00,
33070,ODOO-PARTNER-33070,SUSHI KYUDEN RESTAURANT,success,2,2026-10-07T05:06:09.877592+00:00,
33072,ODOO-PARTNER-33072,SUSHI ON THE STREET,success,2,2026-10-07T05:06:09.877592+00:00,
33074,ODOO-PARTNER-33074,SUSHI TEI BEACHWALK (BW),success,2,2026-10-07T05:06:09.877592+00:00,
33076,ODOO-PARTNER-33076,SUSHI TEI JMBARAN (JSW),success,2,2026-10-07T05:06:09.877592+00:00,
33078,ODOO-PARTNER-33078,SUSHIKOO,success,2,2026-10-07T05:06:09.877592+00:00,
33080,ODOO-PARTNER-33080,SUSHIMI BERAWA,success,2,2026-10-07T05:06:09.877592+00:00,
33082,ODOO-PARTNER-33082,SUSHIMI SEMINYAK BALI,success,2,2026-10-07T05:06:09.877592+00:00,
33084,ODOO-PARTNER-33084,SUSHIMI ULUWATU,success,2,2026-10-07T05:06:09.877592+00:00,
25209,ODOO-PARTNER-25209,SWAN MART,success,2,2026-10-07T05:06:09.877592+00:00,
25211,ODOO-PARTNER-25211,SWASTIKA DRUGSTORE,success,2,2026-10-07T05:06:09.877592+00:00,
40569,ODOO-PARTNER-40569,SWEET OCEAN GELATO & SNACK,success,2,2026-10-07T05:06:09.877592+00:00,
33086,ODOO-PARTNER-33086,SWINGER BAR AND KITCHEN,success,2,2026-10-07T05:06:09.877592+00:00,
33088,ODOO-PARTNER-33088,SWISS BELL TUBAN,success,2,2026-10-07T05:06:09.877592+00:00,
33090,ODOO-PARTNER-33090,SWISS-BELHOTEL RAINFOREST,success,2,2026-10-07T05:06:09.877592+00:00,
33092,ODOO-PARTNER-33092,T.ONE COFFEE AND KITCHEN,success,2,2026-10-07T05:06:09.877592+00:00,
33093,ODOO-PARTNER-33093,TABU,success,2,2026-10-07T05:06:09.877592+00:00,
33097,ODOO-PARTNER-33097,TAMAN BHAGAWAN,success,2,2026-10-07T05:06:09.877592+00:00,
46517,ODOO-PARTNER-46517,TAN'S BAKERY CV,success,2,2026-10-07T05:06:09.877592+00:00,
39175,ODOO-PARTNER-39175,TANA BISTRO ULUWATU,success,2,2026-10-07T05:06:09.877592+00:00,
33099,ODOO-PARTNER-33099,TANA CAFE,success,2,2026-10-07T05:06:09.877592+00:00,
33101,ODOO-PARTNER-33101,TANA DEWA,success,2,2026-10-07T05:06:09.877592+00:00,
33103,ODOO-PARTNER-33103,TANAH GAJAH RAJASA PT,success,2,2026-10-07T05:06:09.877592+00:00,
33105,ODOO-PARTNER-33105,TARABELLE DONUTS,success,2,2026-10-07T05:06:09.877592+00:00,
25213,ODOO-PARTNER-25213,TAROMART,success,2,2026-10-07T05:06:09.877592+00:00,
33107,ODOO-PARTNER-33107,TARRAGON GEORGIAN REST & LOUNGE BAR,success,2,2026-10-07T05:06:09.877592+00:00,
25215,ODOO-PARTNER-25215,TAURUS GEMILANG PT,success,2,2026-10-07T05:06:09.877592+00:00,
33111,ODOO-PARTNER-33111,TE'AMO - GASTRO BISTRO,success,2,2026-10-07T05:06:09.877592+00:00,
33113,ODOO-PARTNER-33113,TEA POINT (PAK DEVA),success,2,2026-10-07T05:06:09.877592+00:00,
40690,ODOO-PARTNER-40690,TEMU KAMU RESERVA,success,2,2026-10-07T05:06:09.877592+00:00,
33115,ODOO-PARTNER-33115,TENDER LEAF CANTEEN,success,2,2026-10-07T05:06:09.877592+00:00,
40117,ODOO-PARTNER-40117,TENDER LEAF CANTEEN PECATU,success,2,2026-10-07T05:06:09.877592+00:00,
33117,ODOO-PARTNER-33117,TENTANG KOPI K-SQUARE,success,2,2026-10-07T05:06:09.877592+00:00,
33121,ODOO-PARTNER-33121,TERAS KOTA,success,2,2026-10-07T05:06:09.877592+00:00,
33125,ODOO-PARTNER-33125,THAI I NDO KITCHEN,success,2,2026-10-07T05:06:09.877592+00:00,
33127,ODOO-PARTNER-33127,THAILICIOUS SANUR,success,2,2026-10-07T05:06:09.877592+00:00,
33129,ODOO-PARTNER-33129,THE ALLEYS CAFE,success,2,2026-10-07T05:06:09.877592+00:00,
33133,ODOO-PARTNER-33133,THE AMORA BALI,success,2,2026-10-07T05:06:09.877592+00:00,
42506,ODOO-PARTNER-42506,THE ANTS PANTS,success,2,2026-10-07T05:06:09.877592+00:00,
33135,ODOO-PARTNER-33135,THE ANVAYA BEACH RESORT,success,2,2026-10-07T05:06:09.877592+00:00,
32255,ODOO-PARTNER-32255,THE APURVA KEMPINSKI BALI,success,2,2026-10-07T05:06:09.877592+00:00,
33139,ODOO-PARTNER-33139,THE BAKERS BISTRO,success,2,2026-10-07T05:06:09.877592+00:00,
33141,ODOO-PARTNER-33141,THE BARN CANGGU,success,2,2026-10-07T05:06:09.877592+00:00,
33143,ODOO-PARTNER-33143,THE BENCH BREWERY,success,2,2026-10-07T05:06:09.877592+00:00,
33145,ODOO-PARTNER-33145,THE BENCH CANGGU,success,2,2026-10-07T05:06:09.877592+00:00,
33147,ODOO-PARTNER-33147,THE BIDADARI VILLA & SPA,success,2,2026-10-07T05:06:09.877592+00:00,
40281,ODOO-PARTNER-40281,THE BIG MEAT PERERENAN,success,2,2026-10-07T05:06:09.877592+00:00,
46005,ODOO-PARTNER-46005,THE BOWL BINGIN,success,2,2026-10-07T05:06:09.877592+00:00,
40006,ODOO-PARTNER-40006,THE BUN BAKERY,success,2,2026-10-07T05:06:09.877592+00:00,
33149,ODOO-PARTNER-33149,THE BUN BAKERY,success,2,2026-10-07T05:06:09.877592+00:00,
39163,ODOO-PARTNER-39163,THE BUSTLE,success,2,2026-10-07T05:06:09.877592+00:00,
33153,ODOO-PARTNER-33153,THE CAKRA HOTEL,success,2,2026-10-07T05:06:09.877592+00:00,
33158,ODOO-PARTNER-33158,THE COMMON CAFE,success,2,2026-10-07T05:06:09.877592+00:00,
33160,ODOO-PARTNER-33160,THE CRAFE,success,2,2026-10-07T05:06:09.877592+00:00,
33162,ODOO-PARTNER-33162,THE DAILY HABIT COFFEE,success,2,2026-10-07T05:06:09.877592+00:00,
33164,ODOO-PARTNER-33164,THE DAUN COFFEE & CAFE,success,2,2026-10-07T05:06:09.877592+00:00,
33168,ODOO-PARTNER-33168,THE EDGE,success,2,2026-10-07T05:06:09.877592+00:00,
33170,ODOO-PARTNER-33170,THE ELEPHANT,success,2,2026-10-07T05:06:09.877592+00:00,
40703,ODOO-PARTNER-40703,THE ELYSIAN VILLA,success,2,2026-10-07T05:06:09.877592+00:00,
33172,ODOO-PARTNER-33172,THE FARM HOSTEL,success,2,2026-10-07T05:06:09.877592+00:00,
33174,ODOO-PARTNER-33174,THE FARMER BREWS,success,2,2026-10-07T05:06:09.877592+00:00,
33176,ODOO-PARTNER-33176,THE FORGE,success,2,2026-10-07T05:06:09.877592+00:00,
46762,ODOO-PARTNER-46762,THE FOUNDRY BABAKAN,success,2,2026-10-07T05:06:09.877592+00:00,
47463,ODOO-PARTNER-47463,THE FOUNDRY ULUWATU,success,2,2026-10-07T05:06:09.877592+00:00,
33178,ODOO-PARTNER-33178,THE GENERAL,success,2,2026-10-07T05:06:09.877592+00:00,
33180,ODOO-PARTNER-33180,THE GOAT LEGIAN,success,2,2026-10-07T05:06:09.877592+00:00,
33182,ODOO-PARTNER-33182,THE GOAT MELASTI,success,2,2026-10-07T05:06:09.877592+00:00,
33184,ODOO-PARTNER-33184,THE GOAT SEMINYAK,success,2,2026-10-07T05:06:09.877592+00:00,
33186,ODOO-PARTNER-33186,THE GONG VILLA,success,2,2026-10-07T05:06:09.877592+00:00,
33188,ODOO-PARTNER-33188,THE GRIPIZ,success,2,2026-10-07T05:06:09.877592+00:00,
33192,ODOO-PARTNER-33192,THE HUB BALI RESTAURANT,success,2,2026-10-07T05:06:09.877592+00:00,
33194,ODOO-PARTNER-33194,THE HUBBLE RESTAURANT,success,2,2026-10-07T05:06:09.877592+00:00,
33196,ODOO-PARTNER-33196,THE ISLAND GRILL & LOUNGE,success,2,2026-10-07T05:06:09.877592+00:00,
33198,ODOO-PARTNER-33198,THE JARDIN SEMINYAK,success,2,2026-10-07T05:06:09.877592+00:00,
33200,ODOO-PARTNER-33200,THE JAYAKARTA,success,2,2026-10-07T05:06:09.877592+00:00,
44659,ODOO-PARTNER-44659,THE KERANJANG,success,2,2026-10-07T05:06:09.877592+00:00,
33202,ODOO-PARTNER-33202,THE KOOP COFFEE & ROASTRY,success,2,2026-10-07T05:06:09.877592+00:00,
33204,ODOO-PARTNER-33204,THE KUTA BEACH HERITAGE,success,2,2026-10-07T05:06:09.877592+00:00,
33206,ODOO-PARTNER-33206,THE LAWN,success,2,2026-10-07T05:06:09.877592+00:00,
44813,ODOO-PARTNER-44813,THE LEGIAN SEMINYAK BALI,success,2,2026-10-07T05:06:09.877592+00:00,
33208,ODOO-PARTNER-33208,THE LEMON TREE,success,2,2026-10-07T05:06:09.877592+00:00,
33210,ODOO-PARTNER-33210,THE LIBRARY,success,2,2026-10-07T05:06:09.877592+00:00,
33212,ODOO-PARTNER-33212,THE LIGHT VILLA,success,2,2026-10-07T05:06:09.877592+00:00,
33214,ODOO-PARTNER-33214,THE LOCOST COFFEE AND EATERY,success,2,2026-10-07T05:06:09.877592+00:00,
33216,ODOO-PARTNER-33216,THE LOKHA LEGIAN RESORT & SPA,success,2,2026-10-07T05:06:09.877592+00:00,
33218,ODOO-PARTNER-33218,THE MAHATA LEGIAN HOTEL,success,2,2026-10-07T05:06:09.877592+00:00,
33220,ODOO-PARTNER-33220,THE MELIA,success,2,2026-10-07T05:06:09.877592+00:00,
33224,ODOO-PARTNER-33224,THE MERU SANUR,success,2,2026-10-07T05:06:09.877592+00:00,
33226,ODOO-PARTNER-33226,THE MULIA HOTEL,success,2,2026-10-07T05:06:09.877592+00:00,
33228,ODOO-PARTNER-33228,THE NEST HOTEL,success,2,2026-10-07T05:06:09.877592+00:00,
33230,ODOO-PARTNER-33230,THE OBEROI HOTEL,success,2,2026-10-07T05:06:09.877592+00:00,
33232,ODOO-PARTNER-33232,THE PAD BAR & GRILL,success,2,2026-10-07T05:06:09.877592+00:00,
25225,ODOO-PARTNER-25225,THE PANTRY SANUR,success,2,2026-10-07T05:06:09.877592+00:00,
41320,ODOO-PARTNER-41320,THE PATRA BALI RESORT & VILLAS,success,2,2026-10-07T05:06:09.877592+00:00,
33234,ODOO-PARTNER-33234,THE PLUMBERS ARMS,success,2,2026-10-07T05:06:09.877592+00:00,
33238,ODOO-PARTNER-33238,THE PURISH VILLA UBUD,success,2,2026-10-07T05:06:09.877592+00:00,
33242,ODOO-PARTNER-33242,THE ROOTS & LOCAL,success,2,2026-10-07T05:06:09.877592+00:00,
39821,ODOO-PARTNER-39821,THE ROYAL,success,2,2026-10-07T05:06:09.877592+00:00,
39903,ODOO-PARTNER-39903,THE ROYAL SANTRIAN,success,2,2026-10-07T05:06:09.877592+00:00,
33244,ODOO-PARTNER-33244,THE SAMAYA SEMINYAK,success,2,2026-10-07T05:06:09.877592+00:00,
33246,ODOO-PARTNER-33246,THE SANCTOO SPA & WELLNESS,success,2,2026-10-07T05:06:09.877592+00:00,
33254,ODOO-PARTNER-33254,THE SAYAN HOUSE UBUD,success,2,2026-10-07T05:06:09.877592+00:00,
39799,ODOO-PARTNER-39799,THE SLOTH PERERENAN,success,2,2026-10-07T05:06:09.877592+00:00,
33258,ODOO-PARTNER-33258,THE SLOTH SUITE & CAFE,success,2,2026-10-07T05:06:09.877592+00:00,
33260,ODOO-PARTNER-33260,THE SLOW,success,2,2026-10-07T05:06:09.877592+00:00,
47306,ODOO-PARTNER-47306,THE SMART RESTAURANTS PT,success,2,2026-10-07T05:06:09.877592+00:00,
33262,ODOO-PARTNER-33262,THE SPELL CREPERIA,success,2,2026-10-07T05:06:09.877592+00:00,
33264,ODOO-PARTNER-33264,THE ST. REGIS,success,2,2026-10-07T05:06:09.877592+00:00,
33266,ODOO-PARTNER-33266,THE STONE HOTEL,success,2,2026-10-07T05:06:09.877592+00:00,
33268,ODOO-PARTNER-33268,THE UNGASAN CLIFFTOP RESORT,success,2,2026-10-07T05:06:09.877592+00:00,
33272,ODOO-PARTNER-33272,THE VIRA BALI HOTEL,success,2,2026-10-07T05:06:09.877592+00:00,
33276,ODOO-PARTNER-33276,THEATRE BAR CANGGU,success,2,2026-10-07T05:06:09.877592+00:00,
40269,ODOO-PARTNER-40269,THIS IS BALI,success,2,2026-10-07T05:06:09.877592+00:00,
33278,ODOO-PARTNER-33278,THREE KINGS CAFE,success,2,2026-10-07T05:06:09.877592+00:00,
33280,ODOO-PARTNER-33280,THREE MONKEYS SANUR,success,2,2026-10-07T05:06:09.877592+00:00,
33282,ODOO-PARTNER-33282,THREE MONKEYS UBUD,success,2,2026-10-07T05:06:09.877592+00:00,
33288,ODOO-PARTNER-33288,TIGER LILYS,success,2,2026-10-07T05:06:09.877592+00:00,
44480,ODOO-PARTNER-44480,TIJILI HOTEL BENOA,success,2,2026-10-07T05:06:09.877592+00:00,
33062,ODOO-PARTNER-33062,TIMES BEACH WARUNG,success,2,2026-10-07T05:06:09.877592+00:00,
33290,ODOO-PARTNER-33290,TIPI BAR,success,2,2026-10-07T05:06:09.877592+00:00,
25233,ODOO-PARTNER-25233,TIRTA DEWATA,success,2,2026-10-07T05:06:09.877592+00:00,
33292,ODOO-PARTNER-33292,TITI BATU CLUB,success,2,2026-10-07T05:06:09.877592+00:00,
33294,ODOO-PARTNER-33294,TITIK DUA UBUD,success,2,2026-10-07T05:06:09.877592+00:00,
25237,ODOO-PARTNER-25237,TOBAKU LARIS,success,2,2026-10-07T05:06:09.877592+00:00,
25247,ODOO-PARTNER-25247,TOKO ADI JAYA,success,2,2026-10-07T05:06:09.877592+00:00,
25253,ODOO-PARTNER-25253,TOKO AMARA,success,2,2026-10-07T05:06:09.877592+00:00,
40165,ODOO-PARTNER-40165,TOKO ANTAR SARI,success,2,2026-10-07T05:06:09.877592+00:00,
25269,ODOO-PARTNER-25269,TOKO ASRI JAYA,success,2,2026-10-07T05:06:09.877592+00:00,
40584,ODOO-PARTNER-40584,TOKO BAGUS BAJERA,success,2,2026-10-07T05:06:09.877592+00:00,
40510,ODOO-PARTNER-40510,TOKO BM (BAROKAH MEGA),success,2,2026-10-07T05:06:09.877592+00:00,
40420,ODOO-PARTNER-40420,TOKO BU DAYU,success,2,2026-10-07T05:06:09.877592+00:00,
41088,ODOO-PARTNER-41088,TOKO BUCU,success,2,2026-10-07T05:06:09.877592+00:00,
40363,ODOO-PARTNER-40363,TOKO CAHYA,success,2,2026-10-07T05:06:09.877592+00:00,
39858,ODOO-PARTNER-39858,TOKO DAPURKU,success,2,2026-10-07T05:06:09.877592+00:00,
40512,ODOO-PARTNER-40512,TOKO DEDE,success,2,2026-10-07T05:06:09.877592+00:00,
40353,ODOO-PARTNER-40353,TOKO FAJAR JAYA,success,2,2026-10-07T05:06:09.877592+00:00,
25292,ODOO-PARTNER-25292,TOKO GELATI 1,success,2,2026-10-07T05:06:09.877592+00:00,
39090,ODOO-PARTNER-39090,TOKO IBU PUTRI,success,2,2026-10-07T05:06:09.877592+00:00,
39119,ODOO-PARTNER-39119,TOKO INDRA JAYA KLUNGKUNG,success,2,2026-10-07T05:06:09.877592+00:00,
25304,ODOO-PARTNER-25304,TOKO JINENG REJEKI DAN GROSIR,success,2,2026-10-07T05:06:09.877592+00:00,
40094,ODOO-PARTNER-40094,TOKO KARTIKA JAYA,success,2,2026-10-07T05:06:09.877592+00:00,
40413,ODOO-PARTNER-40413,TOKO KRISNA GROSIR,success,2,2026-10-07T05:06:09.877592+00:00,
40457,ODOO-PARTNER-40457,TOKO LARIS,success,2,2026-10-07T05:06:09.877592+00:00,
40182,ODOO-PARTNER-40182,TOKO LISA,success,2,2026-10-07T05:06:09.877592+00:00,
40153,ODOO-PARTNER-40153,TOKO MAMA DANIS,success,2,2026-10-07T05:06:09.877592+00:00,
25328,ODOO-PARTNER-25328,TOKO MANIK SARI UBUD,success,2,2026-10-07T05:06:09.877592+00:00,
42145,ODOO-PARTNER-42145,TOKO MARDIKA,success,2,2026-10-07T05:06:09.877592+00:00,
25334,ODOO-PARTNER-25334,TOKO MARIS MARGA,success,2,2026-10-07T05:06:09.877592+00:00,
40154,ODOO-PARTNER-40154,TOKO MEKAR SARI,success,2,2026-10-07T05:06:09.877592+00:00,
41489,ODOO-PARTNER-41489,TOKO MEKAR SARI 2,success,2,2026-10-07T05:06:09.877592+00:00,
39164,ODOO-PARTNER-39164,TOKO MERTHA BAKTI,success,2,2026-10-07T05:06:09.877592+00:00,
25342,ODOO-PARTNER-25342,TOKO MINI DELI,success,2,2026-10-07T05:06:09.877592+00:00,
40579,ODOO-PARTNER-40579,TOKO MKJ,success,2,2026-10-07T05:06:09.877592+00:00,
39133,ODOO-PARTNER-39133,TOKO MULYA BALI GROSIR,success,2,2026-10-07T05:06:09.877592+00:00,
25350,ODOO-PARTNER-25350,TOKO NAMBI,success,2,2026-10-07T05:06:09.877592+00:00,
41108,ODOO-PARTNER-41108,TOKO NINI,success,2,2026-10-07T05:06:09.877592+00:00,
39874,ODOO-PARTNER-39874,TOKO PERANI BUMI,success,2,2026-10-07T05:06:09.877592+00:00,
42934,ODOO-PARTNER-42934,TOKO PONDOK SOSIS ANGEL,success,2,2026-10-07T05:06:09.877592+00:00,
25378,ODOO-PARTNER-25378,TOKO SAM,success,2,2026-10-07T05:06:09.877592+00:00,
40532,ODOO-PARTNER-40532,TOKO SARIJAYA,success,2,2026-10-07T05:06:09.877592+00:00,
25394,ODOO-PARTNER-25394,TOKO SINAR INDAH GATSU,success,2,2026-10-07T05:06:09.877592+00:00,
43285,ODOO-PARTNER-43285,TOKO SRC DEVANA,success,2,2026-10-07T05:06:09.877592+00:00,
25402,ODOO-PARTNER-25402,TOKO STOCK DAPUR,success,2,2026-10-07T05:06:09.877592+00:00,
41109,ODOO-PARTNER-41109,TOKO SURYA BARU,success,2,2026-10-07T05:06:09.877592+00:00,
39256,ODOO-PARTNER-39256,TOKO WENTEN,success,2,2026-10-07T05:06:09.877592+00:00,
40189,ODOO-PARTNER-40189,TOKO WETU,success,2,2026-10-07T05:06:09.877592+00:00,
25426,ODOO-PARTNER-25426,TOKO YOYO KAPTEN JAPA,success,2,2026-10-07T05:06:09.877592+00:00,
44848,ODOO-PARTNER-44848,TOKO YULI INDAH SINGAPADU,success,2,2026-10-07T05:06:09.877592+00:00,
33298,ODOO-PARTNER-33298,TOP HAT CAFE,success,2,2026-10-07T05:06:09.877592+00:00,
33302,ODOO-PARTNER-33302,TOUCHE CAFE,success,2,2026-10-07T05:06:09.877592+00:00,
39968,ODOO-PARTNER-39968,TOUCHE TIYING TUTUL,success,2,2026-10-07T05:06:09.877592+00:00,
39936,ODOO-PARTNER-39936,TRAYA,success,2,2026-10-07T05:06:09.877592+00:00,
33306,ODOO-PARTNER-33306,TREASURE COFFEE BANDARA,success,2,2026-10-07T05:06:09.877592+00:00,
25433,ODOO-PARTNER-25433,TRI AYU MART BILA DALUNG,success,2,2026-10-07T05:06:09.877592+00:00,
33308,ODOO-PARTNER-33308,TRIBE BALI KUTA BEACH HOTEL,success,2,2026-10-07T05:06:09.877592+00:00,
25443,ODOO-PARTNER-25443,TRISNA PUTRA JIMBARAN UD,success,2,2026-10-07T05:06:09.877592+00:00,
25447,ODOO-PARTNER-25447,TRISNA TOSERBA,success,2,2026-10-07T05:06:09.877592+00:00,
39587,ODOO-PARTNER-39587,TROLLEY,success,2,2026-10-07T05:06:09.877592+00:00,
33314,ODOO-PARTNER-33314,TROPICAL ANTS,success,2,2026-10-07T05:06:09.877592+00:00,
33316,ODOO-PARTNER-33316,TROPICAL MENGIAT (CV TROPICAL),success,2,2026-10-07T05:06:09.877592+00:00,
33318,ODOO-PARTNER-33318,TROPICAL NOMAD CANGGU,success,2,2026-10-07T05:06:09.877592+00:00,
39240,ODOO-PARTNER-39240,TROPICAL TWIST,success,2,2026-10-07T05:06:09.877592+00:00,
33320,ODOO-PARTNER-33320,TROPICAL UBUD (CV TROPICAL),success,2,2026-10-07T05:06:09.877592+00:00,
33324,ODOO-PARTNER-33324,TRUNTUM KUTA,success,2,2026-10-07T05:06:09.877592+00:00,
40231,ODOO-PARTNER-40231,TS MART,success,2,2026-10-07T05:06:09.877592+00:00,
33326,ODOO-PARTNER-33326,TS SUITE,success,2,2026-10-07T05:06:09.877592+00:00,
25449,ODOO-PARTNER-25449,TTM TENTEN MART,success,2,2026-10-07T05:06:09.877592+00:00,
33328,ODOO-PARTNER-33328,TUKANG KOPI,success,2,2026-10-07T05:06:09.877592+00:00,
39567,ODOO-PARTNER-39567,TUNJUNG SARI GROSIR,success,2,2026-10-07T05:06:09.877592+00:00,
40943,ODOO-PARTNER-40943,TUNU BISTRO,success,2,2026-10-07T05:06:09.877592+00:00,
33330,ODOO-PARTNER-33330,TUSK RESTAURANT,success,2,2026-10-07T05:06:09.877592+00:00,
33332,ODOO-PARTNER-33332,TWELVE URBAN CAFE,success,2,2026-10-07T05:06:09.877592+00:00,
33334,ODOO-PARTNER-33334,TWIN JOGLO,success,2,2026-10-07T05:06:09.877592+00:00,
33336,ODOO-PARTNER-33336,TWO FAT MONKS ASIAN BISTRO,success,2,2026-10-07T05:06:09.877592+00:00,
33338,ODOO-PARTNER-33338,TWO MOODS,success,2,2026-10-07T05:06:09.877592+00:00,
33342,ODOO-PARTNER-33342,TYGR SUSHI BATU BOLONG,success,2,2026-10-07T05:06:09.877592+00:00,
33344,ODOO-PARTNER-33344,TYGR SUSHI BERAWA,success,2,2026-10-07T05:06:09.877592+00:00,
45827,ODOO-PARTNER-45827,TYGR SUSHI MUNGGU,success,2,2026-10-07T05:06:09.877592+00:00,
33346,ODOO-PARTNER-33346,TYGR SUSHI UBUD,success,2,2026-10-07T05:06:09.877592+00:00,
33352,ODOO-PARTNER-33352,UBAD RETREAT,success,2,2026-10-07T05:06:09.877592+00:00,
33360,ODOO-PARTNER-33360,UBUD NYUH BALI VILLA,success,2,2026-10-07T05:06:09.877592+00:00,
33362,ODOO-PARTNER-33362,UBUD WANA RESORT,success,2,2026-10-07T05:06:09.877592+00:00,
33364,ODOO-PARTNER-33364,UBUD YOGA CENTRE,success,2,2026-10-07T05:06:09.877592+00:00,
33368,ODOO-PARTNER-33368,UENAKE,success,2,2026-10-07T05:06:09.877592+00:00,
40730,ODOO-PARTNER-40730,ULA CAFE,success,2,2026-10-07T05:06:09.877592+00:00,
41077,ODOO-PARTNER-41077,ULEKAN BERAWA,success,2,2026-10-07T05:06:09.877592+00:00,
33371,ODOO-PARTNER-33371,ULU ARTISAN UNGASAN,success,2,2026-10-07T05:06:09.877592+00:00,
33373,ODOO-PARTNER-33373,ULU EAT ARTISAN AND COCKTAIL,success,2,2026-10-07T05:06:09.877592+00:00,
33375,ODOO-PARTNER-33375,ULU FISH MARKET,success,2,2026-10-07T05:06:09.877592+00:00,
33377,ODOO-PARTNER-33377,ULUWATU SURF VILLA,success,2,2026-10-07T05:06:09.877592+00:00,
33379,ODOO-PARTNER-33379,UMA GARDEN,success,2,2026-10-07T05:06:09.877592+00:00,
46158,ODOO-PARTNER-46158,UMI RESORT ULUWATU,success,2,2026-10-07T05:06:09.877592+00:00,
33381,ODOO-PARTNER-33381,UMPADHI HOTEL,success,2,2026-10-07T05:06:09.877592+00:00,
32197,ODOO-PARTNER-32197,UNGASAN SEMESTA RESORT PT,success,2,2026-10-07T05:06:09.877592+00:00,
33389,ODOO-PARTNER-33389,UNIBOWL PERERENAN,success,2,2026-10-07T05:06:09.877592+00:00,
40561,ODOO-PARTNER-40561,UNIT SWALAYAN MINI,success,2,2026-10-07T05:06:09.877592+00:00,
33391,ODOO-PARTNER-33391,UPTODATE CAFE & EATERY UBUD,success,2,2026-10-07T05:06:09.877592+00:00,
33393,ODOO-PARTNER-33393,URBAN BITE BERAWA,success,2,2026-10-07T05:06:09.877592+00:00,
33395,ODOO-PARTNER-33395,URBAN BITES SEMINYAK,success,2,2026-10-07T05:06:09.877592+00:00,
33397,ODOO-PARTNER-33397,URBAN FOLKS,success,2,2026-10-07T05:06:09.877592+00:00,
33399,ODOO-PARTNER-33399,URBAN SEASIDE,success,2,2026-10-07T05:06:09.877592+00:00,
33405,ODOO-PARTNER-33405,VALENTINE MOCHI,success,2,2026-10-07T05:06:09.877592+00:00,
40460,ODOO-PARTNER-40460,VANARA RESORT,success,2,2026-10-07T05:06:09.877592+00:00,
33409,ODOO-PARTNER-33409,VANESSA BAKERY,success,2,2026-10-07T05:06:09.877592+00:00,
33416,ODOO-PARTNER-33416,VENCHI SURABAYA,success,2,2026-10-07T05:06:09.877592+00:00,
33418,ODOO-PARTNER-33418,VIA EMILIA,success,2,2026-10-07T05:06:09.877592+00:00,
40424,ODOO-PARTNER-40424,VICTORY EATERY GRILL HOUSE,success,2,2026-10-07T05:06:09.877592+00:00,
33424,ODOO-PARTNER-33424,VILLA GADJA,success,2,2026-10-07T05:06:09.877592+00:00,
33426,ODOO-PARTNER-33426,VILLA JERAMI,success,2,2026-10-07T05:06:09.877592+00:00,
33428,ODOO-PARTNER-33428,VILLA KAKUL UBUD,success,2,2026-10-07T05:06:09.877592+00:00,
33432,ODOO-PARTNER-33432,VILLA KUBU SEMINYAK,success,2,2026-10-07T05:06:09.877592+00:00,
31773,ODOO-PARTNER-31773,VIVA DASH HOTEL SEMINYAK,success,2,2026-10-07T05:06:09.877592+00:00,
33444,ODOO-PARTNER-33444,VOLKEN COFFEE,success,2,2026-10-07T05:06:09.877592+00:00,
44567,ODOO-PARTNER-44567,VRINDAVAN KUTA,success,2,2026-10-07T05:06:09.877592+00:00,
33448,ODOO-PARTNER-33448,W HOTEL,success,2,2026-10-07T05:06:09.877592+00:00,
39935,ODOO-PARTNER-39935,WACKO BURGER DRUPADI,success,2,2026-10-07T05:06:09.877592+00:00,
39934,ODOO-PARTNER-39934,WACKO BURGER PETITENGET,success,2,2026-10-07T05:06:09.877592+00:00,
40535,ODOO-PARTNER-40535,WAHYU MART,success,2,2026-10-07T05:06:09.877592+00:00,
33458,ODOO-PARTNER-33458,WAKATOBI DIVE RESORT,success,2,2026-10-07T05:06:09.877592+00:00,
39939,ODOO-PARTNER-39939,WAKUL NASI RESTO AND CO WORKING SPACE,success,2,2026-10-07T05:06:09.877592+00:00,
25479,ODOO-PARTNER-25479,WANA MART,success,2,2026-10-07T05:06:09.877592+00:00,
39229,ODOO-PARTNER-39229,WANDERLUST CROSSFIT PADONAN,success,2,2026-10-07T05:06:09.877592+00:00,
25491,ODOO-PARTNER-25491,WARUNG ADI JAYA UBUD,success,2,2026-10-07T05:06:09.877592+00:00,
39762,ODOO-PARTNER-39762,WARUNG ALUS,success,2,2026-10-07T05:06:09.877592+00:00,
40347,ODOO-PARTNER-40347,WARUNG ASTUNGKARA MESARI,success,2,2026-10-07T05:06:09.877592+00:00,
39188,ODOO-PARTNER-39188,WARUNG BAMBOO,success,2,2026-10-07T05:06:09.877592+00:00,
39173,ODOO-PARTNER-39173,WARUNG BHO BHO THAI,success,2,2026-10-07T05:06:09.877592+00:00,
39172,ODOO-PARTNER-39172,WARUNG CENANA,success,2,2026-10-07T05:06:09.877592+00:00,
39437,ODOO-PARTNER-39437,WARUNG CITTA OVEST PIZZA & PASTA,success,2,2026-10-07T05:06:09.877592+00:00,
39345,ODOO-PARTNER-39345,WARUNG DAPUR DELI,success,2,2026-10-07T05:06:09.877592+00:00,
39248,ODOO-PARTNER-39248,WARUNG DUA UMALAS,success,2,2026-10-07T05:06:09.877592+00:00,
39481,ODOO-PARTNER-39481,WARUNG EROPA,success,2,2026-10-07T05:06:09.877592+00:00,
39844,ODOO-PARTNER-39844,WARUNG FLAMINGO,success,2,2026-10-07T05:06:09.877592+00:00,
25452,ODOO-PARTNER-25452,WARUNG GROSIR BUKIT BINTANG,success,2,2026-10-07T05:06:09.877592+00:00,
25503,ODOO-PARTNER-25503,WARUNG GROSIR BUNG TOMO,success,2,2026-10-07T05:06:09.877592+00:00,
39347,ODOO-PARTNER-39347,WARUNG JATI,success,2,2026-10-07T05:06:09.877592+00:00,
39265,ODOO-PARTNER-39265,WARUNG KELOR,success,2,2026-10-07T05:06:09.877592+00:00,
39778,ODOO-PARTNER-39778,WARUNG LACO,success,2,2026-10-07T05:06:09.877592+00:00,
39249,ODOO-PARTNER-39249,WARUNG LOCAL,success,2,2026-10-07T05:06:09.877592+00:00,
39250,ODOO-PARTNER-39250,WARUNG LOCAL OFFICE,success,2,2026-10-07T05:06:09.877592+00:00,
42763,ODOO-PARTNER-42763,WARUNG MERTHA,success,2,2026-10-07T05:06:09.877592+00:00,
39288,ODOO-PARTNER-39288,WARUNG NAPOLI PIZZA,success,2,2026-10-07T05:06:09.877592+00:00,
39272,ODOO-PARTNER-39272,WARUNG ORBIT,success,2,2026-10-07T05:06:09.877592+00:00,
33401,ODOO-PARTNER-33401,WARUNG PADMASARI,success,2,2026-10-07T05:06:09.877592+00:00,
39558,ODOO-PARTNER-39558,WARUNG SAMAJA,success,2,2026-10-07T05:06:09.877592+00:00,
39279,ODOO-PARTNER-39279,WARUNG SAYUR AL-BAROKAH,success,2,2026-10-07T05:06:09.877592+00:00,
25465,ODOO-PARTNER-25465,WARUNG SHINDY,success,2,2026-10-07T05:06:09.877592+00:00,
39269,ODOO-PARTNER-39269,WARUNG TIGA CANGGU,success,2,2026-10-07T05:06:09.877592+00:00,
40574,ODOO-PARTNER-40574,WATERCRESS UBUD,success,2,2026-10-07T05:06:09.877592+00:00,
39231,ODOO-PARTNER-39231,WAVES CAFE,success,2,2026-10-07T05:06:09.877592+00:00,
39267,ODOO-PARTNER-39267,WEI TO GO,success,2,2026-10-07T05:06:09.877592+00:00,
39469,ODOO-PARTNER-39469,WEI TO GO PECATU,success,2,2026-10-07T05:06:09.877592+00:00,
33522,ODOO-PARTNER-33522,WESTIN,success,2,2026-10-07T05:06:09.877592+00:00,
39398,ODOO-PARTNER-39398,WET PLATE,success,2,2026-10-07T05:06:09.877592+00:00,
43582,ODOO-PARTNER-43582,WHITE PENNY KITCHEN & BAR,success,2,2026-10-07T05:06:09.877592+00:00,
42837,ODOO-PARTNER-42837,WIAD FROZEN FOOD,success,2,2026-10-07T05:06:09.877592+00:00,
25481,ODOO-PARTNER-25481,WIJAYA,success,2,2026-10-07T05:06:09.877592+00:00,
25514,ODOO-PARTNER-25514,WIKOWI NGED ANTASURA,success,2,2026-10-07T05:06:09.877592+00:00,
25516,ODOO-PARTNER-25516,WIKOWI NGED DUKUH SARI,success,2,2026-10-07T05:06:09.877592+00:00,
25483,ODOO-PARTNER-25483,WIKOWI NGED KAMPIAL,success,2,2026-10-07T05:06:09.877592+00:00,
25485,ODOO-PARTNER-25485,WIKOWI NGED MART PULAU MOYO,success,2,2026-10-07T05:06:09.877592+00:00,
25487,ODOO-PARTNER-25487,WIKOWI NGED MART PULAU SINGKEP,success,2,2026-10-07T05:06:09.877592+00:00,
25518,ODOO-PARTNER-25518,WIKOWI NGED MART TAMAN GIRI,success,2,2026-10-07T05:06:09.877592+00:00,
25520,ODOO-PARTNER-25520,WIKOWI NGED PUJA MANDALA,success,2,2026-10-07T05:06:09.877592+00:00,
39091,ODOO-PARTNER-39091,WIKOWI NGED SUPERMARKET,success,2,2026-10-07T05:06:09.877592+00:00,
44217,ODOO-PARTNER-44217,WRAP PARADISE,success,2,2026-10-07T05:06:09.877592+00:00,
39255,ODOO-PARTNER-39255,WYAH ART CREATIVE UBUD,success,2,2026-10-07T05:06:09.877592+00:00,
44715,ODOO-PARTNER-44715,WYNDHAM DREAMLAND RESORT,success,2,2026-10-07T05:06:09.877592+00:00,
39704,ODOO-PARTNER-39704,WYNDHAM GARDEN KUTA BEACH,success,2,2026-10-07T05:06:09.877592+00:00,
33520,ODOO-PARTNER-33520,WYNDHAM JIVVA BALI,success,2,2026-10-07T05:06:09.877592+00:00,
39190,ODOO-PARTNER-39190,XICH LO CANGGU,success,2,2026-10-07T05:06:09.877592+00:00,
39411,ODOO-PARTNER-39411,XICH LO KEROBOKAN,success,2,2026-10-07T05:06:09.877592+00:00,
39219,ODOO-PARTNER-39219,XO BURGER PURI GADING,success,2,2026-10-07T05:06:09.877592+00:00,
39316,ODOO-PARTNER-39316,XOXO RESTAURANT,success,2,2026-10-07T05:06:09.877592+00:00,
39178,ODOO-PARTNER-39178,Y SPORT BAR,success,2,2026-10-07T05:06:09.877592+00:00,
39304,ODOO-PARTNER-39304,Y SPORT BAR PADANG-PADANG,success,2,2026-10-07T05:06:09.877592+00:00,
39139,ODOO-PARTNER-39139,YAKINIKU LIKE ICON MALL,success,2,2026-10-07T05:06:09.877592+00:00,
40543,ODOO-PARTNER-40543,YAWARA BALI WAREHOUSE,success,2,2026-10-07T05:06:09.877592+00:00,
25473,ODOO-PARTNER-25473,YOGA MART,success,2,2026-10-07T05:06:09.877592+00:00,
39167,ODOO-PARTNER-39167,YUKI RESTAURANT ULUWATU,success,2,2026-10-07T05:06:09.877592+00:00,
47635,ODOO-PARTNER-47635,YULI INDAH 2 MINI MARKET,success,2,2026-10-07T05:06:09.877592+00:00,
39376,ODOO-PARTNER-39376,YUMMY UD,success,2,2026-10-07T05:06:09.877592+00:00,
42825,ODOO-PARTNER-42825,ZAHIYA FROZEN,success,2,2026-10-07T05:06:09.877592+00:00,
39359,ODOO-PARTNER-39359,ZAI CAFE,success,2,2026-10-07T05:06:09.877592+00:00,
39225,ODOO-PARTNER-39225,ZAZZY'S PIZZA,success,2,2026-10-07T05:06:09.877592+00:00,
33562,ODOO-PARTNER-33562,ZENUBUD VILLA,success,2,2026-10-07T05:06:09.877592+00:00,
33568,ODOO-PARTNER-33568,ZIN CANGGU BALI,success,2,2026-10-07T05:06:09.877592+00:00,
47002,ODOO-PARTNER-47002,alorcafeuluwatu,success,2,2026-10-07T05:06:09.877592+00:00,
47003,ODOO-PARTNER-47003,A******u,success,2,2026-10-07T05:06:09.877592+00:00,
46859,ODOO-PARTNER-46859,bubatea,success,2,2026-10-07T05:06:09.877592+00:00,
46860,ODOO-PARTNER-46860,B******A,success,2,2026-10-07T05:06:09.877592+00:00,
47526,ODOO-PARTNER-47526,ciliscili,success,2,2026-10-07T05:06:09.877592+00:00,
47527,ODOO-PARTNER-47527,S*Y,success,2,2026-10-07T05:06:09.877592+00:00,
47563,ODOO-PARTNER-47563,danielbuckle,success,2,2026-10-07T05:06:09.877592+00:00,
47564,ODOO-PARTNER-47564,D******e,success,2,2026-10-07T05:06:09.877592+00:00,
46952,ODOO-PARTNER-46952,doobie704,success,2,2026-10-07T05:06:09.877592+00:00,
46953,ODOO-PARTNER-46953,D****e,success,2,2026-10-07T05:06:09.877592+00:00,
47134,ODOO-PARTNER-47134,fritz.bali,success,2,2026-10-07T05:06:09.877592+00:00,
47135,ODOO-PARTNER-47135,F******i,success,2,2026-10-07T05:06:09.877592+00:00,
47141,ODOO-PARTNER-47141,fulq_i1yl3,success,2,2026-10-07T05:06:09.877592+00:00,
47142,ODOO-PARTNER-47142,r****a,success,2,2026-10-07T05:06:09.877592+00:00,
47663,ODOO-PARTNER-47663,georgiapsaroudaki,success,2,2026-10-07T05:06:09.877592+00:00,
47664,ODOO-PARTNER-47664,G******i,success,2,2026-10-07T05:06:09.877592+00:00,
46743,ODOO-PARTNER-46743,gvoj0uow30,success,2,2026-10-07T05:06:09.877592+00:00,
46744,ODOO-PARTNER-46744,M******y,success,2,2026-10-07T05:06:09.877592+00:00,
47757,ODOO-PARTNER-47757,jejoy18,success,2,2026-10-07T05:06:09.877592+00:00,
47758,ODOO-PARTNER-47758,A******e,success,2,2026-10-07T05:06:09.877592+00:00,
47057,ODOO-PARTNER-47057,leonyputri549,success,2,2026-10-07T05:06:09.877592+00:00,
47058,ODOO-PARTNER-47058,J******u,success,2,2026-10-07T05:06:09.877592+00:00,
47763,ODOO-PARTNER-47763,medlok.world,success,2,2026-10-07T05:06:09.877592+00:00,
47764,ODOO-PARTNER-47764,B******o,success,2,2026-10-07T05:06:09.877592+00:00,
47188,ODOO-PARTNER-47188,nc2onb1lay,success,2,2026-10-07T05:06:09.877592+00:00,
47189,ODOO-PARTNER-47189,A******n,success,2,2026-10-07T05:06:09.877592+00:00,
47065,ODOO-PARTNER-47065,new.juli.i17promax,success,2,2026-10-07T05:06:09.877592+00:00,
47066,ODOO-PARTNER-47066,R****N,success,2,2026-10-07T05:06:09.877592+00:00,
47580,ODOO-PARTNER-47580,purchasingsangam,success,2,2026-10-07T05:06:09.877592+00:00,
47581,ODOO-PARTNER-47581,D******i,success,2,2026-10-07T05:06:09.877592+00:00,
46618,ODOO-PARTNER-46618,qqzk0nwitu,success,2,2026-10-07T05:06:09.877592+00:00,
46619,ODOO-PARTNER-46619,S******Y,success,2,2026-10-07T05:06:09.877592+00:00,
46912,ODOO-PARTNER-46912,u6xvk7fo8c,success,2,2026-10-07T05:06:09.877592+00:00,
46913,ODOO-PARTNER-46913,F******g,success,2,2026-10-07T05:06:09.877592+00:00,
