customer_id,external_code,name,status,batch,timestamp,error
39353,ODOO-PARTNER-39353,07 AM BAKERS CLUB,success,1,2026-09-10T03:51:23.410900+00:00,
1655,ODOO-PARTNER-1655,07 AM BAKERS CLUB,success,1,2026-09-10T03:51:23.410900+00:00,
40520,ODOO-PARTNER-40520,12 KITCHEN & WINE ,success,1,2026-09-10T03:51:23.410900+00:00,
40360,ODOO-PARTNER-40360,163 MART,success,1,2026-09-10T03:51:23.410900+00:00,
31276,ODOO-PARTNER-31276,1880 BERAWA,success,1,2026-09-10T03:51:23.410900+00:00,
40427,ODOO-PARTNER-40427,2 ROOTS ,success,1,2026-09-10T03:51:23.410900+00:00,
31278,ODOO-PARTNER-31278,2080 BURGER NUSA DUA,success,1,2026-09-10T03:51:23.410900+00:00,
39116,ODOO-PARTNER-39116,24 HOURS BURGER PASTA & STEAKHOUSE,success,1,2026-09-10T03:51:23.410900+00:00,
38526,ODOO-PARTNER-38526,25 PM COFFEE,success,1,2026-09-10T03:51:23.410900+00:00,
31280,ODOO-PARTNER-31280,25 PM KEDAMPANG,success,1,2026-09-10T03:51:23.410900+00:00,
31281,ODOO-PARTNER-31281,25 PM NUSA DUA,success,1,2026-09-10T03:51:23.410900+00:00,
24226,ODOO-PARTNER-24226,2B'S MART,success,1,2026-09-10T03:51:23.410900+00:00,
31285,ODOO-PARTNER-31285,32DO RESTAURANT,success,1,2026-09-10T03:51:23.410900+00:00,
24228,ODOO-PARTNER-24228,40 DC MINIMART,success,1,2026-09-10T03:51:23.410900+00:00,
45005,ODOO-PARTNER-45005,40 DC MINIMART IMAM BONJOL,success,1,2026-09-10T03:51:23.410900+00:00,
24230,ODOO-PARTNER-24230,4W MINI MARKET,success,1,2026-09-10T03:51:23.410900+00:00,
39092,ODOO-PARTNER-39092,4W MINI MARKET SINDU,success,1,2026-09-10T03:51:23.410900+00:00,
24232,ODOO-PARTNER-24232,5R GROSIR UD,success,1,2026-09-10T03:51:23.410900+00:00,
39441,ODOO-PARTNER-39441,7 AM CENTRAL KITCHEN,success,1,2026-09-10T03:51:23.410900+00:00,
24234,ODOO-PARTNER-24234,7 AM CENTRAL KITCHEN,success,1,2026-09-10T03:51:23.410900+00:00,
40322,ODOO-PARTNER-40322,7 AM PERERENAN ,success,1,2026-09-10T03:51:23.410900+00:00,
40371,ODOO-PARTNER-40371,7 AM UBUD ,success,1,2026-09-10T03:51:23.410900+00:00,
39156,ODOO-PARTNER-39156,7 HUNGRY,success,1,2026-09-10T03:51:23.410900+00:00,
40247,ODOO-PARTNER-40247,7 HUNGRY KUTA,success,1,2026-09-10T03:51:23.410900+00:00,
40341,ODOO-PARTNER-40341,7 HUNGRY PETITENGET,success,1,2026-09-10T03:51:23.410900+00:00,
31287,ODOO-PARTNER-31287,707 CAFE & BISTRO,success,1,2026-09-10T03:51:23.410900+00:00,
39312,ODOO-PARTNER-39312,73 BIG M BPJ,success,1,2026-09-10T03:51:23.410900+00:00,
44662,ODOO-PARTNER-44662,7AM BAKERS 7PM DINERS SANUR,success,1,2026-09-10T03:51:23.410900+00:00,
39804,ODOO-PARTNER-39804,8 MART,success,1,2026-09-10T03:51:23.410900+00:00,
46787,ODOO-PARTNER-46787,81810,success,1,2026-09-10T03:51:23.410900+00:00,
31283,ODOO-PARTNER-31283,9/11 CAFE,success,1,2026-09-10T03:51:23.410900+00:00,
46253,ODOO-PARTNER-46253,9iap0ywzlz,success,1,2026-09-10T03:51:23.410900+00:00,
46254,ODOO-PARTNER-46254,E******t,success,1,2026-09-10T03:51:23.410900+00:00,
46633,ODOO-PARTNER-46633,9z8kxv0mad,success,1,2026-09-10T03:51:23.410900+00:00,
46634,ODOO-PARTNER-46634,S****y,success,1,2026-09-10T03:51:23.410900+00:00,
39114,ODOO-PARTNER-39114,A MART,success,1,2026-09-10T03:51:23.410900+00:00,
40436,ODOO-PARTNER-40436,AAN SUPPLIER,success,1,2026-09-10T03:51:23.410900+00:00,
24236,ODOO-PARTNER-24236,ABC MART,success,1,2026-09-10T03:51:23.410900+00:00,
40011,ODOO-PARTNER-40011,ABF MART BLAHKIUH,success,1,2026-09-10T03:51:23.410900+00:00,
31291,ODOO-PARTNER-31291,ABIA VILLA LEGIAN,success,1,2026-09-10T03:51:23.410900+00:00,
40374,ODOO-PARTNER-40374,ABID KARYA SAYUR BUAH,success,1,2026-09-10T03:51:23.410900+00:00,
31293,ODOO-PARTNER-31293,ABSTRAKT COFFEE,success,1,2026-09-10T03:51:23.410900+00:00,
24240,ODOO-PARTNER-24240,ADACO MART BADAK AGUNG,success,1,2026-09-10T03:51:23.410900+00:00,
44753,ODOO-PARTNER-44753,ADE SEAFOOD,success,1,2026-09-10T03:51:23.410900+00:00,
24242,ODOO-PARTNER-24242,ADE'X,success,1,2026-09-10T03:51:23.410900+00:00,
24244,ODOO-PARTNER-24244,ADI JAYA,success,1,2026-09-10T03:51:23.410900+00:00,
38501,ODOO-PARTNER-38501,ADIKARYA PANGAN FRESHINDO PT,success,1,2026-09-10T03:51:23.410900+00:00,
24246,ODOO-PARTNER-24246,ADITARA SUPPLIER,success,1,2026-09-10T03:51:23.410900+00:00,
24248,ODOO-PARTNER-24248,ADITYA UD,success,1,2026-09-10T03:51:23.410900+00:00,
31295,ODOO-PARTNER-31295,ADIWANA UNAGI,success,1,2026-09-10T03:51:23.410900+00:00,
43286,ODOO-PARTNER-43286,ADS FROZEN FOOD,success,1,2026-09-10T03:51:23.410900+00:00,
46336,ODOO-PARTNER-46336,ADYATMA DANISWARA DEWATA ABADI CV,success,1,2026-09-10T03:51:23.410900+00:00,
31297,ODOO-PARTNER-31297,AEROFOOD ACS,success,1,2026-09-10T03:51:23.410900+00:00,
24250,ODOO-PARTNER-24250,AF MART,success,1,2026-09-10T03:51:23.410900+00:00,
31299,ODOO-PARTNER-31299,AFTER HOURS,success,1,2026-09-10T03:51:23.410900+00:00,
31301,ODOO-PARTNER-31301,AGATHA VILLAS,success,1,2026-09-10T03:51:23.410900+00:00,
33413,ODOO-PARTNER-33413,AGAVE & AZUL,success,1,2026-09-10T03:51:23.410900+00:00,
40013,ODOO-PARTNER-40013,AGED AND BUTCHERED STEAKHOUSE,success,1,2026-09-10T03:51:23.410900+00:00,
40273,ODOO-PARTNER-40273,AGET COLLECTION,success,1,2026-09-10T03:51:23.410900+00:00,
39738,ODOO-PARTNER-39738,AGISTA GROSIR,success,1,2026-09-10T03:51:23.410900+00:00,
24238,ODOO-PARTNER-24238,AGROBIS DEWATA FOODMART CV,success,1,2026-09-10T03:51:23.410900+00:00,
39155,ODOO-PARTNER-39155,AGUNG GROSIR,success,1,2026-09-10T03:51:23.410900+00:00,
39194,ODOO-PARTNER-39194,AKARI RAMEN LEVEL 21,success,1,2026-09-10T03:51:23.410900+00:00,
31305,ODOO-PARTNER-31305,AKARI RAMEN LIVING WORLD,success,1,2026-09-10T03:51:23.410900+00:00,
39123,ODOO-PARTNER-39123,AKARI SUSHI ICON MALL,success,1,2026-09-10T03:51:23.410900+00:00,
39705,ODOO-PARTNER-39705,AKSARA BALI GROUP,success,1,2026-09-10T03:51:23.410900+00:00,
31307,ODOO-PARTNER-31307,AKTUAL KOPI,success,1,2026-09-10T03:51:23.410900+00:00,
31311,ODOO-PARTNER-31311,AL DIWAN RESTAURANT,success,1,2026-09-10T03:51:23.410900+00:00,
24252,ODOO-PARTNER-24252,AL HOUSE DELIVERY,success,1,2026-09-10T03:51:23.410900+00:00,
24254,ODOO-PARTNER-24254,AL MART,success,1,2026-09-10T03:51:23.410900+00:00,
31313,ODOO-PARTNER-31313,ALAM KUL KUL,success,1,2026-09-10T03:51:23.410900+00:00,
31315,ODOO-PARTNER-31315,ALAYA RESORT UBUD,success,1,2026-09-10T03:51:23.410900+00:00,
41263,ODOO-PARTNER-41263,ALAYA SUITES UBUD,success,1,2026-09-10T03:51:23.410900+00:00,
40448,ODOO-PARTNER-40448,ALBANNA MART,success,1,2026-09-10T03:51:23.410900+00:00,
46923,ODOO-PARTNER-46923,ALCHEMY YOGA SHOP UBUD,success,1,2026-09-10T03:51:23.410900+00:00,
46921,ODOO-PARTNER-46921,ALCHEMY YOGA SHOP ULUWATU,success,1,2026-09-10T03:51:23.410900+00:00,
24256,ODOO-PARTNER-24256,ALFAMART ABIAN TIMBUL Q747,success,1,2026-09-10T03:51:23.410900+00:00,
24257,ODOO-PARTNER-24257,ALFAMART BAJRA SANDI Q691,success,1,2026-09-10T03:51:23.410900+00:00,
24258,ODOO-PARTNER-24258,ALFAMART BATU BOLONG Q722,success,1,2026-09-10T03:51:23.410900+00:00,
24259,ODOO-PARTNER-24259,ALFAMART BERINGKIT Q382,success,1,2026-09-10T03:51:23.410900+00:00,
24260,ODOO-PARTNER-24260,ALFAMART BUANA RAYA Q061,success,1,2026-09-10T03:51:23.410900+00:00,
24261,ODOO-PARTNER-24261,ALFAMART BY PASS SANUR Q703,success,1,2026-09-10T03:51:23.410900+00:00,
39129,ODOO-PARTNER-39129,ALFAMART CUCUKAN Q839,success,1,2026-09-10T03:51:23.410900+00:00,
24262,ODOO-PARTNER-24262,ALFAMART DANAU BUYAN Q674,success,1,2026-09-10T03:51:23.410900+00:00,
24263,ODOO-PARTNER-24263,ALFAMART DANAU POSO Q771,success,1,2026-09-10T03:51:23.410900+00:00,
24264,ODOO-PARTNER-24264,ALFAMART DANAU TAMBLINGAN  Q716,success,1,2026-09-10T03:51:23.410900+00:00,
24265,ODOO-PARTNER-24265,ALFAMART GATOT SUBROTO Q684,success,1,2026-09-10T03:51:23.410900+00:00,
24266,ODOO-PARTNER-24266,ALFAMART GATSU BARAT 121 X Q800,success,1,2026-09-10T03:51:23.410900+00:00,
24267,ODOO-PARTNER-24267,ALFAMART GATSU TENGAH Q761,success,1,2026-09-10T03:51:23.410900+00:00,
24268,ODOO-PARTNER-24268,ALFAMART GRIYA ANYAR PEMOGAN Q662,success,1,2026-09-10T03:51:23.410900+00:00,
24269,ODOO-PARTNER-24269,ALFAMART GRIYA ANYAR Q302,success,1,2026-09-10T03:51:23.410900+00:00,
24270,ODOO-PARTNER-24270,ALFAMART GUNUNG SANGHYANG 270 Q770,success,1,2026-09-10T03:51:23.410900+00:00,
24271,ODOO-PARTNER-24271,ALFAMART HANGTUAH BARAT Q765,success,1,2026-09-10T03:51:23.410900+00:00,
24272,ODOO-PARTNER-24272,ALFAMART HAYAM,success,1,2026-09-10T03:51:23.410900+00:00,
24273,ODOO-PARTNER-24273,ALFAMART HAYAM WURUK 2 Q244,success,1,2026-09-10T03:51:23.410900+00:00,
24274,ODOO-PARTNER-24274,ALFAMART HAYAM WURUK 3 Q225,success,1,2026-09-10T03:51:23.410900+00:00,
24275,ODOO-PARTNER-24275,ALFAMART IMAM BONJOL BUAGAN Q750,success,1,2026-09-10T03:51:23.410900+00:00,
24276,ODOO-PARTNER-24276,ALFAMART IMAM BONJOL DENPASAR Q672,success,1,2026-09-10T03:51:23.410900+00:00,
24277,ODOO-PARTNER-24277,ALFAMART IMAM BONJOL Q230,success,1,2026-09-10T03:51:23.410900+00:00,
24278,ODOO-PARTNER-24278,ALFAMART KARTIKA PLAZA KUTA Q710,success,1,2026-09-10T03:51:23.410900+00:00,
24279,ODOO-PARTNER-24279,ALFAMART KEROBOKAN 2 Q226,success,1,2026-09-10T03:51:23.410900+00:00,
24280,ODOO-PARTNER-24280,ALFAMART KETEWEL GIANYAR Q762,success,1,2026-09-10T03:51:23.410900+00:00,
24281,ODOO-PARTNER-24281,ALFAMART KUTA BEACH Q664,success,1,2026-09-10T03:51:23.410900+00:00,
24282,ODOO-PARTNER-24282,ALFAMART LEBIH Q250,success,1,2026-09-10T03:51:23.410900+00:00,
24283,ODOO-PARTNER-24283,ALFAMART LEGIAN KAJA Q657,success,1,2026-09-10T03:51:23.410900+00:00,
24284,ODOO-PARTNER-24284,ALFAMART MARGA JATI Q718,success,1,2026-09-10T03:51:23.410900+00:00,
24285,ODOO-PARTNER-24285,ALFAMART MATAHARI TERBIT Q782,success,1,2026-09-10T03:51:23.410900+00:00,
24286,ODOO-PARTNER-24286,ALFAMART NAKULA SEMINYAK Q400,success,1,2026-09-10T03:51:23.410900+00:00,
24287,ODOO-PARTNER-24287,ALFAMART NGURAH RAI 471 Q760,success,1,2026-09-10T03:51:23.410900+00:00,
39566,ODOO-PARTNER-39566,ALFAMART NGURAH RAI KAJENG Q833,success,1,2026-09-10T03:51:23.410900+00:00,
24288,ODOO-PARTNER-24288,ALFAMART NUSA INDAH Q827,success,1,2026-09-10T03:51:23.410900+00:00,
24289,ODOO-PARTNER-24289,ALFAMART NUSA KAMBANGAN 3 Q235,success,1,2026-09-10T03:51:23.410900+00:00,
24290,ODOO-PARTNER-24290,ALFAMART PAKERISAN Q669,success,1,2026-09-10T03:51:23.410900+00:00,
24291,ODOO-PARTNER-24291,ALFAMART PANTAI KUTA PERING Q731,success,1,2026-09-10T03:51:23.410900+00:00,
24292,ODOO-PARTNER-24292,ALFAMART PETANGAN GEDE Q826,success,1,2026-09-10T03:51:23.410900+00:00,
24293,ODOO-PARTNER-24293,ALFAMART PRATAMA TERORA Q768,success,1,2026-09-10T03:51:23.410900+00:00,
24294,ODOO-PARTNER-24294,ALFAMART PULAU KAWE UTARA Q668,success,1,2026-09-10T03:51:23.410900+00:00,
24295,ODOO-PARTNER-24295,ALFAMART PULAU MOYO Q233,success,1,2026-09-10T03:51:23.410900+00:00,
24296,ODOO-PARTNER-24296,ALFAMART RAYA KUTA 4 Q236,success,1,2026-09-10T03:51:23.410900+00:00,
24297,ODOO-PARTNER-24297,ALFAMART RAYA KUTA TEMACUN Q619,success,1,2026-09-10T03:51:23.410900+00:00,
24298,ODOO-PARTNER-24298,ALFAMART RAYA LEGIAN 91 Q733,success,1,2026-09-10T03:51:23.410900+00:00,
24299,ODOO-PARTNER-24299,ALFAMART RAYA LEGIAN Q629,success,1,2026-09-10T03:51:23.410900+00:00,
24300,ODOO-PARTNER-24300,ALFAMART RAYA PANTAI KUTA Q628,success,1,2026-09-10T03:51:23.410900+00:00,
24301,ODOO-PARTNER-24301,ALFAMART RAYA PELABUHAN BENOA Q801,success,1,2026-09-10T03:51:23.410900+00:00,
24302,ODOO-PARTNER-24302,ALFAMART RAYA PEMOGAN 25 Q704,success,1,2026-09-10T03:51:23.410900+00:00,
24303,ODOO-PARTNER-24303,ALFAMART RAYA TUBAN Q068,success,1,2026-09-10T03:51:23.410900+00:00,
24304,ODOO-PARTNER-24304,ALFAMART SANUR BETNGANDANG Q744,success,1,2026-09-10T03:51:23.410900+00:00,
24305,ODOO-PARTNER-24305,ALFAMART SIDAKARYA Q734,success,1,2026-09-10T03:51:23.410900+00:00,
24306,ODOO-PARTNER-24306,ALFAMART SINDU KELOD Q772,success,1,2026-09-10T03:51:23.410900+00:00,
24307,ODOO-PARTNER-24307,ALFAMART SIYUT Q489,success,1,2026-09-10T03:51:23.410900+00:00,
24317,ODOO-PARTNER-24317,ALFAMART SUNSET BASANGKASA Q650,success,1,2026-09-10T03:51:23.410900+00:00,
24308,ODOO-PARTNER-24308,ALFAMART SUNSET SEMINYAK Q652,success,1,2026-09-10T03:51:23.410900+00:00,
24309,ODOO-PARTNER-24309,ALFAMART SUWETA UBUD Q764,success,1,2026-09-10T03:51:23.410900+00:00,
39358,ODOO-PARTNER-39358,ALFAMART TEGALLALANG CEKING Q846,success,1,2026-09-10T03:51:23.410900+00:00,
24310,ODOO-PARTNER-24310,ALFAMART TUKAD BADUNG Q702,success,1,2026-09-10T03:51:23.410900+00:00,
24311,ODOO-PARTNER-24311,ALFAMART TUKAD YEH AYA Q234,success,1,2026-09-10T03:51:23.410900+00:00,
24312,ODOO-PARTNER-24312,ALFAMART ULUWATU Q228,success,1,2026-09-10T03:51:23.410900+00:00,
24313,ODOO-PARTNER-24313,ALFAMART WANAGIRI Q537,success,1,2026-09-10T03:51:23.410900+00:00,
24314,ODOO-PARTNER-24314,ALFAMART WR SUPRATMAN 19 Q709,success,1,2026-09-10T03:51:23.410900+00:00,
24315,ODOO-PARTNER-24315,ALFAMART WR SUPRATMAN 2 Q229,success,1,2026-09-10T03:51:23.410900+00:00,
24316,ODOO-PARTNER-24316,ALFAMART WR SUPRATMAN 241 Q779,success,1,2026-09-10T03:51:23.410900+00:00,
31317,ODOO-PARTNER-31317,ALILA SEMINYAK,success,1,2026-09-10T03:51:23.410900+00:00,
31319,ODOO-PARTNER-31319,ALILA UBUD,success,1,2026-09-10T03:51:23.410900+00:00,
31321,ODOO-PARTNER-31321,ALILA ULUWATU,success,1,2026-09-10T03:51:23.410900+00:00,
38477,ODOO-PARTNER-38477,ALIVE FOOD STORE,success,1,2026-09-10T03:51:23.410900+00:00,
24319,ODOO-PARTNER-24319,ALIVE FOOD STORE WS GUDANG,success,1,2026-09-10T03:51:23.410900+00:00,
39140,ODOO-PARTNER-39140,ALMOND CAFE CANGGU,success,1,2026-09-10T03:51:23.410900+00:00,
39405,ODOO-PARTNER-39405,ALOFT BALI KUTA AT BEACHWALK,success,1,2026-09-10T03:51:23.410900+00:00,
31323,ODOO-PARTNER-31323,ALOFT BALI SEMINYAK,success,1,2026-09-10T03:51:23.410900+00:00,
31325,ODOO-PARTNER-31325,ALPHA COFFE & RESTO,success,1,2026-09-10T03:51:23.410900+00:00,
24321,ODOO-PARTNER-24321,AM MART PAYANGAN,success,1,2026-09-10T03:51:23.410900+00:00,
24323,ODOO-PARTNER-24323,AM MART PEJENG,success,1,2026-09-10T03:51:23.410900+00:00,
31327,ODOO-PARTNER-31327,AMAMI CANGGU,success,1,2026-09-10T03:51:23.410900+00:00,
31329,ODOO-PARTNER-31329,AMAMI GARDEN ULUWATU,success,1,2026-09-10T03:51:23.410900+00:00,
31331,ODOO-PARTNER-31331,AMANDARI,success,1,2026-09-10T03:51:23.410900+00:00,
44281,ODOO-PARTNER-44281,AMAR VERDE CANGGU,success,1,2026-09-10T03:51:23.410900+00:00,
31333,ODOO-PARTNER-31333,AMARANTH,success,1,2026-09-10T03:51:23.410900+00:00,
31335,ODOO-PARTNER-31335,AMARTERA BALI,success,1,2026-09-10T03:51:23.410900+00:00,
31337,ODOO-PARTNER-31337,AMASYA VILLA,success,1,2026-09-10T03:51:23.410900+00:00,
39317,ODOO-PARTNER-39317,AMAVI BALI,success,1,2026-09-10T03:51:23.410900+00:00,
40497,ODOO-PARTNER-40497,AMAYI RESORT NUSA DUA ,success,1,2026-09-10T03:51:23.410900+00:00,
41321,ODOO-PARTNER-41321,AMERTA BAR,success,1,2026-09-10T03:51:23.410900+00:00,
24325,ODOO-PARTNER-24325,AMERTA SARI,success,1,2026-09-10T03:51:23.410900+00:00,
42078,ODOO-PARTNER-42078,AMICI BALI,success,1,2026-09-10T03:51:23.410900+00:00,
31339,ODOO-PARTNER-31339,AMO SPA CENTER CANGGU,success,1,2026-09-10T03:51:23.410900+00:00,
31341,ODOO-PARTNER-31341,AMORA UBUD BOUTIQUE VILLA,success,1,2026-09-10T03:51:23.410900+00:00,
40187,ODOO-PARTNER-40187,AMOZ COFFEE & CO,success,1,2026-09-10T03:51:23.410900+00:00,
24327,ODOO-PARTNER-24327,AMPERA MART,success,1,2026-09-10T03:51:23.410900+00:00,
24329,ODOO-PARTNER-24329,AMRITHA ARIANTI UD,success,1,2026-09-10T03:51:23.410900+00:00,
31343,ODOO-PARTNER-31343,AMRTASIDDHI,success,1,2026-09-10T03:51:23.410900+00:00,
45054,ODOO-PARTNER-45054,ANALOG CANGGU,success,1,2026-09-10T03:51:23.410900+00:00,
31345,ODOO-PARTNER-31345,ANALOG ULUWATU,success,1,2026-09-10T03:51:23.410900+00:00,
31347,ODOO-PARTNER-31347,ANANTARA VACATION CLUB LEGIAN,success,1,2026-09-10T03:51:23.410900+00:00,
31349,ODOO-PARTNER-31349,ANDAZ BALI,success,1,2026-09-10T03:51:23.410900+00:00,
24331,ODOO-PARTNER-24331,ANDRA MART,success,1,2026-09-10T03:51:23.410900+00:00,
31351,ODOO-PARTNER-31351,ANGKRINGAN MILLENIALS,success,1,2026-09-10T03:51:23.410900+00:00,
31353,ODOO-PARTNER-31353,ANIMA COFFEE & LOUNGE,success,1,2026-09-10T03:51:23.410900+00:00,
31355,ODOO-PARTNER-31355,ANITA'S,success,1,2026-09-10T03:51:23.410900+00:00,
31357,ODOO-PARTNER-31357,ANJA JIMBARAN,success,1,2026-09-10T03:51:23.410900+00:00,
31359,ODOO-PARTNER-31359,ANMA SPACE,success,1,2026-09-10T03:51:23.410900+00:00,
38527,ODOO-PARTNER-38527,ANOMALI COFFEE PT,success,1,2026-09-10T03:51:23.410900+00:00,
31361,ODOO-PARTNER-31361,ANOMALI COFFEE UBUD,success,1,2026-09-10T03:51:23.410900+00:00,
24333,ODOO-PARTNER-24333,ANOMALI SANUR,success,1,2026-09-10T03:51:23.410900+00:00,
31363,ODOO-PARTNER-31363,ANT COFFEE,success,1,2026-09-10T03:51:23.410900+00:00,
24335,ODOO-PARTNER-24335,ANTA GROSIR BERSINAR,success,1,2026-09-10T03:51:23.410900+00:00,
42839,ODOO-PARTNER-42839,ANUGRAH FROZEN,success,1,2026-09-10T03:51:23.410900+00:00,
40302,ODOO-PARTNER-40302,ANUGRAH JAYA BALI CV,success,1,2026-09-10T03:51:23.410900+00:00,
31541,ODOO-PARTNER-31541,ANWA BALI VILLA,success,1,2026-09-10T03:51:23.410900+00:00,
31367,ODOO-PARTNER-31367,AOYAMA BAKERY,success,1,2026-09-10T03:51:23.410900+00:00,
24337,ODOO-PARTNER-24337,APPLE BABY,success,1,2026-09-10T03:51:23.410900+00:00,
24339,ODOO-PARTNER-24339,AQUALIFE,success,1,2026-09-10T03:51:23.410900+00:00,
39432,ODOO-PARTNER-39432,ARCA ROASTERY & BOULDER,success,1,2026-09-10T03:51:23.410900+00:00,
40126,ODOO-PARTNER-40126,AREA JAYA,success,1,2026-09-10T03:51:23.410900+00:00,
40366,ODOO-PARTNER-40366,AREA JAYA 2,success,1,2026-09-10T03:51:23.410900+00:00,
24341,ODOO-PARTNER-24341,ARI JAYA,success,1,2026-09-10T03:51:23.410900+00:00,
31369,ODOO-PARTNER-31369,ARIA EXCLUSIVE VILLAS AND SPA,success,1,2026-09-10T03:51:23.410900+00:00,
24343,ODOO-PARTNER-24343,ARIF CIPTA MAJU PT,success,1,2026-09-10T03:51:23.410900+00:00,
43410,ODOO-PARTNER-43410,ARIF FROZEN FOOD,success,1,2026-09-10T03:51:23.410900+00:00,
24345,ODOO-PARTNER-24345,ARIFIN,success,1,2026-09-10T03:51:23.410900+00:00,
40769,ODOO-PARTNER-40769,ARJUNA MART,success,1,2026-09-10T03:51:23.410900+00:00,
44070,ODOO-PARTNER-44070,AROMA MENTEGA ,success,1,2026-09-10T03:51:23.410900+00:00,
24347,ODOO-PARTNER-24347,AROMADUTA RASAPRIMA PT,success,1,2026-09-10T03:51:23.410900+00:00,
40474,ODOO-PARTNER-40474,ART LOUNGE,success,1,2026-09-10T03:51:23.410900+00:00,
24349,ODOO-PARTNER-24349,ARTA MART,success,1,2026-09-10T03:51:23.410900+00:00,
39392,ODOO-PARTNER-39392,ARTA MART UD,success,1,2026-09-10T03:51:23.410900+00:00,
24351,ODOO-PARTNER-24351,ARTA NINGSIH,success,1,2026-09-10T03:51:23.410900+00:00,
24353,ODOO-PARTNER-24353,ARTA SEDANA MUDING,success,1,2026-09-10T03:51:23.410900+00:00,
24354,ODOO-PARTNER-24354,ARTA SEDANA RETAILINDO SANUR,success,1,2026-09-10T03:51:23.410900+00:00,
24355,ODOO-PARTNER-24355,ARTA SEDANA SESETAN,success,1,2026-09-10T03:51:23.410900+00:00,
38478,ODOO-PARTNER-38478,ARTA SEDANA SINGARAJA PT,success,1,2026-09-10T03:51:23.410900+00:00,
24357,ODOO-PARTNER-24357,ARTHA PUTRA WARDHANA CV,success,1,2026-09-10T03:51:23.410900+00:00,
24359,ODOO-PARTNER-24359,ARTHA SARI CV,success,1,2026-09-10T03:51:23.410900+00:00,
39117,ODOO-PARTNER-39117,ARTISAN BINGIN,success,1,2026-09-10T03:51:23.410900+00:00,
40332,ODOO-PARTNER-40332,ARTISAN PERERENAN,success,1,2026-09-10T03:51:23.410900+00:00,
41989,ODOO-PARTNER-41989,ARTISANAL ITALIAN GELATO,success,1,2026-09-10T03:51:23.410900+00:00,
39806,ODOO-PARTNER-39806,ARTOTEL SANUR BALI,success,1,2026-09-10T03:51:23.410900+00:00,
31371,ODOO-PARTNER-31371,ARTREE,success,1,2026-09-10T03:51:23.410900+00:00,
24361,ODOO-PARTNER-24361,ARUMI CV,success,1,2026-09-10T03:51:23.410900+00:00,
47121,ODOO-PARTNER-47121,ARVO BALI,success,1,2026-09-10T03:51:23.410900+00:00,
44232,ODOO-PARTNER-44232,ARYA RESORT SUMBA,success,1,2026-09-10T03:51:23.410900+00:00,
32077,ODOO-PARTNER-32077,ARYADUTA KUTA BALI PT,success,1,2026-09-10T03:51:23.410900+00:00,
24363,ODOO-PARTNER-24363,ARYS MIKRO BATANTA,success,1,2026-09-10T03:51:23.410900+00:00,
38479,ODOO-PARTNER-38479,ARYS MIKRO CV,success,1,2026-09-10T03:51:23.410900+00:00,
24364,ODOO-PARTNER-24364,ARYS MIKRO SINGAPADU,success,1,2026-09-10T03:51:23.410900+00:00,
24366,ODOO-PARTNER-24366,AS KITCHEN,success,1,2026-09-10T03:51:23.410900+00:00,
41943,ODOO-PARTNER-41943,AS KITCHEN JIMBARAN,success,1,2026-09-10T03:51:23.410900+00:00,
42576,ODOO-PARTNER-42576,AS KITCHEN RENON,success,1,2026-09-10T03:51:23.410900+00:00,
40536,ODOO-PARTNER-40536,AS MART MINI MARKET,success,1,2026-09-10T03:51:23.410900+00:00,
24368,ODOO-PARTNER-24368,AS TOSERBA,success,1,2026-09-10T03:51:23.410900+00:00,
31373,ODOO-PARTNER-31373,ASAI VILLAGE,success,1,2026-09-10T03:51:23.410900+00:00,
40229,ODOO-PARTNER-40229,ASHE RESTAURANT,success,1,2026-09-10T03:51:23.410900+00:00,
38544,ODOO-PARTNER-38544,ASIA BANDAR ARTA PT,success,1,2026-09-10T03:51:23.410900+00:00,
46782,ODOO-PARTNER-46782,ASKU COFFEE,success,1,2026-09-10T03:51:23.410900+00:00,
31375,ODOO-PARTNER-31375,ASTAGINA RESORT AND SPA,success,1,2026-09-10T03:51:23.410900+00:00,
39330,ODOO-PARTNER-39330,ASTINA INDO RAYA PT,success,1,2026-09-10T03:51:23.410900+00:00,
31377,ODOO-PARTNER-31377,ATITHI,success,1,2026-09-10T03:51:23.410900+00:00,
39735,ODOO-PARTNER-39735,AURA KOPI,success,1,2026-09-10T03:51:23.410900+00:00,
24370,ODOO-PARTNER-24370,AURA KOPI,success,1,2026-09-10T03:51:23.410900+00:00,
40692,ODOO-PARTNER-40692,AURA PROVISIONING ,success,1,2026-09-10T03:51:23.410900+00:00,
31381,ODOO-PARTNER-31381,AURORA BAKERY,success,1,2026-09-10T03:51:23.410900+00:00,
31383,ODOO-PARTNER-31383,AVIARY BISTRO,success,1,2026-09-10T03:51:23.410900+00:00,
40010,ODOO-PARTNER-40010,AVLI MODERN GREEK,success,1,2026-09-10T03:51:23.410900+00:00,
31385,ODOO-PARTNER-31385,AYAM GEPREK (BFC ANDAKASA),success,1,2026-09-10T03:51:23.410900+00:00,
31387,ODOO-PARTNER-31387,AYANA KOMODO RESORT,success,1,2026-09-10T03:51:23.410900+00:00,
31389,ODOO-PARTNER-31389,AYANA RESORT,success,1,2026-09-10T03:51:23.410900+00:00,
39278,ODOO-PARTNER-39278,AYANI GROSIR BERSINAR,success,1,2026-09-10T03:51:23.410900+00:00,
24372,ODOO-PARTNER-24372,AYO SUPPLY,success,1,2026-09-10T03:51:23.410900+00:00,
31391,ODOO-PARTNER-31391,AYODYA HOTEL,success,1,2026-09-10T03:51:23.410900+00:00,
40930,ODOO-PARTNER-40930,AYU BAKERY COFFEE & EATERY,success,1,2026-09-10T03:51:23.410900+00:00,
40325,ODOO-PARTNER-40325,AYU FRESH ANTASURA,success,1,2026-09-10T03:51:23.410900+00:00,
24376,ODOO-PARTNER-24376,AYU FRESH BAHAN KUE KEMUDA,success,1,2026-09-10T03:51:23.410900+00:00,
40337,ODOO-PARTNER-40337,AYU FRESH BUAH SIULAN,success,1,2026-09-10T03:51:23.410900+00:00,
24374,ODOO-PARTNER-24374,AYU FRESH PADMA,success,1,2026-09-10T03:51:23.410900+00:00,
38480,ODOO-PARTNER-38480,AYU NADI CV,success,1,2026-09-10T03:51:23.410900+00:00,
24378,ODOO-PARTNER-24378,AYU NADI MART BADAK AGUNG,success,1,2026-09-10T03:51:23.410900+00:00,
24379,ODOO-PARTNER-24379,AYU NADI MART BUNG TOMO,success,1,2026-09-10T03:51:23.410900+00:00,
24380,ODOO-PARTNER-24380,AYU NADI MART SOPUTAN DC,success,1,2026-09-10T03:51:23.410900+00:00,
24381,ODOO-PARTNER-24381,AYU NADI MART TUBAN,success,1,2026-09-10T03:51:23.410900+00:00,
24383,ODOO-PARTNER-24383,AZUKA MART,success,1,2026-09-10T03:51:23.410900+00:00,
24385,ODOO-PARTNER-24385,BABY KIDS UBUNG,success,1,2026-09-10T03:51:23.410900+00:00,
24387,ODOO-PARTNER-24387,BABYLAND GATSU CV,success,1,2026-09-10T03:51:23.410900+00:00,
31393,ODOO-PARTNER-31393,BABYLON RESTAURANT,success,1,2026-09-10T03:51:23.410900+00:00,
24389,ODOO-PARTNER-24389,BACCHUS UBUD CV,success,1,2026-09-10T03:51:23.410900+00:00,
31395,ODOO-PARTNER-31395,BACKHOUSE BURGER,success,1,2026-09-10T03:51:23.410900+00:00,
39854,ODOO-PARTNER-39854,BAGUS MINI MART,success,1,2026-09-10T03:51:23.410900+00:00,
24393,ODOO-PARTNER-24393,BAGUS SUPERMARKET SASIH,success,1,2026-09-10T03:51:23.410900+00:00,
24395,ODOO-PARTNER-24395,BAGUS SUPERMARKET SINGAPADU,success,1,2026-09-10T03:51:23.410900+00:00,
31397,ODOO-PARTNER-31397,BAHANA GENTA VICTORY PT,success,1,2026-09-10T03:51:23.410900+00:00,
24397,ODOO-PARTNER-24397,BAIKU WARUNG,success,1,2026-09-10T03:51:23.410900+00:00,
45401,ODOO-PARTNER-45401,BAJAWA FLOREST NTT LOMBOK,success,1,2026-09-10T03:51:23.410900+00:00,
31399,ODOO-PARTNER-31399,BAKE & SHAKE,success,1,2026-09-10T03:51:23.410900+00:00,
31401,ODOO-PARTNER-31401,BAKED BALI,success,1,2026-09-10T03:51:23.410900+00:00,
39083,ODOO-PARTNER-39083,BAKED PADONAN,success,1,2026-09-10T03:51:23.410900+00:00,
31403,ODOO-PARTNER-31403,BAKED PERERENAN,success,1,2026-09-10T03:51:23.410900+00:00,
39892,ODOO-PARTNER-39892,BAKED SEMINYAK,success,1,2026-09-10T03:51:23.410900+00:00,
39928,ODOO-PARTNER-39928,BAKED ULUWATU,success,1,2026-09-10T03:51:23.410900+00:00,
40080,ODOO-PARTNER-40080,BALANGAN SUKSES BERSAMA PT - LA SANTA ROSA,success,1,2026-09-10T03:51:23.410900+00:00,
31405,ODOO-PARTNER-31405,BALE UDANG MANG ENGKING KUTA,success,1,2026-09-10T03:51:23.410900+00:00,
24399,ODOO-PARTNER-24399,BALI BAGUS II,success,1,2026-09-10T03:51:23.410900+00:00,
24401,ODOO-PARTNER-24401,BALI BAGUS UD,success,1,2026-09-10T03:51:23.410900+00:00,
31407,ODOO-PARTNER-31407,BALI BANANA,success,1,2026-09-10T03:51:23.410900+00:00,
31409,ODOO-PARTNER-31409,BALI BEACH GLAMPING,success,1,2026-09-10T03:51:23.410900+00:00,
31411,ODOO-PARTNER-31411,BALI BIRD PARK (PT ISTANA MEGAH WISATA),success,1,2026-09-10T03:51:23.410900+00:00,
24403,ODOO-PARTNER-24403,BALI BOGA SEJATI PT,success,1,2026-09-10T03:51:23.410900+00:00,
24405,ODOO-PARTNER-24405,BALI BOGA UTAMA CV,success,1,2026-09-10T03:51:23.410900+00:00,
31413,ODOO-PARTNER-31413,BALI BOHEMIA UBUD,success,1,2026-09-10T03:51:23.410900+00:00,
31415,ODOO-PARTNER-31415,BALI BONDI RESTAURANT,success,1,2026-09-10T03:51:23.410900+00:00,
41747,ODOO-PARTNER-41747,BALI BUDA SINGAPADU,success,1,2026-09-10T03:51:23.410900+00:00,
24407,ODOO-PARTNER-24407,BALI BUDA UBUD,success,1,2026-09-10T03:51:23.410900+00:00,
40432,ODOO-PARTNER-40432,BALI BUMI BAGUS CV,success,1,2026-09-10T03:51:23.410900+00:00,
39303,ODOO-PARTNER-39303,BALI CAFE SUPPLIES,success,1,2026-09-10T03:51:23.410900+00:00,
24409,ODOO-PARTNER-24409,BALI CAFE SUPPLIES,success,1,2026-09-10T03:51:23.410900+00:00,
31417,ODOO-PARTNER-31417,BALI CATERING,success,1,2026-09-10T03:51:23.410900+00:00,
31419,ODOO-PARTNER-31419,BALI CONVENTION CENTER,success,1,2026-09-10T03:51:23.410900+00:00,
31421,ODOO-PARTNER-31421,BALI CRAB,success,1,2026-09-10T03:51:23.410900+00:00,
39740,ODOO-PARTNER-39740,BALI DACHA,success,1,2026-09-10T03:51:23.410900+00:00,
24411,ODOO-PARTNER-24411,BALI DIRECT STORE PT ( ONLINE STORE ),success,1,2026-09-10T03:51:23.410900+00:00,
24413,ODOO-PARTNER-24413,BALI DIRECT STORE PT ( PERERENAN STORE ),success,1,2026-09-10T03:51:23.410900+00:00,
24415,ODOO-PARTNER-24415,BALI DIRECT STORE PT (BATU BOLONG),success,1,2026-09-10T03:51:23.410900+00:00,
24417,ODOO-PARTNER-24417,BALI DIRECT STORE PT (BUMBAK STORE),success,1,2026-09-10T03:51:23.410900+00:00,
39899,ODOO-PARTNER-39899,BALI DIRECT STORE PT (MAIN WAREHOUSE),success,1,2026-09-10T03:51:23.410900+00:00,
40471,ODOO-PARTNER-40471,BALI DYNASTY RESORT,success,1,2026-09-10T03:51:23.410900+00:00,
31423,ODOO-PARTNER-31423,BALI ECO DELI,success,1,2026-09-10T03:51:23.410900+00:00,
24419,ODOO-PARTNER-24419,BALI FRESH BOX,success,1,2026-09-10T03:51:23.410900+00:00,
31425,ODOO-PARTNER-31425,BALI GARDEN BEACH RESORT,success,1,2026-09-10T03:51:23.410900+00:00,
31427,ODOO-PARTNER-31427,BALI HAMPTON,success,1,2026-09-10T03:51:23.410900+00:00,
46604,ODOO-PARTNER-46604,BALI JAWARA,success,1,2026-09-10T03:51:23.410900+00:00,
24421,ODOO-PARTNER-24421,BALI JAYA SWALAYAN CV,success,1,2026-09-10T03:51:23.410900+00:00,
31429,ODOO-PARTNER-31429,BALI JUICE PARK,success,1,2026-09-10T03:51:23.410900+00:00,
31431,ODOO-PARTNER-31431,BALI KREZZ (CV SEJAHTERA ABADI MULIA),success,1,2026-09-10T03:51:23.410900+00:00,
40553,ODOO-PARTNER-40553,BALI LOKA,success,1,2026-09-10T03:51:23.410900+00:00,
44962,ODOO-PARTNER-44962,BALI MAGIC GROSIR,success,1,2026-09-10T03:51:23.410900+00:00,
31433,ODOO-PARTNER-31433,BALI MANDIRA,success,1,2026-09-10T03:51:23.410900+00:00,
24423,ODOO-PARTNER-24423,BALI MART,success,1,2026-09-10T03:51:23.410900+00:00,
40120,ODOO-PARTNER-40120,BALI MART MUMBUL,success,1,2026-09-10T03:51:23.410900+00:00,
31435,ODOO-PARTNER-31435,BALI MIRACLE CATERING,success,1,2026-09-10T03:51:23.410900+00:00,
24425,ODOO-PARTNER-24425,BALI NATURAL ORGANIC BERAWA,success,1,2026-09-10T03:51:23.410900+00:00,
24427,ODOO-PARTNER-24427,BALI NATURAL ORGANIC PERERENAN,success,1,2026-09-10T03:51:23.410900+00:00,
31437,ODOO-PARTNER-31437,BALI NICE BAR & RESTO,success,1,2026-09-10T03:51:23.410900+00:00,
31439,ODOO-PARTNER-31439,BALI NIKSOMA,success,1,2026-09-10T03:51:23.410900+00:00,
46771,ODOO-PARTNER-46771,BALI PAWIWAHAN (COCO ROTI),success,1,2026-09-10T03:51:23.410900+00:00,
38482,ODOO-PARTNER-38482,BALI PAWIWAHAN PT,success,1,2026-09-10T03:51:23.410900+00:00,
39438,ODOO-PARTNER-39438,BALI RANI HOTEL,success,1,2026-09-10T03:51:23.410900+00:00,
31441,ODOO-PARTNER-31441,BALI RELAXING RESORT & SPA,success,1,2026-09-10T03:51:23.410900+00:00,
31443,ODOO-PARTNER-31443,BALI RYOSHINDO PT,success,1,2026-09-10T03:51:23.410900+00:00,
24478,ODOO-PARTNER-24478,BALI SARI LINUWIH PT,success,1,2026-09-10T03:51:23.410900+00:00,
45264,ODOO-PARTNER-45264,BALI SEGEER BUGEERIA PT,success,1,2026-09-10T03:51:23.410900+00:00,
31445,ODOO-PARTNER-31445,BALI SUASANA PANTAI PT,success,1,2026-09-10T03:51:23.410900+00:00,
31447,ODOO-PARTNER-31447,BALI TANGI,success,1,2026-09-10T03:51:23.410900+00:00,
31449,ODOO-PARTNER-31449,BALI TROPIC RESORT AND SPA,success,1,2026-09-10T03:51:23.410900+00:00,
31451,ODOO-PARTNER-31451,BALI WASABI SUSHI TRAIN,success,1,2026-09-10T03:51:23.410900+00:00,
25018,ODOO-PARTNER-25018,BALONKU SANUR,success,1,2026-09-10T03:51:23.410900+00:00,
24480,ODOO-PARTNER-24480,BALONKU UDAYANA,success,1,2026-09-10T03:51:23.410900+00:00,
31455,ODOO-PARTNER-31455,BAMBOO BAR & GRILL,success,1,2026-09-10T03:51:23.410900+00:00,
31457,ODOO-PARTNER-31457,BAMBOO EATERY & BAR,success,1,2026-09-10T03:51:23.410900+00:00,
31459,ODOO-PARTNER-31459,BAMBU FITNESS BALI,success,1,2026-09-10T03:51:23.410900+00:00,
43625,ODOO-PARTNER-43625,BAMBU INDAH RESORT,success,1,2026-09-10T03:51:23.410900+00:00,
31461,ODOO-PARTNER-31461,BANANA LOUNGE,success,1,2026-09-10T03:51:23.410900+00:00,
31463,ODOO-PARTNER-31463,BANAVE CAFE & LOUNGE,success,1,2026-09-10T03:51:23.410900+00:00,
31465,ODOO-PARTNER-31465,BANDE NERE PIZZA,success,1,2026-09-10T03:51:23.410900+00:00,
31467,ODOO-PARTNER-31467,BANDHA HOTEL LEGIAN,success,1,2026-09-10T03:51:23.410900+00:00,
31469,ODOO-PARTNER-31469,BANGKOK KITCHEN SEMINYAK,success,1,2026-09-10T03:51:23.410900+00:00,
31471,ODOO-PARTNER-31471,BAPAK BAKERY,success,1,2026-09-10T03:51:23.410900+00:00,
42906,ODOO-PARTNER-42906,BAPAK DETA (PEMBAKAR),success,1,2026-09-10T03:51:23.410900+00:00,
40368,ODOO-PARTNER-40368,BAPAK ROTI PT,success,1,2026-09-10T03:51:23.410900+00:00,
31365,ODOO-PARTNER-31365,BARA ULUWATU,success,1,2026-09-10T03:51:23.410900+00:00,
31473,ODOO-PARTNER-31473,BARAKUDA SIGNATURE,success,1,2026-09-10T03:51:23.410900+00:00,
31475,ODOO-PARTNER-31475,BARBACOA BALI,success,1,2026-09-10T03:51:23.410900+00:00,
40580,ODOO-PARTNER-40580,BAROKAH BEDUGUL,success,1,2026-09-10T03:51:23.410900+00:00,
31479,ODOO-PARTNER-31479,BARTOLO,success,1,2026-09-10T03:51:23.410900+00:00,
31481,ODOO-PARTNER-31481,BASIC CAFE,success,1,2026-09-10T03:51:23.410900+00:00,
40014,ODOO-PARTNER-40014,BASILICO,success,1,2026-09-10T03:51:23.410900+00:00,
31483,ODOO-PARTNER-31483,BATU KARANG LEMBONGAN,success,1,2026-09-10T03:51:23.410900+00:00,
32315,ODOO-PARTNER-32315,BATU MEJAN KULINA SUKSES BERSAMA BALI PT - LA BRISA,success,1,2026-09-10T03:51:23.410900+00:00,
39955,ODOO-PARTNER-39955,BATU PENJURU KULINER PT,success,1,2026-09-10T03:51:23.410900+00:00,
39702,ODOO-PARTNER-39702,BATU PENJURU ROTI BALI CV,success,1,2026-09-10T03:51:23.410900+00:00,
31485,ODOO-PARTNER-31485,BATUJIMBAR CAFE,success,1,2026-09-10T03:51:23.410900+00:00,
24484,ODOO-PARTNER-24484,BATUR SARI GROSIR CV,success,1,2026-09-10T03:51:23.410900+00:00,
31487,ODOO-PARTNER-31487,BAZAAR RESTAURANT,success,1,2026-09-10T03:51:23.410900+00:00,
31489,ODOO-PARTNER-31489,BB'S BAR & BISTRO,success,1,2026-09-10T03:51:23.410900+00:00,
39867,ODOO-PARTNER-39867,BB52 CENTRAL KITCHEN,success,1,2026-09-10T03:51:23.410900+00:00,
39340,ODOO-PARTNER-39340,BB52 UBUD,success,1,2026-09-10T03:51:23.410900+00:00,
31491,ODOO-PARTNER-31491,BB52 ULUWATU,success,1,2026-09-10T03:51:23.410900+00:00,
39217,ODOO-PARTNER-39217,BB52 UNGASAN,success,1,2026-09-10T03:51:23.410900+00:00,
31493,ODOO-PARTNER-31493,BEACH BOWL,success,1,2026-09-10T03:51:23.410900+00:00,
31495,ODOO-PARTNER-31495,BEACH BOWL SEMINYAK,success,1,2026-09-10T03:51:23.410900+00:00,
31497,ODOO-PARTNER-31497,BEACH GARDEN,success,1,2026-09-10T03:51:23.410900+00:00,
31499,ODOO-PARTNER-31499,BEACHTOWN GROCER,success,1,2026-09-10T03:51:23.410900+00:00,
31501,ODOO-PARTNER-31501,BEAN CAFE,success,1,2026-09-10T03:51:23.410900+00:00,
31503,ODOO-PARTNER-31503,BEBEK TEBA SARI,success,1,2026-09-10T03:51:23.410900+00:00,
41628,ODOO-PARTNER-41628,BEBEK TEPI SAWAH,success,1,2026-09-10T03:51:23.410900+00:00,
31505,ODOO-PARTNER-31505,BEE BEE'S CAFE,success,1,2026-09-10T03:51:23.410900+00:00,
31507,ODOO-PARTNER-31507,BEHIND THE GREEN DOOR LOUNGE,success,1,2026-09-10T03:51:23.410900+00:00,
41964,ODOO-PARTNER-41964,BELANTARA RESTAURANT & SUNKIS POOL BAR,success,1,2026-09-10T03:51:23.410900+00:00,
31509,ODOO-PARTNER-31509,BELGIN RESTAURNT,success,1,2026-09-10T03:51:23.410900+00:00,
40313,ODOO-PARTNER-40313,BELIS RESTO,success,1,2026-09-10T03:51:23.410900+00:00,
24486,ODOO-PARTNER-24486,BELITUNG GROSIR BERSINAR,success,1,2026-09-10T03:51:23.410900+00:00,
31511,ODOO-PARTNER-31511,BELLA ITALIA - GRANDMAS HOTEL,success,1,2026-09-10T03:51:23.410900+00:00,
31515,ODOO-PARTNER-31515,BELMOND JIMBARAN PURI,success,1,2026-09-10T03:51:23.410900+00:00,
31517,ODOO-PARTNER-31517,BENIH CAFE,success,1,2026-09-10T03:51:23.410900+00:00,
31519,ODOO-PARTNER-31519,BENISON CAFE,success,1,2026-09-10T03:51:23.410900+00:00,
40387,ODOO-PARTNER-40387,BENITO BELA JOZSA,success,1,2026-09-10T03:51:23.410900+00:00,
42824,ODOO-PARTNER-42824,BERANDA FROZEN,success,1,2026-09-10T03:51:23.410900+00:00,
42844,ODOO-PARTNER-42844,BERANDA FROZEN KAMPIAL,success,1,2026-09-10T03:51:23.410900+00:00,
39183,ODOO-PARTNER-39183,BERAWA'S KITCHEN SALAD BAR,success,1,2026-09-10T03:51:23.410900+00:00,
39917,ODOO-PARTNER-39917,BERDIKARI HOREKAWA SUPPLIER,success,1,2026-09-10T03:51:23.410900+00:00,
24488,ODOO-PARTNER-24488,BERKAH LUWIH,success,1,2026-09-10T03:51:23.410900+00:00,
24490,ODOO-PARTNER-24490,BERKAT BARU FOOD,success,1,2026-09-10T03:51:23.410900+00:00,
24492,ODOO-PARTNER-24492,BERKAT FROZEN FOOD,success,1,2026-09-10T03:51:23.410900+00:00,
38525,ODOO-PARTNER-38525,BERKAT LANGGENG SEKAWAN PT,success,1,2026-09-10T03:51:23.410900+00:00,
24494,ODOO-PARTNER-24494,BERKAT SUPPLIER,success,1,2026-09-10T03:51:23.410900+00:00,
31521,ODOO-PARTNER-31521,BERLIN GASTRO KITCHEN,success,1,2026-09-10T03:51:23.410900+00:00,
24496,ODOO-PARTNER-24496,BETA MART TUNJUNG SARI,success,1,2026-09-10T03:51:23.410900+00:00,
24498,ODOO-PARTNER-24498,BGS CANGGU,success,1,2026-09-10T03:51:23.410900+00:00,
24499,ODOO-PARTNER-24499,BGS COFFEE ULUWATU,success,1,2026-09-10T03:51:23.410900+00:00,
24500,ODOO-PARTNER-24500,BGS DREAMLAND,success,1,2026-09-10T03:51:23.410900+00:00,
24501,ODOO-PARTNER-24501,BGS KUTA,success,1,2026-09-10T03:51:23.410900+00:00,
24502,ODOO-PARTNER-24502,BGS UBUD,success,1,2026-09-10T03:51:23.410900+00:00,
31523,ODOO-PARTNER-31523,BHANUSWARI RESORT & SPA,success,1,2026-09-10T03:51:23.410900+00:00,
24504,ODOO-PARTNER-24504,BHIMA JAYA,success,1,2026-09-10T03:51:23.410900+00:00,
31525,ODOO-PARTNER-31525,BHINEKA KOPI RENON,success,1,2026-09-10T03:51:23.410900+00:00,
31527,ODOO-PARTNER-31527,BIAS COURTYARD,success,1,2026-09-10T03:51:23.410900+00:00,
31529,ODOO-PARTNER-31529,BIBIMBAP SANUR,success,1,2026-09-10T03:51:23.410900+00:00,
32319,ODOO-PARTNER-32319,BIDADARI DUNIA PT - LA FAVELA,success,1,2026-09-10T03:51:23.410900+00:00,
24505,ODOO-PARTNER-24505,BIG M BHI,success,1,2026-09-10T03:51:23.410900+00:00,
24506,ODOO-PARTNER-24506,BIG M BP12,success,1,2026-09-10T03:51:23.410900+00:00,
39311,ODOO-PARTNER-39311,BIG M CG69,success,1,2026-09-10T03:51:23.410900+00:00,
39149,ODOO-PARTNER-39149,BIG M CG77,success,1,2026-09-10T03:51:23.410900+00:00,
39313,ODOO-PARTNER-39313,BIG M GNG (660),success,1,2026-09-10T03:51:23.410900+00:00,
39082,ODOO-PARTNER-39082,BIG M KNY,success,1,2026-09-10T03:51:23.410900+00:00,
39351,ODOO-PARTNER-39351,BIG M KT9,success,1,2026-09-10T03:51:23.410900+00:00,
24507,ODOO-PARTNER-24507,BIG M KTM,success,1,2026-09-10T03:51:23.410900+00:00,
24508,ODOO-PARTNER-24508,BIG M MSI 652,success,1,2026-09-10T03:51:23.410900+00:00,
39314,ODOO-PARTNER-39314,BIG M NK3,success,1,2026-09-10T03:51:23.410900+00:00,
24509,ODOO-PARTNER-24509,BIG M RN1,success,1,2026-09-10T03:51:23.410900+00:00,
24510,ODOO-PARTNER-24510,BIG M RN3,success,1,2026-09-10T03:51:23.410900+00:00,
39297,ODOO-PARTNER-39297,BIG M SKY 677,success,1,2026-09-10T03:51:23.410900+00:00,
24511,ODOO-PARTNER-24511,BIG M SST,success,1,2026-09-10T03:51:23.410900+00:00,
24512,ODOO-PARTNER-24512,BIG M TKU 3,success,1,2026-09-10T03:51:23.410900+00:00,
39315,ODOO-PARTNER-39315,BIG M TNL 3,success,1,2026-09-10T03:51:23.410900+00:00,
24513,ODOO-PARTNER-24513,BIG M UB28,success,1,2026-09-10T03:51:23.410900+00:00,
24514,ODOO-PARTNER-24514,BIG M UB38,success,1,2026-09-10T03:51:23.410900+00:00,
24516,ODOO-PARTNER-24516,BIG MART,success,1,2026-09-10T03:51:23.410900+00:00,
31531,ODOO-PARTNER-31531,BIJI WORLD,success,1,2026-09-10T03:51:23.410900+00:00,
31533,ODOO-PARTNER-31533,BIKU RESTAURANT,success,1,2026-09-10T03:51:23.410900+00:00,
31535,ODOO-PARTNER-31535,BILIQ SEMINYAK,success,1,2026-09-10T03:51:23.410900+00:00,
31537,ODOO-PARTNER-31537,BILLY HO,success,1,2026-09-10T03:51:23.410900+00:00,
33274,ODOO-PARTNER-33274,BINA BUANA SARANA PT (DALAM PAILIT),success,1,2026-09-10T03:51:23.410900+00:00,
43019,ODOO-PARTNER-43019,BINTANG FROZEN,success,1,2026-09-10T03:51:23.410900+00:00,
24518,ODOO-PARTNER-24518,BINTANG MART UNGASAN,success,1,2026-09-10T03:51:23.410900+00:00,
38502,ODOO-PARTNER-38502,BINTANG PANGAN DEWATA CV,success,1,2026-09-10T03:51:23.410900+00:00,
24520,ODOO-PARTNER-24520,BINTANG SEMINYAK,success,1,2026-09-10T03:51:23.410900+00:00,
24522,ODOO-PARTNER-24522,BINTANG SUPERMARKET HAYAM WURUK,success,1,2026-09-10T03:51:23.410900+00:00,
24524,ODOO-PARTNER-24524,BINTANG UBUD,success,1,2026-09-10T03:51:23.410900+00:00,
1533,ODOO-PARTNER-1533,BIONIC NATURA PT,success,1,2026-09-10T03:51:23.410900+00:00,
31539,ODOO-PARTNER-31539,BIRD NEST THAI KITCHEN,success,1,2026-09-10T03:51:23.410900+00:00,
43916,ODOO-PARTNER-43916,BIRU MART PENGUBENGAN ,success,1,2026-09-10T03:51:23.410900+00:00,
46161,ODOO-PARTNER-46161,BISTRO BARON,success,1,2026-09-10T03:51:23.410900+00:00,
39296,ODOO-PARTNER-39296,BIU BIU RESORT BALANGAN,success,1,2026-09-10T03:51:23.410900+00:00,
40235,ODOO-PARTNER-40235,BIU LAB,success,1,2026-09-10T03:51:23.410900+00:00,
31543,ODOO-PARTNER-31543,BJ'S BAR & GRILL,success,1,2026-09-10T03:51:23.410900+00:00,
31545,ODOO-PARTNER-31545,BLACK PENNY VILLAS,success,1,2026-09-10T03:51:23.410900+00:00,
31547,ODOO-PARTNER-31547,BLACK ROSE ULUWATU,success,1,2026-09-10T03:51:23.410900+00:00,
31549,ODOO-PARTNER-31549,BLACK SAND BREWERY,success,1,2026-09-10T03:51:23.410900+00:00,
40401,ODOO-PARTNER-40401,BLACKSAND VILLAS BINGIN ,success,1,2026-09-10T03:51:23.410900+00:00,
31551,ODOO-PARTNER-31551,BLEND CAFE UBUD,success,1,2026-09-10T03:51:23.410900+00:00,
31553,ODOO-PARTNER-31553,BLESS CAFE,success,1,2026-09-10T03:51:23.410900+00:00,
24526,ODOO-PARTNER-24526,BLI KETUT MART,success,1,2026-09-10T03:51:23.410900+00:00,
45139,ODOO-PARTNER-45139,BLI TUT THE TAMI (PEMBAKAR),success,1,2026-09-10T03:51:23.410900+00:00,
39564,ODOO-PARTNER-39564,BLISS BAR & LOUNGE,success,1,2026-09-10T03:51:23.410900+00:00,
39815,ODOO-PARTNER-39815,BLOOM BOUTIQUE ATELIER PRESCHOOL,success,1,2026-09-10T03:51:23.410900+00:00,
31555,ODOO-PARTNER-31555,BLOSSOM CANGGU,success,1,2026-09-10T03:51:23.410900+00:00,
31557,ODOO-PARTNER-31557,BLOU CAFE,success,1,2026-09-10T03:51:23.410900+00:00,
39907,ODOO-PARTNER-39907,BLUE POINT,success,1,2026-09-10T03:51:23.410900+00:00,
31559,ODOO-PARTNER-31559,BLUE TOMATO RESTAURANT,success,1,2026-09-10T03:51:23.410900+00:00,
31561,ODOO-PARTNER-31561,BO & BUN (EAT COMPANY),success,1,2026-09-10T03:51:23.410900+00:00,
24528,ODOO-PARTNER-24528,BOBY 76,success,1,2026-09-10T03:51:23.410900+00:00,
31563,ODOO-PARTNER-31563,BODHI LEAF EATERY,success,1,2026-09-10T03:51:23.410900+00:00,
38539,ODOO-PARTNER-38539,BOGA JAEN GATI PT,success,1,2026-09-10T03:51:23.410900+00:00,
31565,ODOO-PARTNER-31565,BOGA JAYA INTERNASIONAL PT,success,1,2026-09-10T03:51:23.410900+00:00,
38492,ODOO-PARTNER-38492,BOGA MAKMUR DINASTI PT,success,1,2026-09-10T03:51:23.410900+00:00,
39467,ODOO-PARTNER-39467,BOGA MAKMUR MANDIRI PT,success,1,2026-09-10T03:51:23.410900+00:00,
39942,ODOO-PARTNER-39942,BOHEME PERERENAN,success,1,2026-09-10T03:51:23.410900+00:00,
31567,ODOO-PARTNER-31567,BOKASHI,success,1,2026-09-10T03:51:23.410900+00:00,
40265,ODOO-PARTNER-40265,BOKASHI BERAWA,success,1,2026-09-10T03:51:23.410900+00:00,
31569,ODOO-PARTNER-31569,BOKASHI BOUTIQUE PERERENAN PT ,success,1,2026-09-10T03:51:23.410900+00:00,
24530,ODOO-PARTNER-24530,BOMBORA SURF CAMP,success,1,2026-09-10T03:51:23.410900+00:00,
24532,ODOO-PARTNER-24532,BONA BALI UD,success,1,2026-09-10T03:51:23.410900+00:00,
31571,ODOO-PARTNER-31571,BONZA BURGER,success,1,2026-09-10T03:51:23.410900+00:00,
31573,ODOO-PARTNER-31573,BONZA BURGER KUTA,success,1,2026-09-10T03:51:23.410900+00:00,
31575,ODOO-PARTNER-31575,BONZA BURGER SANUR,success,1,2026-09-10T03:51:23.410900+00:00,
39291,ODOO-PARTNER-39291,BOSSMAN,success,1,2026-09-10T03:51:23.410900+00:00,
39161,ODOO-PARTNER-39161,BOTTEGA ITALIANA PETITENGET,success,1,2026-09-10T03:51:23.410900+00:00,
24534,ODOO-PARTNER-24534,BOTTEGA NATURA BALI UBUD,success,1,2026-09-10T03:51:23.410900+00:00,
24536,ODOO-PARTNER-24536,BOX MART,success,1,2026-09-10T03:51:23.410900+00:00,
39556,ODOO-PARTNER-39556,BOX MART BINGIN,success,1,2026-09-10T03:51:23.410900+00:00,
39818,ODOO-PARTNER-39818,BOX MART PADANG PADANG,success,1,2026-09-10T03:51:23.410900+00:00,
39998,ODOO-PARTNER-39998,BOX MART SULUBAN,success,1,2026-09-10T03:51:23.410900+00:00,
46208,ODOO-PARTNER-46208,BOX MART ULUS,success,1,2026-09-10T03:51:23.410900+00:00,
31577,ODOO-PARTNER-31577,BOYANA BALI,success,1,2026-09-10T03:51:23.410900+00:00,
31579,ODOO-PARTNER-31579,BRANS STREET EATERY,success,1,2026-09-10T03:51:23.410900+00:00,
31581,ODOO-PARTNER-31581,BRASSERIE REPUBLIQUE,success,1,2026-09-10T03:51:23.410900+00:00,
31289,ODOO-PARTNER-31289,BRAZILIAN AUSSIE BBQ SEMINYAK,success,1,2026-09-10T03:51:23.410900+00:00,
24538,ODOO-PARTNER-24538,BREAD BASKET,success,1,2026-09-10T03:51:23.410900+00:00,
31583,ODOO-PARTNER-31583,BREKKIE BALI,success,1,2026-09-10T03:51:23.410900+00:00,
31585,ODOO-PARTNER-31585,BRIE RESTAURANT,success,1,2026-09-10T03:51:23.410900+00:00,
39077,ODOO-PARTNER-39077,BRO MART,success,1,2026-09-10T03:51:23.410900+00:00,
31587,ODOO-PARTNER-31587,BRON CAFE,success,1,2026-09-10T03:51:23.410900+00:00,
39714,ODOO-PARTNER-39714,BROOK RESTAURANT,success,1,2026-09-10T03:51:23.410900+00:00,
31589,ODOO-PARTNER-31589,BROSS 57 RESTO & COFFEE,success,1,2026-09-10T03:51:23.410900+00:00,
39143,ODOO-PARTNER-39143,BROTHER GOOSE CAFE,success,1,2026-09-10T03:51:23.410900+00:00,
39583,ODOO-PARTNER-39583,BROTHER GOOSE CAFE SANUR,success,1,2026-09-10T03:51:23.410900+00:00,
24540,ODOO-PARTNER-24540,BROTHER'S MART,success,1,2026-09-10T03:51:23.410900+00:00,
24542,ODOO-PARTNER-24542,BROTHER'S MART 2,success,1,2026-09-10T03:51:23.410900+00:00,
31591,ODOO-PARTNER-31591,BROWN FEATHER HOTEL,success,1,2026-09-10T03:51:23.410900+00:00,
31593,ODOO-PARTNER-31593,BROWN TABLE,success,1,2026-09-10T03:51:23.410900+00:00,
39236,ODOO-PARTNER-39236,BRRR BALI,success,1,2026-09-10T03:51:23.410900+00:00,
31597,ODOO-PARTNER-31597,BRUNCH CLUB,success,1,2026-09-10T03:51:23.410900+00:00,
31599,ODOO-PARTNER-31599,BTC COFFEE & GELATO,success,1,2026-09-10T03:51:23.410900+00:00,
46990,ODOO-PARTNER-46990,BU AMEL (PEMBAKAR),success,1,2026-09-10T03:51:23.410900+00:00,
43685,ODOO-PARTNER-43685,BU AMIK PEMBAKAR,success,1,2026-09-10T03:51:23.410900+00:00,
39984,ODOO-PARTNER-39984,BUAH (PT SARI BUAH MANIS),success,1,2026-09-10T03:51:23.410900+00:00,
31601,ODOO-PARTNER-31601,BUBBA GUMP RESTO,success,1,2026-09-10T03:51:23.410900+00:00,
24544,ODOO-PARTNER-24544,BUDI LESTARI UTAMA PT (TEMPTATION LOMBOK),success,1,2026-09-10T03:51:23.410900+00:00,
32139,ODOO-PARTNER-32139,BUDY WORKOUT CAFE,success,1,2026-09-10T03:51:23.410900+00:00,
39945,ODOO-PARTNER-39945,BUKIT ARTA PANGAN CV,success,1,2026-09-10T03:51:23.410900+00:00,
31603,ODOO-PARTNER-31603,BUKIT CAFE,success,1,2026-09-10T03:51:23.410900+00:00,
24546,ODOO-PARTNER-24546,BULAN GROSIR BERSINAR,success,1,2026-09-10T03:51:23.410900+00:00,
24548,ODOO-PARTNER-24548,BUMBOE VEGAN,success,1,2026-09-10T03:51:23.410900+00:00,
40434,ODOO-PARTNER-40434,BUMBU KITCHEN BALI,success,1,2026-09-10T03:51:23.410900+00:00,
24550,ODOO-PARTNER-24550,BUMDES KEKERAN,success,1,2026-09-10T03:51:23.410900+00:00,
25457,ODOO-PARTNER-25457,BUMDES MEGA KENCANA UNGASAN,success,1,2026-09-10T03:51:23.410900+00:00,
40916,ODOO-PARTNER-40916,BUMDES MENGWITANI,success,1,2026-09-10T03:51:23.410900+00:00,
39803,ODOO-PARTNER-39803,BUMDESA AMERTHA GUNUNG SARI,success,1,2026-09-10T03:51:23.410900+00:00,
24552,ODOO-PARTNER-24552,BUMDESA BHUWANA SARI JAYA,success,1,2026-09-10T03:51:23.410900+00:00,
40331,ODOO-PARTNER-40331,BURGER BROTHERS BERAWA ,success,1,2026-09-10T03:51:23.410900+00:00,
40352,ODOO-PARTNER-40352,BURGER BROTHERS PERERENAN,success,1,2026-09-10T03:51:23.410900+00:00,
40338,ODOO-PARTNER-40338,BURGER BROTHERS SEMINYAK,success,1,2026-09-10T03:51:23.410900+00:00,
39268,ODOO-PARTNER-39268,BURGERS ANONYMOUS,success,1,2026-09-10T03:51:23.410900+00:00,
31605,ODOO-PARTNER-31605,BURGREENS,success,1,2026-09-10T03:51:23.410900+00:00,
31607,ODOO-PARTNER-31607,BURGRLINK,success,1,2026-09-10T03:51:23.410900+00:00,
40588,ODOO-PARTNER-40588,BURN & BONE,success,1,2026-09-10T03:51:23.410900+00:00,
40249,ODOO-PARTNER-40249,BUTTER PROTEIN CLUB PT,success,1,2026-09-10T03:51:23.410900+00:00,
43504,ODOO-PARTNER-43504,BUTTER PROTEIN CLUB 2.0,success,1,2026-09-10T03:51:23.410900+00:00,
44951,ODOO-PARTNER-44951,GUDANG BUTTER,success,1,2026-09-10T03:51:23.410900+00:00,
31609,ODOO-PARTNER-31609,BUTTERMAN,success,1,2026-09-10T03:51:23.410900+00:00,
31611,ODOO-PARTNER-31611,BUTTERMAN UNGASAN,success,1,2026-09-10T03:51:23.410900+00:00,
31613,ODOO-PARTNER-31613,BVLGARI,success,1,2026-09-10T03:51:23.410900+00:00,
42507,ODOO-PARTNER-42507,BWork ULUWATU,success,1,2026-09-10T03:51:23.410900+00:00,
31615,ODOO-PARTNER-31615,BY THE CLIFF,success,1,2026-09-10T03:51:23.410900+00:00,
31617,ODOO-PARTNER-31617,CACTUS BEACH CLUB,success,1,2026-09-10T03:51:23.410900+00:00,
31619,ODOO-PARTNER-31619,CAFE 63,success,1,2026-09-10T03:51:23.410900+00:00,
31621,ODOO-PARTNER-31621,CAFE COUS COUS,success,1,2026-09-10T03:51:23.410900+00:00,
45933,ODOO-PARTNER-45933,CAFE DASA SANUR,success,1,2026-09-10T03:51:23.410900+00:00,
24554,ODOO-PARTNER-24554,CAFE DEL MAR,success,1,2026-09-10T03:51:23.410900+00:00,
31623,ODOO-PARTNER-31623,CAFE DUNIA SEMINYAK,success,1,2026-09-10T03:51:23.410900+00:00,
31625,ODOO-PARTNER-31625,CAFE KIMSOO,success,1,2026-09-10T03:51:23.410900+00:00,
31627,ODOO-PARTNER-31627,CAFE LA PASSION,success,1,2026-09-10T03:51:23.410900+00:00,
31629,ODOO-PARTNER-31629,CAFE MURAL,success,1,2026-09-10T03:51:23.410900+00:00,
31631,ODOO-PARTNER-31631,CAFE ORGANIC PETITENGET,success,1,2026-09-10T03:51:23.410900+00:00,
41777,ODOO-PARTNER-41777,CAHAYA GROSIR BRESELE,success,1,2026-09-10T03:51:23.410900+00:00,
38542,ODOO-PARTNER-38542,CAHAYA WARNA PRIMA PT,success,1,2026-09-10T03:51:23.410900+00:00,
31633,ODOO-PARTNER-31633,CAKE BAR,success,1,2026-09-10T03:51:23.410900+00:00,
24556,ODOO-PARTNER-24556,CALISTA SUPPLIER,success,1,2026-09-10T03:51:23.410900+00:00,
42187,ODOO-PARTNER-42187,CALITA CAFE & EATERY ,success,1,2026-09-10T03:51:23.410900+00:00,
31635,ODOO-PARTNER-31635,CAMANI KOPI,success,1,2026-09-10T03:51:23.410900+00:00,
31637,ODOO-PARTNER-31637,CAMINO COFFEE & EATERY,success,1,2026-09-10T03:51:23.410900+00:00,
40236,ODOO-PARTNER-40236,CANGGU CENTRAL HOSTEL,success,1,2026-09-10T03:51:23.410900+00:00,
24558,ODOO-PARTNER-24558,CANGGU DELI STATION,success,1,2026-09-10T03:51:23.410900+00:00,
31639,ODOO-PARTNER-31639,CANGGU INTERNATIONAL PT (HOLIDAY INN CANGGU),success,1,2026-09-10T03:51:23.410900+00:00,
31641,ODOO-PARTNER-31641,CANNA BALI,success,1,2026-09-10T03:51:23.410900+00:00,
31643,ODOO-PARTNER-31643,CANTINA BY PIZZERIA ITALIA,success,1,2026-09-10T03:51:23.410900+00:00,
31645,ODOO-PARTNER-31645,CANTINA CANGGU CLUB,success,1,2026-09-10T03:51:23.410900+00:00,
24560,ODOO-PARTNER-24560,CANVASING,success,1,2026-09-10T03:51:23.410900+00:00,
31647,ODOO-PARTNER-31647,CAP KAROSO DEVELOPMENT PT,success,1,2026-09-10T03:51:23.410900+00:00,
40155,ODOO-PARTNER-40155,CAPIBARRA,success,1,2026-09-10T03:51:23.410900+00:00,
31649,ODOO-PARTNER-31649,CARAMEL PATISSERIE & CAFE UBUD,success,1,2026-09-10T03:51:23.410900+00:00,
40169,ODOO-PARTNER-40169,CARGO GUDANG PUSAT,success,1,2026-09-10T03:51:23.410900+00:00,
39450,ODOO-PARTNER-39450,CASA WINA,success,1,2026-09-10T03:51:23.410900+00:00,
39292,ODOO-PARTNER-39292,CASH,success,1,2026-09-10T03:51:23.410900+00:00,
31651,ODOO-PARTNER-31651,CASH,success,1,2026-09-10T03:51:23.410900+00:00,
39739,ODOO-PARTNER-39739,ACME CANGGU,success,1,2026-09-10T03:51:23.410900+00:00,
40925,ODOO-PARTNER-40925,"CASH, AFTERS",success,1,2026-09-10T03:51:23.410900+00:00,
41873,ODOO-PARTNER-41873,AINUN,success,1,2026-09-10T03:51:23.410900+00:00,
45639,ODOO-PARTNER-45639,ANATHERA RESORT KUTA,success,1,2026-09-10T03:51:23.410900+00:00,
44479,ODOO-PARTNER-44479,APUAN COFFEE,success,1,2026-09-10T03:51:23.410900+00:00,
40572,ODOO-PARTNER-40572,AYAM MACHO,success,1,2026-09-10T03:51:23.410900+00:00,
40423,ODOO-PARTNER-40423,BALI BUCHA,success,1,2026-09-10T03:51:23.410900+00:00,
43479,ODOO-PARTNER-43479,BALI TANAH LOT PERMAI PT,success,1,2026-09-10T03:51:23.410900+00:00,
40761,ODOO-PARTNER-40761,BARO BAKERY,success,1,2026-09-10T03:51:23.410900+00:00,
44478,ODOO-PARTNER-44478,BASK GILI MENO,success,1,2026-09-10T03:51:23.410900+00:00,
46248,ODOO-PARTNER-46248,BLACKDOOR BY NOOK,success,1,2026-09-10T03:51:23.410900+00:00,
44258,ODOO-PARTNER-44258,BOGA WARASTAMA CV,success,1,2026-09-10T03:51:23.410900+00:00,
40620,ODOO-PARTNER-40620,BRUNCH CLUB PERERENAN,success,1,2026-09-10T03:51:23.410900+00:00,
40222,ODOO-PARTNER-40222,BURGER BROTHER BATU BOLONG,success,1,2026-09-10T03:51:23.410900+00:00,
40199,ODOO-PARTNER-40199,BURGER BROTHER SANUR,success,1,2026-09-10T03:51:23.410900+00:00,
46090,ODOO-PARTNER-46090,CANTEEN DAN CATERING VIENNA,success,1,2026-09-10T03:51:23.410900+00:00,
41421,ODOO-PARTNER-41421,CASA GREENTECH,success,1,2026-09-10T03:51:23.410900+00:00,
39979,ODOO-PARTNER-39979,CASH PAK NYOMAN SUMADI,success,1,2026-09-10T03:51:23.410900+00:00,
40123,ODOO-PARTNER-40123,"CASH, BURGER BROTHERS BERAWA",success,1,2026-09-10T03:51:23.410900+00:00,
40191,ODOO-PARTNER-40191,CENTRAL KITCHEN BALI ,success,1,2026-09-10T03:51:23.410900+00:00,
40152,ODOO-PARTNER-40152,CHASKA UBUD,success,1,2026-09-10T03:51:23.410900+00:00,
45159,ODOO-PARTNER-45159,CHERRY'S DELICATESSEN & COFFEE SHOP,success,1,2026-09-10T03:51:23.410900+00:00,
40463,ODOO-PARTNER-40463,CHONTEA UBUD,success,1,2026-09-10T03:51:23.410900+00:00,
40172,ODOO-PARTNER-40172,COSMO BURGER PERERENAN,success,1,2026-09-10T03:51:23.410900+00:00,
39716,ODOO-PARTNER-39716,DANG COOKIES BATU MEJAN,success,1,2026-09-10T03:51:23.410900+00:00,
42978,ODOO-PARTNER-42978,DE WIDI VILLA,success,1,2026-09-10T03:51:23.410900+00:00,
46006,ODOO-PARTNER-46006,DEVI CAKE,success,1,2026-09-10T03:51:23.410900+00:00,
45221,ODOO-PARTNER-45221,DWI JAYA CV,success,1,2026-09-10T03:51:23.410900+00:00,
42021,ODOO-PARTNER-42021,DYNASTY FITNESS,success,1,2026-09-10T03:51:23.410900+00:00,
40518,ODOO-PARTNER-40518,ELEMENTUM,success,1,2026-09-10T03:51:23.410900+00:00,
43254,ODOO-PARTNER-43254,EXO TRAVEL INDONESIA,success,1,2026-09-10T03:51:23.410900+00:00,
43588,ODOO-PARTNER-43588,GEPS DELI,success,1,2026-09-10T03:51:23.410900+00:00,
41169,ODOO-PARTNER-41169,GOLD DRAGON MANAGEMENT PT,success,1,2026-09-10T03:51:23.410900+00:00,
43557,ODOO-PARTNER-43557,GRITZ ROOM SERVICE CV,success,1,2026-09-10T03:51:23.410900+00:00,
43574,ODOO-PARTNER-43574,GUDANG JHAYA,success,1,2026-09-10T03:51:23.410900+00:00,
40605,ODOO-PARTNER-40605,HEALTH INTERNATIONAL CENTRE,success,1,2026-09-10T03:51:23.410900+00:00,
39875,ODOO-PARTNER-39875,HOOKAH PLACE UBUD,success,1,2026-09-10T03:51:23.410900+00:00,
41076,ODOO-PARTNER-41076,HOTEL BLIVE COLIVING,success,1,2026-09-10T03:51:23.410900+00:00,
43291,ODOO-PARTNER-43291,JHOII LOCAL EAT,success,1,2026-09-10T03:51:23.410900+00:00,
39958,ODOO-PARTNER-39958,JOKO PURNOMO,success,1,2026-09-10T03:51:23.410900+00:00,
43697,ODOO-PARTNER-43697,JU BALI,success,1,2026-09-10T03:51:23.410900+00:00,
44610,ODOO-PARTNER-44610,KAIMA,success,1,2026-09-10T03:51:23.410900+00:00,
40590,ODOO-PARTNER-40590,KARAT STORE & RESTAURANT,success,1,2026-09-10T03:51:23.410900+00:00,
40121,ODOO-PARTNER-40121,KARUNIA SEJAHTERA,success,1,2026-09-10T03:51:23.410900+00:00,
44499,ODOO-PARTNER-44499,KAYUMANIS SEASIDE RESTAURANT,success,1,2026-09-10T03:51:23.410900+00:00,
40133,ODOO-PARTNER-40133,LA CABANE,success,1,2026-09-10T03:51:23.410900+00:00,
40220,ODOO-PARTNER-40220,MAMA KRISNA COFFEE,success,1,2026-09-10T03:51:23.410900+00:00,
44754,ODOO-PARTNER-44754,MANGO TREE,success,1,2026-09-10T03:51:23.410900+00:00,
40501,ODOO-PARTNER-40501,MARGRETA SWEETA VARIA,success,1,2026-09-10T03:51:23.410900+00:00,
40492,ODOO-PARTNER-40492,MILENIAL SHOP,success,1,2026-09-10T03:51:23.410900+00:00,
45804,ODOO-PARTNER-45804,MR FABRICE,success,1,2026-09-10T03:51:23.410900+00:00,
45062,ODOO-PARTNER-45062,MUIN BALI,success,1,2026-09-10T03:51:23.410900+00:00,
46270,ODOO-PARTNER-46270,NINE MILES,success,1,2026-09-10T03:51:23.410900+00:00,
40691,ODOO-PARTNER-40691,NONGBU,success,1,2026-09-10T03:51:23.410900+00:00,
39356,ODOO-PARTNER-39356,ONE FOOD FROZEN,success,1,2026-09-10T03:51:23.410900+00:00,
40488,ODOO-PARTNER-40488,ONION KITCHEN,success,1,2026-09-10T03:51:23.410900+00:00,
42331,ODOO-PARTNER-42331,PANGERAN ADITYA TEH (PAdaT),success,1,2026-09-10T03:51:23.410900+00:00,
42838,ODOO-PARTNER-42838,PAPA LEE'S BATU BOLONG ,success,1,2026-09-10T03:51:23.410900+00:00,
43856,ODOO-PARTNER-43856,PESCADO UBUD,success,1,2026-09-10T03:51:23.410900+00:00,
41490,ODOO-PARTNER-41490,PHILANTHROPY RESTAURANT & BAR,success,1,2026-09-10T03:51:23.410900+00:00,
44583,ODOO-PARTNER-44583,PLANT THEORY,success,1,2026-09-10T03:51:23.410900+00:00,
43391,ODOO-PARTNER-43391,POLITEKNIK INTERNASIONAL BALI (PIB COLLEGE),success,1,2026-09-10T03:51:23.410900+00:00,
45886,ODOO-PARTNER-45886,PONDOK NGANGENIN,success,1,2026-09-10T03:51:23.410900+00:00,
41577,ODOO-PARTNER-41577,QUEST HOTEL SAN DENPASAR,success,1,2026-09-10T03:51:23.410900+00:00,
43084,ODOO-PARTNER-43084,RALLY CAFE (MAIN PADEL BALI),success,1,2026-09-10T03:51:23.410900+00:00,
44994,ODOO-PARTNER-44994,RESTAURANT TETANGGA SEBELAH,success,1,2026-09-10T03:51:23.410900+00:00,
45844,ODOO-PARTNER-45844,ROCK ISLAND,success,1,2026-09-10T03:51:23.410900+00:00,
43867,ODOO-PARTNER-43867,ROLLING FORK,success,1,2026-09-10T03:51:23.410900+00:00,
44574,ODOO-PARTNER-44574,SALTWOOD RESTAURANT,success,1,2026-09-10T03:51:23.410900+00:00,
46877,ODOO-PARTNER-46877,SANDO,success,1,2026-09-10T03:51:23.410900+00:00,
39914,ODOO-PARTNER-39914,SANTERA VILLAGE,success,1,2026-09-10T03:51:23.410900+00:00,
43424,ODOO-PARTNER-43424,SAPTA PUTRA UD,success,1,2026-09-10T03:51:23.410900+00:00,
41590,ODOO-PARTNER-41590,SEGERIN.YOG,success,1,2026-09-10T03:51:23.410900+00:00,
42832,ODOO-PARTNER-42832,SOUZA,success,1,2026-09-10T03:51:23.410900+00:00,
40198,ODOO-PARTNER-40198,SUARGA PADANG PADANG RESORT,success,1,2026-09-10T03:51:23.410900+00:00,
39980,ODOO-PARTNER-39980,TANGIERS LOUNGE,success,1,2026-09-10T03:51:23.410900+00:00,
46257,ODOO-PARTNER-46257,TAPHA SANUR,success,1,2026-09-10T03:51:23.410900+00:00,
45032,ODOO-PARTNER-45032,TATA & VEGANLICIUS,success,1,2026-09-10T03:51:23.410900+00:00,
41057,ODOO-PARTNER-41057,TEROEMBOE KITCHEN & DINING,success,1,2026-09-10T03:51:23.410900+00:00,
40477,ODOO-PARTNER-40477,THALASSA SESEH,success,1,2026-09-10T03:51:23.410900+00:00,
40007,ODOO-PARTNER-40007,THE BALI DREAM SUITE VILLA,success,1,2026-09-10T03:51:23.410900+00:00,
40480,ODOO-PARTNER-40480,THE ISLAND FRESH LEMBONGAN,success,1,2026-09-10T03:51:23.410900+00:00,
45352,ODOO-PARTNER-45352,THE ONE LEGIAN,success,1,2026-09-10T03:51:23.410900+00:00,
40212,ODOO-PARTNER-40212,THE RING FIGHT CLUB,success,1,2026-09-10T03:51:23.410900+00:00,
40422,ODOO-PARTNER-40422,THE TEMPLE BAR,success,1,2026-09-10T03:51:23.410900+00:00,
40974,ODOO-PARTNER-40974,THE TRANS RESORT BALI,success,1,2026-09-10T03:51:23.410900+00:00,
40411,ODOO-PARTNER-40411,THE UDAYA RESORT AND SPA,success,1,2026-09-10T03:51:23.410900+00:00,
40367,ODOO-PARTNER-40367,THE VIEW SUNSET CLUB,success,1,2026-09-10T03:51:23.410900+00:00,
45038,ODOO-PARTNER-45038,TREBACI PATISSERIE,success,1,2026-09-10T03:51:23.410900+00:00,
40113,ODOO-PARTNER-40113,TUI BLUE BERAWA,success,1,2026-09-10T03:51:23.410900+00:00,
42937,ODOO-PARTNER-42937,VIBES KITCHEN,success,1,2026-09-10T03:51:23.410900+00:00,
40300,ODOO-PARTNER-40300,VILLA LAMUNAN,success,1,2026-09-10T03:51:23.410900+00:00,
44500,ODOO-PARTNER-44500,VILLA LANGU,success,1,2026-09-10T03:51:23.410900+00:00,
40453,ODOO-PARTNER-40453,VILLAGE CAFE,success,1,2026-09-10T03:51:23.410900+00:00,
40286,ODOO-PARTNER-40286,WAGYUMAN MERDEKA,success,1,2026-09-10T03:51:23.410900+00:00,
39486,ODOO-PARTNER-39486,WHEATFIELDS,success,1,2026-09-10T03:51:23.410900+00:00,
39781,ODOO-PARTNER-39781,YES MADAM,success,1,2026-09-10T03:51:23.410900+00:00,
42070,ODOO-PARTNER-42070,YOURS TRULY ULUWATU,success,1,2026-09-10T03:51:23.410900+00:00,
42484,ODOO-PARTNER-42484,ZALI RESTAURANT ULUWATU,success,1,2026-09-10T03:51:23.410900+00:00,
40098,ODOO-PARTNER-40098,"cash, WAHYUNING PUTRI",success,1,2026-09-10T03:51:23.410900+00:00,
31653,ODOO-PARTNER-31653,CASHEW TREE,success,1,2026-09-10T03:51:23.410900+00:00,
24562,ODOO-PARTNER-24562,CATU MART,success,1,2026-09-10T03:51:23.410900+00:00,
43775,ODOO-PARTNER-43775,CAVO BAR & BISTRO,success,1,2026-09-10T03:51:23.410900+00:00,
24564,ODOO-PARTNER-24564,CELEBRITI BAKERY,success,1,2026-09-10T03:51:23.410900+00:00,
31655,ODOO-PARTNER-31655,CEMPAKA CAFE,success,1,2026-09-10T03:51:23.410900+00:00,
40075,ODOO-PARTNER-40075,CENING BAGUS,success,1,2026-09-10T03:51:23.410900+00:00,
31657,ODOO-PARTNER-31657,CENTRAL FOOD VILLAGE,success,1,2026-09-10T03:51:23.410900+00:00,
24566,ODOO-PARTNER-24566,CERIA OB,success,1,2026-09-10T03:51:23.410900+00:00,
31659,ODOO-PARTNER-31659,CHADOL GUJEOLPAN LIVINGWORLD,success,1,2026-09-10T03:51:23.410900+00:00,
42975,ODOO-PARTNER-42975,CHAI OF THE TIGER,success,1,2026-09-10T03:51:23.410900+00:00,
38538,ODOO-PARTNER-38538,CHAMP RESTO INDONESIA PT,success,1,2026-09-10T03:51:23.410900+00:00,
46790,ODOO-PARTNER-46790,CHAN'S COFFEE & BAKERY,success,1,2026-09-10T03:51:23.410900+00:00,
31661,ODOO-PARTNER-31661,CHANDI,success,1,2026-09-10T03:51:23.410900+00:00,
31663,ODOO-PARTNER-31663,CHAPTER 2 RESTAURANT,success,1,2026-09-10T03:51:23.410900+00:00,
31665,ODOO-PARTNER-31665,CHAPUNG SEBALI,success,1,2026-09-10T03:51:23.410900+00:00,
39372,ODOO-PARTNER-39372,CHASKAA GWK,success,1,2026-09-10T03:51:23.410900+00:00,
39142,ODOO-PARTNER-39142,CHASKAA KUTA,success,1,2026-09-10T03:51:23.410900+00:00,
39141,ODOO-PARTNER-39141,CHASKAA SEMINYAK,success,1,2026-09-10T03:51:23.410900+00:00,
40252,ODOO-PARTNER-40252,CHASKAA UBUD ,success,1,2026-09-10T03:51:23.410900+00:00,
31667,ODOO-PARTNER-31667,CHATWOOD,success,1,2026-09-10T03:51:23.410900+00:00,
31669,ODOO-PARTNER-31669,CHEF'S CRATE,success,1,2026-09-10T03:51:23.410900+00:00,
31671,ODOO-PARTNER-31671,CHELA CAFE,success,1,2026-09-10T03:51:23.410900+00:00,
31673,ODOO-PARTNER-31673,CHICK SHACK,success,1,2026-09-10T03:51:23.410900+00:00,
31675,ODOO-PARTNER-31675,CHIR CHIR FUSHION MERDEKA,success,1,2026-09-10T03:51:23.410900+00:00,
31677,ODOO-PARTNER-31677,CHIR CHIR FUSION SAMASTA,success,1,2026-09-10T03:51:23.410900+00:00,
31679,ODOO-PARTNER-31679,CHIRI,success,1,2026-09-10T03:51:23.410900+00:00,
44246,ODOO-PARTNER-44246,CHISA DE BOGA,success,1,2026-09-10T03:51:23.410900+00:00,
39813,ODOO-PARTNER-39813,CHITO,success,1,2026-09-10T03:51:23.410900+00:00,
31681,ODOO-PARTNER-31681,CHOEGOGI KOREAN BBQ,success,1,2026-09-10T03:51:23.410900+00:00,
31683,ODOO-PARTNER-31683,CHOW CHOW,success,1,2026-09-10T03:51:23.410900+00:00,
31685,ODOO-PARTNER-31685,CHUPACABRAS & ARRIBA,success,1,2026-09-10T03:51:23.410900+00:00,
31687,ODOO-PARTNER-31687,CILANTRO UBUD,success,1,2026-09-10T03:51:23.410900+00:00,
31689,ODOO-PARTNER-31689,CINTA CAFE,success,1,2026-09-10T03:51:23.410900+00:00,
31691,ODOO-PARTNER-31691,CINTA CAFE PERERENAN,success,1,2026-09-10T03:51:23.410900+00:00,
43284,ODOO-PARTNER-43284,CINTA MART BRESELE,success,1,2026-09-10T03:51:23.410900+00:00,
24568,ODOO-PARTNER-24568,CIPTA KARYA MART,success,1,2026-09-10T03:51:23.410900+00:00,
31693,ODOO-PARTNER-31693,CIPTA WIJAYA MAKMUR UD,success,1,2026-09-10T03:51:23.410900+00:00,
24570,ODOO-PARTNER-24570,CIRCLE K DC,success,1,2026-09-10T03:51:23.410900+00:00,
38484,ODOO-PARTNER-38484,CIRCLEKA INDONESIA UTAMA PT,success,1,2026-09-10T03:51:23.410900+00:00,
39560,ODOO-PARTNER-39560,CITRA MINIMARKET,success,1,2026-09-10T03:51:23.410900+00:00,
31695,ODOO-PARTNER-31695,CITRUS BERRY KITCHEN,success,1,2026-09-10T03:51:23.410900+00:00,
24572,ODOO-PARTNER-24572,CLARA BABY & KIDS,success,1,2026-09-10T03:51:23.410900+00:00,
31697,ODOO-PARTNER-31697,CLIFFHANGER RESTAURANT BEACH BAR & GRILL,success,1,2026-09-10T03:51:23.410900+00:00,
31699,ODOO-PARTNER-31699,CLOUD NINE UBUD PUB AND CO,success,1,2026-09-10T03:51:23.410900+00:00,
24574,ODOO-PARTNER-24574,CLUB MED BALI,success,1,2026-09-10T03:51:23.410900+00:00,
24430,ODOO-PARTNER-24430,COCO  KAMPIAL,success,1,2026-09-10T03:51:23.410900+00:00,
24432,ODOO-PARTNER-24432,COCO  SANGGULAN,success,1,2026-09-10T03:51:23.410900+00:00,
45984,ODOO-PARTNER-45984,COCO BACKYARD,success,1,2026-09-10T03:51:23.410900+00:00,
24433,ODOO-PARTNER-24433,COCO BATU MEJAN,success,1,2026-09-10T03:51:23.410900+00:00,
24434,ODOO-PARTNER-24434,COCO BATUBULAN,success,1,2026-09-10T03:51:23.410900+00:00,
24435,ODOO-PARTNER-24435,COCO BATUYANG,success,1,2026-09-10T03:51:23.410900+00:00,
31703,ODOO-PARTNER-31703,COCO BISTRO KUTA SQUARE (CV COCO BISTRO),success,1,2026-09-10T03:51:23.410900+00:00,
40272,ODOO-PARTNER-40272,COCO BISTRO MATAHARI TERBIT (PT RASA DEWATA JAYA),success,1,2026-09-10T03:51:23.410900+00:00,
31701,ODOO-PARTNER-31701,COCO BISTRO TANJUNG (CV COCO BISTRO),success,1,2026-09-10T03:51:23.410900+00:00,
24436,ODOO-PARTNER-24436,COCO BLAHBATUH,success,1,2026-09-10T03:51:23.410900+00:00,
24437,ODOO-PARTNER-24437,COCO BLAHKIUH,success,1,2026-09-10T03:51:23.410900+00:00,
40454,ODOO-PARTNER-40454,COCO CM SILUNGAN,success,1,2026-09-10T03:51:23.410900+00:00,
40493,ODOO-PARTNER-40493,COCO DANAU POSO,success,1,2026-09-10T03:51:23.410900+00:00,
42833,ODOO-PARTNER-42833,COCO EXPRESS BANGSAL SANUR,success,1,2026-09-10T03:51:23.410900+00:00,
24576,ODOO-PARTNER-24576,COCO EXPRESS CEMARA,success,1,2026-09-10T03:51:23.410900+00:00,
24438,ODOO-PARTNER-24438,COCO EXPRESS DRUPADI,success,1,2026-09-10T03:51:23.410900+00:00,
24439,ODOO-PARTNER-24439,COCO EXPRESS HANG TUAH,success,1,2026-09-10T03:51:23.410900+00:00,
24440,ODOO-PARTNER-24440,COCO EXPRESS KEDIRI,success,1,2026-09-10T03:51:23.410900+00:00,
24441,ODOO-PARTNER-24441,COCO EXPRESS KUTA BEACH,success,1,2026-09-10T03:51:23.410900+00:00,
24442,ODOO-PARTNER-24442,COCO EXPRESS KUTA SQUARE,success,1,2026-09-10T03:51:23.410900+00:00,
24443,ODOO-PARTNER-24443,COCO EXPRESS MADE LEBAH,success,1,2026-09-10T03:51:23.410900+00:00,
39391,ODOO-PARTNER-39391,COCO EXPRESS MELASTI,success,1,2026-09-10T03:51:23.410900+00:00,
24444,ODOO-PARTNER-24444,COCO EXPRESS NATYA,success,1,2026-09-10T03:51:23.410900+00:00,
24445,ODOO-PARTNER-24445,COCO EXPRESS PADMA,success,1,2026-09-10T03:51:23.410900+00:00,
24446,ODOO-PARTNER-24446,COCO EXPRESS PANGKUNG,success,1,2026-09-10T03:51:23.410900+00:00,
24447,ODOO-PARTNER-24447,COCO EXPRESS SINDHU,success,1,2026-09-10T03:51:23.410900+00:00,
44263,ODOO-PARTNER-44263,COCO EXPRESS TANAH LOT,success,1,2026-09-10T03:51:23.410900+00:00,
24448,ODOO-PARTNER-24448,COCO EXPRESS TANJUNG,success,1,2026-09-10T03:51:23.410900+00:00,
24449,ODOO-PARTNER-24449,COCO EXPRESS WANASEGARA,success,1,2026-09-10T03:51:23.410900+00:00,
24450,ODOO-PARTNER-24450,COCO GOA GONG,success,1,2026-09-10T03:51:23.410900+00:00,
24575,ODOO-PARTNER-24575,COCO GOURMET BEACHWALK,success,1,2026-09-10T03:51:23.410900+00:00,
24451,ODOO-PARTNER-24451,COCO GOURMET DSM,success,1,2026-09-10T03:51:23.410900+00:00,
24453,ODOO-PARTNER-24453,COCO KAMPOENG LOT,success,1,2026-09-10T03:51:23.410900+00:00,
24454,ODOO-PARTNER-24454,COCO KARTIKA PLAZA,success,1,2026-09-10T03:51:23.410900+00:00,
24431,ODOO-PARTNER-24431,COCO LEBAK BENE,success,1,2026-09-10T03:51:23.410900+00:00,
42834,ODOO-PARTNER-42834,COCO LITE THE LUC BRAWA,success,1,2026-09-10T03:51:23.410900+00:00,
24577,ODOO-PARTNER-24577,COCO LIVING WORLD,success,1,2026-09-10T03:51:23.410900+00:00,
46918,ODOO-PARTNER-46918,COCO MART BENESARI,success,1,2026-09-10T03:51:23.410900+00:00,
44196,ODOO-PARTNER-44196,COCO MART CEMAGI,success,1,2026-09-10T03:51:23.410900+00:00,
24455,ODOO-PARTNER-24455,COCO MART DHARMAWANGSA,success,1,2026-09-10T03:51:23.410900+00:00,
44310,ODOO-PARTNER-44310,COCO MART DRUPADI,success,1,2026-09-10T03:51:23.410900+00:00,
44759,ODOO-PARTNER-44759,COCO MART PELABUHAN SANUR,success,1,2026-09-10T03:51:23.410900+00:00,
24456,ODOO-PARTNER-24456,COCO MART PELIATAN,success,1,2026-09-10T03:51:23.410900+00:00,
40455,ODOO-PARTNER-40455,COCO MART PURA MASUKA,success,1,2026-09-10T03:51:23.410900+00:00,
40297,ODOO-PARTNER-40297,COCO MART WERKUDARA,success,1,2026-09-10T03:51:23.410900+00:00,
24578,ODOO-PARTNER-24578,COCO MATAHARI TERBIT,success,1,2026-09-10T03:51:23.410900+00:00,
24457,ODOO-PARTNER-24457,COCO MERTASARI,success,1,2026-09-10T03:51:23.410900+00:00,
24458,ODOO-PARTNER-24458,COCO NUANSA UTAMA,success,1,2026-09-10T03:51:23.410900+00:00,
24429,ODOO-PARTNER-24429,COCO PADANG LINJONG,success,1,2026-09-10T03:51:23.410900+00:00,
24459,ODOO-PARTNER-24459,COCO PURI GADING,success,1,2026-09-10T03:51:23.410900+00:00,
24460,ODOO-PARTNER-24460,COCO SEMINYAK,success,1,2026-09-10T03:51:23.410900+00:00,
24461,ODOO-PARTNER-24461,COCO SILIGITA,success,1,2026-09-10T03:51:23.410900+00:00,
24462,ODOO-PARTNER-24462,COCO SUKAWATI,success,1,2026-09-10T03:51:23.410900+00:00,
24463,ODOO-PARTNER-24463,COCO SUPERMARKET CANGGU,success,1,2026-09-10T03:51:23.410900+00:00,
24464,ODOO-PARTNER-24464,COCO SUPERMARKET DALUNG,success,1,2026-09-10T03:51:23.410900+00:00,
24465,ODOO-PARTNER-24465,COCO SUPERMARKET DC 1,success,1,2026-09-10T03:51:23.410900+00:00,
24452,ODOO-PARTNER-24452,COCO SUPERMARKET JIMBARAN,success,1,2026-09-10T03:51:23.410900+00:00,
24466,ODOO-PARTNER-24466,COCO SUPERMARKET MUDING,success,1,2026-09-10T03:51:23.410900+00:00,
24467,ODOO-PARTNER-24467,COCO SUPERMARKET MUMBUL,success,1,2026-09-10T03:51:23.410900+00:00,
24468,ODOO-PARTNER-24468,COCO SUPERMARKET SANUR,success,1,2026-09-10T03:51:23.410900+00:00,
24469,ODOO-PARTNER-24469,COCO SUPERMARKET UBUD,success,1,2026-09-10T03:51:23.410900+00:00,
24471,ODOO-PARTNER-24471,COCO TAMAN GIRI,success,1,2026-09-10T03:51:23.410900+00:00,
24472,ODOO-PARTNER-24472,COCO TAMAN GRIYA,success,1,2026-09-10T03:51:23.410900+00:00,
24473,ODOO-PARTNER-24473,COCO TANJUNG CM,success,1,2026-09-10T03:51:23.410900+00:00,
24470,ODOO-PARTNER-24470,COCO TEBONGKANG,success,1,2026-09-10T03:51:23.410900+00:00,
24474,ODOO-PARTNER-24474,COCO TEROMPONG,success,1,2026-09-10T03:51:23.410900+00:00,
24475,ODOO-PARTNER-24475,COCO ULUWATU,success,1,2026-09-10T03:51:23.410900+00:00,
24476,ODOO-PARTNER-24476,COCO UNGASAN,success,1,2026-09-10T03:51:23.410900+00:00,
31705,ODOO-PARTNER-31705,COCOMO CANGGU,success,1,2026-09-10T03:51:23.410900+00:00,
31707,ODOO-PARTNER-31707,COFFEE CARTEL,success,1,2026-09-10T03:51:23.410900+00:00,
31709,ODOO-PARTNER-31709,COFFEE CARTEL LEGIAN,success,1,2026-09-10T03:51:23.410900+00:00,
31711,ODOO-PARTNER-31711,COFFEE CORNER,success,1,2026-09-10T03:51:23.410900+00:00,
31713,ODOO-PARTNER-31713,COFFEE THERAPY,success,1,2026-09-10T03:51:23.410900+00:00,
31715,ODOO-PARTNER-31715,COFFEENOSKY,success,1,2026-09-10T03:51:23.410900+00:00,
31717,ODOO-PARTNER-31717,COFFEETERIE LEGIAN,success,1,2026-09-10T03:51:23.410900+00:00,
24580,ODOO-PARTNER-24580,COMPASS FRESH,success,1,2026-09-10T03:51:23.410900+00:00,
40135,ODOO-PARTNER-40135,CONRAD BALI,success,1,2026-09-10T03:51:23.410900+00:00,
31719,ODOO-PARTNER-31719,CORK SANUR,success,1,2026-09-10T03:51:23.410900+00:00,
31721,ODOO-PARTNER-31721,CORNER HOUSE,success,1,2026-09-10T03:51:23.410900+00:00,
24582,ODOO-PARTNER-24582,CORNER MART,success,1,2026-09-10T03:51:23.410900+00:00,
31723,ODOO-PARTNER-31723,COSMO UBUD,success,1,2026-09-10T03:51:23.410900+00:00,
31725,ODOO-PARTNER-31725,COSTA BY MONSTA,success,1,2026-09-10T03:51:23.410900+00:00,
31727,ODOO-PARTNER-31727,COURTYARD MARRIOT NUSA DUA,success,1,2026-09-10T03:51:23.410900+00:00,
31729,ODOO-PARTNER-31729,COURTYARD SEMINYAK,success,1,2026-09-10T03:51:23.410900+00:00,
40223,ODOO-PARTNER-40223,CP LOUNGE,success,1,2026-09-10T03:51:23.410900+00:00,
31731,ODOO-PARTNER-31731,CRAFTED COFFEE HOUSE,success,1,2026-09-10T03:51:23.410900+00:00,
31733,ODOO-PARTNER-31733,CREMA COFFEE,success,1,2026-09-10T03:51:23.410900+00:00,
39713,ODOO-PARTNER-39713,CROI BALI,success,1,2026-09-10T03:51:23.410900+00:00,
39759,ODOO-PARTNER-39759,CROSS BALI BREAKERS,success,1,2026-09-10T03:51:23.410900+00:00,
33348,ODOO-PARTNER-33348,CROSS PAASHA BALI SEMINYAK,success,1,2026-09-10T03:51:23.410900+00:00,
31735,ODOO-PARTNER-31735,CRUMB & COASTER,success,1,2026-09-10T03:51:23.410900+00:00,
39838,ODOO-PARTNER-39838,CRYSTAL CV,success,1,2026-09-10T03:51:23.410900+00:00,
39700,ODOO-PARTNER-39700,CRYSTAL GROSIR TABANAN,success,1,2026-09-10T03:51:23.410900+00:00,
24584,ODOO-PARTNER-24584,CRYSTAL MART,success,1,2026-09-10T03:51:23.410900+00:00,
39086,ODOO-PARTNER-39086,CRYSTAL MART MERPATI,success,1,2026-09-10T03:51:23.410900+00:00,
31737,ODOO-PARTNER-31737,CUCA RESTAURANT,success,1,2026-09-10T03:51:23.410900+00:00,
31739,ODOO-PARTNER-31739,CUMULUS,success,1,2026-09-10T03:51:23.410900+00:00,
31741,ODOO-PARTNER-31741,CURRENT - SOCIAL CLUB & KITCHEN,success,1,2026-09-10T03:51:23.410900+00:00,
39808,ODOO-PARTNER-39808,CV SEMANGAT VEGAN SEJATI,success,1,2026-09-10T03:51:23.410900+00:00,
39697,ODOO-PARTNER-39697,CV. CRYSTAL,success,1,2026-09-10T03:51:23.410900+00:00,
1,ODOO-PARTNER-1,"Cahaya Boga Utama, CV",success,1,2026-09-10T03:51:23.410900+00:00,
24586,ODOO-PARTNER-24586,D RAYA MART,success,1,2026-09-10T03:51:23.410900+00:00,
40137,ODOO-PARTNER-40137,D' UMA MART,success,1,2026-09-10T03:51:23.410900+00:00,
31745,ODOO-PARTNER-31745,D'JAYA DELAPAN,success,1,2026-09-10T03:51:23.410900+00:00,
31749,ODOO-PARTNER-31749,DA' HOUSETEL,success,1,2026-09-10T03:51:23.410900+00:00,
31751,ODOO-PARTNER-31751,DAEGU KOREAN RESTO MATARAM,success,1,2026-09-10T03:51:23.410900+00:00,
38529,ODOO-PARTNER-38529,DAEGU KOREAN RESTO MATARAN,success,1,2026-09-10T03:51:23.410900+00:00,
39162,ODOO-PARTNER-39162,DAENG BURGER TOYANING,success,1,2026-09-10T03:51:23.410900+00:00,
31755,ODOO-PARTNER-31755,DAENG COFFEE,success,1,2026-09-10T03:51:23.410900+00:00,
31753,ODOO-PARTNER-31753,DAENG COFFEE & EATERY MARLBORO,success,1,2026-09-10T03:51:23.410900+00:00,
31757,ODOO-PARTNER-31757,DAENG UMALAS,success,1,2026-09-10T03:51:23.410900+00:00,
41882,ODOO-PARTNER-41882,DAGANGAN999,success,1,2026-09-10T03:51:23.410900+00:00,
31759,ODOO-PARTNER-31759,DAILY BAGUETTE FACTORY,success,1,2026-09-10T03:51:23.410900+00:00,
31761,ODOO-PARTNER-31761,DAILY BAGUETTE SANUR,success,1,2026-09-10T03:51:23.410900+00:00,
40228,ODOO-PARTNER-40228,DAILY ESPRESSO,success,1,2026-09-10T03:51:23.410900+00:00,
31763,ODOO-PARTNER-31763,DAILY FAT BURGER,success,1,2026-09-10T03:51:23.410900+00:00,
31765,ODOO-PARTNER-31765,DAIRY BOGA,success,1,2026-09-10T03:51:23.410900+00:00,
31767,ODOO-PARTNER-31767,DALUMAN VILLA,success,1,2026-09-10T03:51:23.410900+00:00,
24588,ODOO-PARTNER-24588,DALUNG GROSIR BERSINAR,success,1,2026-09-10T03:51:23.410900+00:00,
25102,ODOO-PARTNER-25102,DAMA SEMESTA UD,success,1,2026-09-10T03:51:23.410900+00:00,
40239,ODOO-PARTNER-40239,DANA MART,success,1,2026-09-10T03:51:23.410900+00:00,
31769,ODOO-PARTNER-31769,DANA SIRENA GASPAROLLI (DELI POINT BAJO),success,1,2026-09-10T03:51:23.410900+00:00,
39581,ODOO-PARTNER-39581,DANG COOKIES BERAWA,success,1,2026-09-10T03:51:23.410900+00:00,
39720,ODOO-PARTNER-39720,DANG COOKIES SANUR,success,1,2026-09-10T03:51:23.410900+00:00,
24589,ODOO-PARTNER-24589,DAPUR EXPRESS TUKAD YEH AYA,success,1,2026-09-10T03:51:23.410900+00:00,
24591,ODOO-PARTNER-24591,DAPUR MAMA JAYA CV,success,1,2026-09-10T03:51:23.410900+00:00,
40362,ODOO-PARTNER-40362,DAPUR RATNA,success,1,2026-09-10T03:51:23.410900+00:00,
24593,ODOO-PARTNER-24593,DAPUR SEMBILAN,success,1,2026-09-10T03:51:23.410900+00:00,
44840,ODOO-PARTNER-44840,DAPUR SOSIS MUNGGU,success,1,2026-09-10T03:51:23.410900+00:00,
31771,ODOO-PARTNER-31771,DARNA BERAWA,success,1,2026-09-10T03:51:23.410900+00:00,
24597,ODOO-PARTNER-24597,DAY MART PECATU,success,1,2026-09-10T03:51:23.410900+00:00,
39459,ODOO-PARTNER-39459,DC BALI,success,1,2026-09-10T03:51:23.410900+00:00,
46991,ODOO-PARTNER-46991,DCP VELA NUSANTARA PT,success,1,2026-09-10T03:51:23.410900+00:00,
31775,ODOO-PARTNER-31775,DE BAKKER,success,1,2026-09-10T03:51:23.410900+00:00,
40317,ODOO-PARTNER-40317,DE MART MINI MARKET,success,1,2026-09-10T03:51:23.410900+00:00,
39764,ODOO-PARTNER-39764,DE MORELOS MEXICANA,success,1,2026-09-10T03:51:23.410900+00:00,
44079,ODOO-PARTNER-44079,DE SPOON (HOME STORY),success,1,2026-09-10T03:51:23.410900+00:00,
39137,ODOO-PARTNER-39137,DE VINS SKY HOTEL,success,1,2026-09-10T03:51:23.410900+00:00,
40304,ODOO-PARTNER-40304,DE WARUNG BALI,success,1,2026-09-10T03:51:23.410900+00:00,
39337,ODOO-PARTNER-39337,DEAR LUCY,success,1,2026-09-10T03:51:23.410900+00:00,
24599,ODOO-PARTNER-24599,DEL MART,success,1,2026-09-10T03:51:23.410900+00:00,
31777,ODOO-PARTNER-31777,DELI BY KITA,success,1,2026-09-10T03:51:23.410900+00:00,
31779,ODOO-PARTNER-31779,DELI CAMPUR ASIA,success,1,2026-09-10T03:51:23.410900+00:00,
31781,ODOO-PARTNER-31781,DELI KITCHEN,success,1,2026-09-10T03:51:23.410900+00:00,
31783,ODOO-PARTNER-31783,DELI ULUWATU,success,1,2026-09-10T03:51:23.410900+00:00,
24601,ODOO-PARTNER-24601,DELTA DEWATA UBUD,success,1,2026-09-10T03:51:23.410900+00:00,
31785,ODOO-PARTNER-31785,DEN-O COFFEE,success,1,2026-09-10T03:51:23.410900+00:00,
31787,ODOO-PARTNER-31787,DESA HAY CANGGU,success,1,2026-09-10T03:51:23.410900+00:00,
31789,ODOO-PARTNER-31789,DESA KITSUNE,success,1,2026-09-10T03:51:23.410900+00:00,
31791,ODOO-PARTNER-31791,DESPACITO LOFT & LOUNGE,success,1,2026-09-10T03:51:23.410900+00:00,
31793,ODOO-PARTNER-31793,DEUS CAFE,success,1,2026-09-10T03:51:23.410900+00:00,
31795,ODOO-PARTNER-31795,DEVA SUSHI,success,1,2026-09-10T03:51:23.410900+00:00,
32015,ODOO-PARTNER-32015,DEWATA JAYA LAND PT,success,1,2026-09-10T03:51:23.410900+00:00,
24603,ODOO-PARTNER-24603,DEWI SERI MART,success,1,2026-09-10T03:51:23.410900+00:00,
38531,ODOO-PARTNER-38531,DEWI TIRTA SEJAHTERA PT,success,1,2026-09-10T03:51:23.410900+00:00,
24605,ODOO-PARTNER-24605,DHANA MART,success,1,2026-09-10T03:51:23.410900+00:00,
24607,ODOO-PARTNER-24607,DHANANJAYA FOOD CV,success,1,2026-09-10T03:51:23.410900+00:00,
31797,ODOO-PARTNER-31797,DHARMA COFFEE,success,1,2026-09-10T03:51:23.410900+00:00,
39976,ODOO-PARTNER-39976,DHARMA RESTAURANT,success,1,2026-09-10T03:51:23.410900+00:00,
24609,ODOO-PARTNER-24609,DHARMA WIJAYA SEJAHTERA CV,success,1,2026-09-10T03:51:23.410900+00:00,
39831,ODOO-PARTNER-39831,DI UMA MART,success,1,2026-09-10T03:51:23.410900+00:00,
31799,ODOO-PARTNER-31799,DI-HATI COFFEE & EATERY,success,1,2026-09-10T03:51:23.410900+00:00,
39439,ODOO-PARTNER-39439,DIALOOG HOTEL SEMINYAK,success,1,2026-09-10T03:51:23.410900+00:00,
24611,ODOO-PARTNER-24611,DIAN PRIMA,success,1,2026-09-10T03:51:23.410900+00:00,
45606,ODOO-PARTNER-45606,FUJIYAMA,success,1,2026-09-10T03:51:23.410900+00:00,
24613,ODOO-PARTNER-24613,DICE BALI,success,1,2026-09-10T03:51:23.410900+00:00,
24615,ODOO-PARTNER-24615,DIJON,success,1,2026-09-10T03:51:23.410900+00:00,
40469,ODOO-PARTNER-40469,DIJON CAFE,success,1,2026-09-10T03:51:23.410900+00:00,
31801,ODOO-PARTNER-31801,DIJON CAFE,success,1,2026-09-10T03:51:23.410900+00:00,
40326,ODOO-PARTNER-40326,DINARA UBUD HOTEL ,success,1,2026-09-10T03:51:23.410900+00:00,
31803,ODOO-PARTNER-31803,DIP & DOZE BOUTIQUE HOSTEL,success,1,2026-09-10T03:51:23.410900+00:00,
31805,ODOO-PARTNER-31805,DISCO PIZZA PALACE,success,1,2026-09-10T03:51:23.410900+00:00,
31807,ODOO-PARTNER-31807,DISCOVERY KARTIKA PLAZA,success,1,2026-09-10T03:51:23.410900+00:00,
31809,ODOO-PARTNER-31809,DISPENSARY BY BODYFACTORY,success,1,2026-09-10T03:51:23.410900+00:00,
31811,ODOO-PARTNER-31811,DISTRICT 6 (OUTSIDE CORNER ULUWATU),success,1,2026-09-10T03:51:23.410900+00:00,
31813,ODOO-PARTNER-31813,DISTRICT ELEVEN,success,1,2026-09-10T03:51:23.410900+00:00,
31815,ODOO-PARTNER-31815,DJOURNAL LEVEL 21,success,1,2026-09-10T03:51:23.410900+00:00,
31817,ODOO-PARTNER-31817,DJOURNAL SEMINYAK,success,1,2026-09-10T03:51:23.410900+00:00,
31819,ODOO-PARTNER-31819,DOLCE CAFE AND CATERING,success,1,2026-09-10T03:51:23.410900+00:00,
39448,ODOO-PARTNER-39448,DOM BY DOPPIO,success,1,2026-09-10T03:51:23.410900+00:00,
31821,ODOO-PARTNER-31821,DON FERNANDO CANGGU,success,1,2026-09-10T03:51:23.410900+00:00,
31823,ODOO-PARTNER-31823,DON GEBAB,success,1,2026-09-10T03:51:23.410900+00:00,
31825,ODOO-PARTNER-31825,DON JUAN RESTAURANT,success,1,2026-09-10T03:51:23.410900+00:00,
31827,ODOO-PARTNER-31827,DONNA,success,1,2026-09-10T03:51:23.410900+00:00,
31829,ODOO-PARTNER-31829,DOPA JIMBARAN,success,1,2026-09-10T03:51:23.410900+00:00,
31831,ODOO-PARTNER-31831,DOPA RENON,success,1,2026-09-10T03:51:23.410900+00:00,
31833,ODOO-PARTNER-31833,DOPPIO CAFE CANGGU,success,1,2026-09-10T03:51:23.410900+00:00,
31835,ODOO-PARTNER-31835,DOPPIO CAFE SEMINYAK,success,1,2026-09-10T03:51:23.410900+00:00,
31837,ODOO-PARTNER-31837,DOT COFFEE,success,1,2026-09-10T03:51:23.410900+00:00,
31839,ODOO-PARTNER-31839,DOUGHMESTIC BAKEHOUSE,success,1,2026-09-10T03:51:23.410900+00:00,
24617,ODOO-PARTNER-24617,DR MART,success,1,2026-09-10T03:51:23.410900+00:00,
40381,ODOO-PARTNER-40381,DRACO COFFEE & EATERY ,success,1,2026-09-10T03:51:23.410900+00:00,
31453,ODOO-PARTNER-31453,DREAM OF AVENTUS HOTEL KUTA,success,1,2026-09-10T03:51:23.410900+00:00,
24619,ODOO-PARTNER-24619,DS GROSIR AYANI,success,1,2026-09-10T03:51:23.410900+00:00,
24621,ODOO-PARTNER-24621,DS GROSIR PEGUYANGAN,success,1,2026-09-10T03:51:23.410900+00:00,
31841,ODOO-PARTNER-31841,DUA DARI UBUD,success,1,2026-09-10T03:51:23.410900+00:00,
40180,ODOO-PARTNER-40180,DUA KAFE,success,1,2026-09-10T03:51:23.410900+00:00,
31843,ODOO-PARTNER-31843,DUKUH PARADISE,success,1,2026-09-10T03:51:23.410900+00:00,
40296,ODOO-PARTNER-40296,DULANG CAFE KUTA SQUARE,success,1,2026-09-10T03:51:23.410900+00:00,
31845,ODOO-PARTNER-31845,DUMBO,success,1,2026-09-10T03:51:23.410900+00:00,
42835,ODOO-PARTNER-42835,DUNIA FROZEN,success,1,2026-09-10T03:51:23.410900+00:00,
31847,ODOO-PARTNER-31847,DWARAKA VILLAS,success,1,2026-09-10T03:51:23.410900+00:00,
24623,ODOO-PARTNER-24623,DWI BOGA UTAMA MART,success,1,2026-09-10T03:51:23.410900+00:00,
24625,ODOO-PARTNER-24625,DWI BOGA UTAMA UD,success,1,2026-09-10T03:51:23.410900+00:00,
43861,ODOO-PARTNER-43861,DWI STORE,success,1,2026-09-10T03:51:23.410900+00:00,
24627,ODOO-PARTNER-24627,DWIJAYA PANGAN,success,1,2026-09-10T03:51:23.410900+00:00,
39152,ODOO-PARTNER-39152,DWITA GROSIR,success,1,2026-09-10T03:51:23.410900+00:00,
31477,ODOO-PARTNER-31477,DYATMIKA CANTEEN,success,1,2026-09-10T03:51:23.410900+00:00,
31849,ODOO-PARTNER-31849,EARTH ISLAND SURF CENTRE,success,1,2026-09-10T03:51:23.410900+00:00,
39293,ODOO-PARTNER-39293,EASTIN ASTHA RESORT CANGGU,success,1,2026-09-10T03:51:23.410900+00:00,
31851,ODOO-PARTNER-31851,EAT COLOGI,success,1,2026-09-10T03:51:23.410900+00:00,
31853,ODOO-PARTNER-31853,ECOSFERA HOTEL,success,1,2026-09-10T03:51:23.410900+00:00,
31855,ODOO-PARTNER-31855,EDGY CHEF & BARISTA,success,1,2026-09-10T03:51:23.410900+00:00,
31857,ODOO-PARTNER-31857,EFORHIS ALMOND,success,1,2026-09-10T03:51:23.410900+00:00,
31859,ODOO-PARTNER-31859,EGGSTRA BREAKFAST LAB,success,1,2026-09-10T03:51:23.410900+00:00,
39074,ODOO-PARTNER-39074,EIGHTEEN COFFEE BALI,success,1,2026-09-10T03:51:23.410900+00:00,
41414,ODOO-PARTNER-41414,EIGHTY ONE COFFEE BALI ,success,1,2026-09-10T03:51:23.410900+00:00,
31861,ODOO-PARTNER-31861,EJJI CORNER BATUBULAN,success,1,2026-09-10T03:51:23.410900+00:00,
31863,ODOO-PARTNER-31863,EKO CAFE,success,1,2026-09-10T03:51:23.410900+00:00,
38483,ODOO-PARTNER-38483,EKUMENIK UD,success,1,2026-09-10T03:51:23.410900+00:00,
31865,ODOO-PARTNER-31865,EL MERKAT,success,1,2026-09-10T03:51:23.410900+00:00,
31867,ODOO-PARTNER-31867,ELE RESTAURANT,success,1,2026-09-10T03:51:23.410900+00:00,
31869,ODOO-PARTNER-31869,ELEMENT BY WESTIN BALI UBUD,success,1,2026-09-10T03:51:23.410900+00:00,
31871,ODOO-PARTNER-31871,ELEPHANT SAFARI PARK & LODGE,success,1,2026-09-10T03:51:23.410900+00:00,
24629,ODOO-PARTNER-24629,ELINS MART,success,1,2026-09-10T03:51:23.410900+00:00,
44809,ODOO-PARTNER-44809,ELITE SMASH BURGER,success,1,2026-09-10T03:51:23.410900+00:00,
46728,ODOO-PARTNER-46728,ELLINIKO MODERN GREEK,success,1,2026-09-10T03:51:23.410900+00:00,
40136,ODOO-PARTNER-40136,ELLITE MART DRUPADI,success,1,2026-09-10T03:51:23.410900+00:00,
24631,ODOO-PARTNER-24631,ELLITE SHOP,success,1,2026-09-10T03:51:23.410900+00:00,
24633,ODOO-PARTNER-24633,ELLO MART,success,1,2026-09-10T03:51:23.410900+00:00,
31873,ODOO-PARTNER-31873,ELSEWHERE SURF & CAMPS,success,1,2026-09-10T03:51:23.410900+00:00,
44708,ODOO-PARTNER-44708,ELVIA HEALTH FOOD STORE,success,1,2026-09-10T03:51:23.410900+00:00,
43961,ODOO-PARTNER-43961,ELY'S KITCHEN BALI ,success,1,2026-09-10T03:51:23.410900+00:00,
31875,ODOO-PARTNER-31875,EMA INTI MITRA PT,success,1,2026-09-10T03:51:23.410900+00:00,
24635,ODOO-PARTNER-24635,EMPAT R GROSIR UD,success,1,2026-09-10T03:51:23.410900+00:00,
39237,ODOO-PARTNER-39237,EMPLOYEE,success,1,2026-09-10T03:51:23.410900+00:00,
31877,ODOO-PARTNER-31877,EN RAMEN BAR UBUD,success,1,2026-09-10T03:51:23.410900+00:00,
31513,ODOO-PARTNER-31513,ENDO ASIAN,success,1,2026-09-10T03:51:23.410900+00:00,
31879,ODOO-PARTNER-31879,ENIGMA GARDEN,success,1,2026-09-10T03:51:23.410900+00:00,
44606,ODOO-PARTNER-44606,ENTER 390,success,1,2026-09-10T03:51:23.410900+00:00,
39216,ODOO-PARTNER-39216,ENTERTAIN,success,1,2026-09-10T03:51:23.410900+00:00,
31881,ODOO-PARTNER-31881,ENYA KITCHEN,success,1,2026-09-10T03:51:23.410900+00:00,
40348,ODOO-PARTNER-40348,ESKQBAR,success,1,2026-09-10T03:51:23.410900+00:00,
31883,ODOO-PARTNER-31883,ESKRIM BALI BAGUS PT,success,1,2026-09-10T03:51:23.410900+00:00,
31885,ODOO-PARTNER-31885,ESPRESS,success,1,2026-09-10T03:51:23.410900+00:00,
31887,ODOO-PARTNER-31887,ESPRESSO BAR,success,1,2026-09-10T03:51:23.410900+00:00,
31889,ODOO-PARTNER-31889,ESPRESSOUL COFFEE,success,1,2026-09-10T03:51:23.410900+00:00,
24637,ODOO-PARTNER-24637,ESSYA MART,success,1,2026-09-10T03:51:23.410900+00:00,
24639,ODOO-PARTNER-24639,ETU COFFEE,success,1,2026-09-10T03:51:23.410900+00:00,
24641,ODOO-PARTNER-24641,EVENT,success,1,2026-09-10T03:51:23.410900+00:00,
31891,ODOO-PARTNER-31891,EXPAT ROASTERS,success,1,2026-09-10T03:51:23.410900+00:00,
40502,ODOO-PARTNER-40502,FAIRFIELD BY MARRIOTT BALI KUTA NGURAH RAI,success,1,2026-09-10T03:51:23.410900+00:00,
31895,ODOO-PARTNER-31895,FAIRFIELD MARRIOTT LEGIAN,success,1,2026-09-10T03:51:23.410900+00:00,
31897,ODOO-PARTNER-31897,FAIRFIELD SUNSET ROAD,success,1,2026-09-10T03:51:23.410900+00:00,
39919,ODOO-PARTNER-39919,FAJAR MILLENIUM CV,success,1,2026-09-10T03:51:23.410900+00:00,
24643,ODOO-PARTNER-24643,FAMILY MM BATAN KENDAL,success,1,2026-09-10T03:51:23.410900+00:00,
39206,ODOO-PARTNER-39206,FAMILY MM GIANYAR,success,1,2026-09-10T03:51:23.410900+00:00,
24645,ODOO-PARTNER-24645,FAMILY MM NANGKA UTARA,success,1,2026-09-10T03:51:23.410900+00:00,
24647,ODOO-PARTNER-24647,FAMILY MM SETIAKI,success,1,2026-09-10T03:51:23.410900+00:00,
24649,ODOO-PARTNER-24649,FANTASY MART,success,1,2026-09-10T03:51:23.410900+00:00,
31899,ODOO-PARTNER-31899,FARINE BALI BAKERY CV ,success,1,2026-09-10T03:51:23.410900+00:00,
42478,ODOO-PARTNER-42478,FAS A FAS BAKERY CAFE UBUD ,success,1,2026-09-10T03:51:23.410900+00:00,
31901,ODOO-PARTNER-31901,FAT BOWL,success,1,2026-09-10T03:51:23.410900+00:00,
31903,ODOO-PARTNER-31903,FAT BUDDA LEGIAN,success,1,2026-09-10T03:51:23.410900+00:00,
24651,ODOO-PARTNER-24651,FAT CHOW,success,1,2026-09-10T03:51:23.410900+00:00,
31905,ODOO-PARTNER-31905,FAT TURTLE,success,1,2026-09-10T03:51:23.410900+00:00,
31907,ODOO-PARTNER-31907,FED BALI,success,1,2026-09-10T03:51:23.410900+00:00,
31909,ODOO-PARTNER-31909,FEEL FOOD CAFE,success,1,2026-09-10T03:51:23.410900+00:00,
24653,ODOO-PARTNER-24653,FENNY BERSAMA CV,success,1,2026-09-10T03:51:23.410900+00:00,
44376,ODOO-PARTNER-44376,FERRO GRILL RESTAURANT & BAR,success,1,2026-09-10T03:51:23.410900+00:00,
42747,ODOO-PARTNER-42747,FIESTA CORNER,success,1,2026-09-10T03:51:23.410900+00:00,
31911,ODOO-PARTNER-31911,FIKA DRIP,success,1,2026-09-10T03:51:23.410900+00:00,
31913,ODOO-PARTNER-31913,FINE BY SATUSATU,success,1,2026-09-10T03:51:23.410900+00:00,
24655,ODOO-PARTNER-24655,FINNS BEACH CANGGU,success,1,2026-09-10T03:51:23.410900+00:00,
31915,ODOO-PARTNER-31915,FIREFLY ECO LODGE,success,1,2026-09-10T03:51:23.410900+00:00,
24657,ODOO-PARTNER-24657,FITNES PLUS SANUR,success,1,2026-09-10T03:51:23.410900+00:00,
39295,ODOO-PARTNER-39295,FLAPJACK PANTAI KUTA,success,1,2026-09-10T03:51:23.410900+00:00,
31917,ODOO-PARTNER-31917,FLAPJACKS KARTIKA PLAZA,success,1,2026-09-10T03:51:23.410900+00:00,
42935,ODOO-PARTNER-42935,FLEXA FROZEN,success,1,2026-09-10T03:51:23.410900+00:00,
45083,ODOO-PARTNER-45083,FLIRT ULUWATU,success,1,2026-09-10T03:51:23.410900+00:00,
24659,ODOO-PARTNER-24659,FLOWERBOY,success,1,2026-09-10T03:51:23.410900+00:00,
38486,ODOO-PARTNER-38486,FMT - MATAHARI PUTRA PRIMA PT,success,1,2026-09-10T03:51:23.410900+00:00,
24661,ODOO-PARTNER-24661,FMT HPM SIMPANG SIUR/BALI GALERIA,success,1,2026-09-10T03:51:23.410900+00:00,
39286,ODOO-PARTNER-39286,FOLD,success,1,2026-09-10T03:51:23.410900+00:00,
31919,ODOO-PARTNER-31919,FOLD,success,1,2026-09-10T03:51:23.410900+00:00,
39719,ODOO-PARTNER-39719,FOLD SANUR,success,1,2026-09-10T03:51:23.410900+00:00,
39287,ODOO-PARTNER-39287,FOLD UBUD,success,1,2026-09-10T03:51:23.410900+00:00,
31921,ODOO-PARTNER-31921,FOLD UBUD,success,1,2026-09-10T03:51:23.410900+00:00,
31923,ODOO-PARTNER-31923,FOLIE,success,1,2026-09-10T03:51:23.410900+00:00,
31925,ODOO-PARTNER-31925,FONTANA HOTEL,success,1,2026-09-10T03:51:23.410900+00:00,
31927,ODOO-PARTNER-31927,FOOD GALERIA,success,1,2026-09-10T03:51:23.410900+00:00,
31929,ODOO-PARTNER-31929,FOOD ROMANCE RESTAURANT,success,1,2026-09-10T03:51:23.410900+00:00,
24663,ODOO-PARTNER-24663,FOODIA,success,1,2026-09-10T03:51:23.410900+00:00,
24665,ODOO-PARTNER-24665,FOODIA MOYO,success,1,2026-09-10T03:51:23.410900+00:00,
24667,ODOO-PARTNER-24667,FOODIA SUPRATMAN,success,2,2026-09-10T03:51:23.410900+00:00,
39401,ODOO-PARTNER-39401,FORK BAKERY AND GRILL,success,2,2026-09-10T03:51:23.410900+00:00,
31931,ODOO-PARTNER-31931,FORK RESTAURANT,success,2,2026-09-10T03:51:23.410900+00:00,
31933,ODOO-PARTNER-31933,FORK RESTO & BAR SEMINYAK,success,2,2026-09-10T03:51:23.410900+00:00,
39354,ODOO-PARTNER-39354,FORTYSENSE COFFEE & EATERY,success,2,2026-09-10T03:51:23.410900+00:00,
31935,ODOO-PARTNER-31935,FOUR POINT,success,2,2026-09-10T03:51:23.410900+00:00,
31939,ODOO-PARTNER-31939,FOUR POINT UNGASAN,success,2,2026-09-10T03:51:23.410900+00:00,
31941,ODOO-PARTNER-31941,FOUR SEASON,success,2,2026-09-10T03:51:23.410900+00:00,
31943,ODOO-PARTNER-31943,FOURSIXTY COFFEE LEGIAN,success,2,2026-09-10T03:51:23.410900+00:00,
31945,ODOO-PARTNER-31945,FRENCHA CAFE & BAKERY,success,2,2026-09-10T03:51:23.410900+00:00,
31947,ODOO-PARTNER-31947,FRESCO CAFE,success,2,2026-09-10T03:51:23.410900+00:00,
39407,ODOO-PARTNER-39407,FRESH MARKET PECATU GRAHA,success,2,2026-09-10T03:51:23.410900+00:00,
25064,ODOO-PARTNER-25064,FRESH MARKET PECATU GRAHA,success,2,2026-09-10T03:51:23.410900+00:00,
24669,ODOO-PARTNER-24669,FRESHINDO,success,2,2026-09-10T03:51:23.410900+00:00,
39109,ODOO-PARTNER-39109,FRESHINDO DIPONEGORO,success,2,2026-09-10T03:51:23.410900+00:00,
39110,ODOO-PARTNER-39110,FRESHINDO TUNJUNG SARI,success,2,2026-09-10T03:51:23.410900+00:00,
39111,ODOO-PARTNER-39111,FRESHINDO YEH AYA,success,2,2026-09-10T03:51:23.410900+00:00,
25189,ODOO-PARTNER-25189,FRESTIVE BATU BOLONG,success,2,2026-09-10T03:51:23.410900+00:00,
25191,ODOO-PARTNER-25191,FRESTIVE CANGGU,success,2,2026-09-10T03:51:23.410900+00:00,
39324,ODOO-PARTNER-39324,FRESTIVE KEROBOKAN,success,2,2026-09-10T03:51:23.410900+00:00,
25193,ODOO-PARTNER-25193,FRESTIVE PERERENAN,success,2,2026-09-10T03:51:23.410900+00:00,
25187,ODOO-PARTNER-25187,FRESTIVE SEMINYAK,success,2,2026-09-10T03:51:23.410900+00:00,
39122,ODOO-PARTNER-39122,FRESTIVE UBUD,success,2,2026-09-10T03:51:23.410900+00:00,
40495,ODOO-PARTNER-40495,FROM HERE,success,2,2026-09-10T03:51:23.410900+00:00,
31949,ODOO-PARTNER-31949,FRONT CAFE,success,2,2026-09-10T03:51:23.410900+00:00,
24671,ODOO-PARTNER-24671,FROZENTA BALI,success,2,2026-09-10T03:51:23.410900+00:00,
43116,ODOO-PARTNER-43116,FRY & CO X KEBAB,success,2,2026-09-10T03:51:23.410900+00:00,
39822,ODOO-PARTNER-39822,FU HOUSE,success,2,2026-09-10T03:51:23.410900+00:00,
39570,ODOO-PARTNER-39570,FURAMA XCLUSIVE OCEAN BEACH HOTEL,success,2,2026-09-10T03:51:23.410900+00:00,
31951,ODOO-PARTNER-31951,FUZION UBUD,success,2,2026-09-10T03:51:23.410900+00:00,
31953,ODOO-PARTNER-31953,GABET'S PUB,success,2,2026-09-10T03:51:23.410900+00:00,
24673,ODOO-PARTNER-24673,GAGO MART,success,2,2026-09-10T03:51:23.410900+00:00,
45158,ODOO-PARTNER-45158,GAINS,success,2,2026-09-10T03:51:23.410900+00:00,
31955,ODOO-PARTNER-31955,GALA MORE,success,2,2026-09-10T03:51:23.410900+00:00,
31957,ODOO-PARTNER-31957,GALMAEGI,success,2,2026-09-10T03:51:23.410900+00:00,
40349,ODOO-PARTNER-40349,GAMBINOS,success,2,2026-09-10T03:51:23.410900+00:00,
24675,ODOO-PARTNER-24675,GANDHI UD,success,2,2026-09-10T03:51:23.410900+00:00,
31959,ODOO-PARTNER-31959,GARDEN KAFE UBUD,success,2,2026-09-10T03:51:23.410900+00:00,
43113,ODOO-PARTNER-43113,GARRY'S FROZEN FOOD ,success,2,2026-09-10T03:51:23.410900+00:00,
43114,ODOO-PARTNER-43114,GARRY'S KARANGASEM,success,2,2026-09-10T03:51:23.410900+00:00,
43115,ODOO-PARTNER-43115,GARRY'S SESETAN,success,2,2026-09-10T03:51:23.410900+00:00,
31961,ODOO-PARTNER-31961,GARUDA ADHIMATRA INDONESIA PT,success,2,2026-09-10T03:51:23.410900+00:00,
44061,ODOO-PARTNER-44061,GAYA GELATO LAB,success,2,2026-09-10T03:51:23.410900+00:00,
31963,ODOO-PARTNER-31963,GDAS BALI HEALTH AND WOLLNESS,success,2,2026-09-10T03:51:23.410900+00:00,
42826,ODOO-PARTNER-42826,GEDE FROZEN I,success,2,2026-09-10T03:51:23.410900+00:00,
42827,ODOO-PARTNER-42827,GEDE FROZEN II,success,2,2026-09-10T03:51:23.410900+00:00,
42828,ODOO-PARTNER-42828,GEDE FROZEN III,success,2,2026-09-10T03:51:23.410900+00:00,
41297,ODOO-PARTNER-41297,GEDUNG DFS INDONESIA,success,2,2026-09-10T03:51:23.410900+00:00,
40093,ODOO-PARTNER-40093,GELATO BALI PT (GELATO SECRET),success,2,2026-09-10T03:51:23.410900+00:00,
39465,ODOO-PARTNER-39465,GENERAL AFFAIR,success,2,2026-09-10T03:51:23.410900+00:00,
24679,ODOO-PARTNER-24679,GHOST BARISTA,success,2,2026-09-10T03:51:23.410900+00:00,
24681,ODOO-PARTNER-24681,GIANT MART,success,2,2026-09-10T03:51:23.410900+00:00,
31965,ODOO-PARTNER-31965,GIGI SUSU (CV OLD SALT),success,2,2026-09-10T03:51:23.410900+00:00,
31967,ODOO-PARTNER-31967,GIOI OCEAN GOURMET,success,2,2026-09-10T03:51:23.410900+00:00,
24683,ODOO-PARTNER-24683,GIRI KENCANA MART,success,2,2026-09-10T03:51:23.410900+00:00,
39260,ODOO-PARTNER-39260,GIRIHILL FARM,success,2,2026-09-10T03:51:23.410900+00:00,
39974,ODOO-PARTNER-39974,GIRIHILL FARMHOUSE,success,2,2026-09-10T03:51:23.410900+00:00,
31969,ODOO-PARTNER-31969,GIRIHILL FARMHOUSE,success,2,2026-09-10T03:51:23.410900+00:00,
31971,ODOO-PARTNER-31971,GIRIWOOD BALI,success,2,2026-09-10T03:51:23.410900+00:00,
40307,ODOO-PARTNER-40307,GISELLE RESTAURANT,success,2,2026-09-10T03:51:23.410900+00:00,
31973,ODOO-PARTNER-31973,GIVEN UBUD,success,2,2026-09-10T03:51:23.410900+00:00,
38474,ODOO-PARTNER-38474,GLOBAL RETAILINDO PRATAMA PT,success,2,2026-09-10T03:51:23.410900+00:00,
39320,ODOO-PARTNER-39320,GMART BALI,success,2,2026-09-10T03:51:23.410900+00:00,
39281,ODOO-PARTNER-39281,GMART KEROBOKAN,success,2,2026-09-10T03:51:23.410900+00:00,
31975,ODOO-PARTNER-31975,GO STEAK,success,2,2026-09-10T03:51:23.410900+00:00,
44685,ODOO-PARTNER-44685,GODDES BAKERY ,success,2,2026-09-10T03:51:23.410900+00:00,
31977,ODOO-PARTNER-31977,GOELA BAKERY & CAFE,success,2,2026-09-10T03:51:23.410900+00:00,
43462,ODOO-PARTNER-43462,GOEMEROT RESTO,success,2,2026-09-10T03:51:23.410900+00:00,
31979,ODOO-PARTNER-31979,GOLDEN RABIT BISTRO,success,2,2026-09-10T03:51:23.410900+00:00,
31981,ODOO-PARTNER-31981,GOLDEN TULIP JINENG,success,2,2026-09-10T03:51:23.410900+00:00,
31983,ODOO-PARTNER-31983,GOLDMINE DEPT,success,2,2026-09-10T03:51:23.410900+00:00,
39931,ODOO-PARTNER-39931,GOOD DELI,success,2,2026-09-10T03:51:23.410900+00:00,
39933,ODOO-PARTNER-39933,GOOD DELI NUSA DUA,success,2,2026-09-10T03:51:23.410900+00:00,
39932,ODOO-PARTNER-39932,GOOD DELI UBUD,success,2,2026-09-10T03:51:23.410900+00:00,
45618,ODOO-PARTNER-45618,GUDANG GOOD DELI,success,2,2026-09-10T03:51:23.410900+00:00,
31985,ODOO-PARTNER-31985,GOOD IN BREAD,success,2,2026-09-10T03:51:23.410900+00:00,
39758,ODOO-PARTNER-39758,GOOD MANTRA,success,2,2026-09-10T03:51:23.410900+00:00,
31987,ODOO-PARTNER-31987,GOOD SOIL CAFÉ,success,2,2026-09-10T03:51:23.410900+00:00,
31989,ODOO-PARTNER-31989,GOODANG KOPI,success,2,2026-09-10T03:51:23.410900+00:00,
39208,ODOO-PARTNER-39208,GOOSEBERRY RESTAURANT,success,2,2026-09-10T03:51:23.410900+00:00,
24685,ODOO-PARTNER-24685,GORGONZOLA,success,2,2026-09-10T03:51:23.410900+00:00,
31991,ODOO-PARTNER-31991,GORO GORO,success,2,2026-09-10T03:51:23.410900+00:00,
24687,ODOO-PARTNER-24687,GOURMET GARAGE,success,2,2026-09-10T03:51:23.410900+00:00,
44093,ODOO-PARTNER-44093,GOURMET GROCERIA,success,2,2026-09-10T03:51:23.410900+00:00,
25045,ODOO-PARTNER-25045,GOURMET MARKET,success,2,2026-09-10T03:51:23.410900+00:00,
44510,ODOO-PARTNER-44510,GOURMET MARKET ECHO BEACH,success,2,2026-09-10T03:51:23.410900+00:00,
42951,ODOO-PARTNER-42951,GOURMET MARKET ECHO BEACH,success,2,2026-09-10T03:51:23.410900+00:00,
31995,ODOO-PARTNER-31995,GOYA BOUTIQUE RESORT,success,2,2026-09-10T03:51:23.410900+00:00,
38536,ODOO-PARTNER-38536,GRAHA ALAM LESTARI PT,success,2,2026-09-10T03:51:23.410900+00:00,
39253,ODOO-PARTNER-39253,GRAHA BALI SAMUDRA PT (WHITE ROCK BEACH CLUB),success,2,2026-09-10T03:51:23.410900+00:00,
40305,ODOO-PARTNER-40305,GRAHA CANTI MART,success,2,2026-09-10T03:51:23.410900+00:00,
38543,ODOO-PARTNER-38543,GRAHA MEGARIA BALI PT,success,2,2026-09-10T03:51:23.410900+00:00,
46946,ODOO-PARTNER-46946,GRAMPY CRUMBS,success,2,2026-09-10T03:51:23.410900+00:00,
39378,ODOO-PARTNER-39378,GRAMS MARKET,success,2,2026-09-10T03:51:23.410900+00:00,
31999,ODOO-PARTNER-31999,GRANARY CAFE & WORKSPACE,success,2,2026-09-10T03:51:23.410900+00:00,
32001,ODOO-PARTNER-32001,GRAND HYATT,success,2,2026-09-10T03:51:23.410900+00:00,
32003,ODOO-PARTNER-32003,GRAND ISTANA RAMA,success,2,2026-09-10T03:51:23.410900+00:00,
39241,ODOO-PARTNER-39241,GRAND LUCKY SANUR,success,2,2026-09-10T03:51:23.410900+00:00,
39211,ODOO-PARTNER-39211,GRAND LUCKY SANUR,success,2,2026-09-10T03:51:23.410900+00:00,
39244,ODOO-PARTNER-39244,GRAND LUCKY SUNSET ROAD,success,2,2026-09-10T03:51:23.410900+00:00,
24690,ODOO-PARTNER-24690,GRAND LUCKY SUNSET ROAD,success,2,2026-09-10T03:51:23.410900+00:00,
39243,ODOO-PARTNER-39243,GRAND LUCKY UDAYANA,success,2,2026-09-10T03:51:23.410900+00:00,
39212,ODOO-PARTNER-39212,GRAND LUCKY UDAYANA,success,2,2026-09-10T03:51:23.410900+00:00,
43587,ODOO-PARTNER-43587,GRAND MEGA RESORT & SPA BALI,success,2,2026-09-10T03:51:23.410900+00:00,
32005,ODOO-PARTNER-32005,GRAND MERCURE BALI SEMINYAK,success,2,2026-09-10T03:51:23.410900+00:00,
44078,ODOO-PARTNER-44078,GRAND MIRAGE RESORT & THALASSO BALI,success,2,2026-09-10T03:51:23.410900+00:00,
32007,ODOO-PARTNER-32007,GRAND PALACE HOTEL,success,2,2026-09-10T03:51:23.410900+00:00,
32009,ODOO-PARTNER-32009,GRAND SOVEREIGN HOTEL,success,2,2026-09-10T03:51:23.410900+00:00,
44633,ODOO-PARTNER-44633,GRAND WHIZ HOTEL NUSA DUA,success,2,2026-09-10T03:51:23.410900+00:00,
32011,ODOO-PARTNER-32011,GRAND ZURI,success,2,2026-09-10T03:51:23.410900+00:00,
40290,ODOO-PARTNER-40290,GRANDE GRANOLA,success,2,2026-09-10T03:51:23.410900+00:00,
32013,ODOO-PARTNER-32013,GRANDE GRANOLA,success,2,2026-09-10T03:51:23.410900+00:00,
24693,ODOO-PARTNER-24693,GREEN HABITS,success,2,2026-09-10T03:51:23.410900+00:00,
32017,ODOO-PARTNER-32017,GREENWOOD CAFE,success,2,2026-09-10T03:51:23.410900+00:00,
24695,ODOO-PARTNER-24695,GRON RESTO,success,2,2026-09-10T03:51:23.410900+00:00,
32019,ODOO-PARTNER-32019,GROUND ZERO KITCHEN,success,2,2026-09-10T03:51:23.410900+00:00,
24697,ODOO-PARTNER-24697,GROWELL BATU BELIG BALI,success,2,2026-09-10T03:51:23.410900+00:00,
32021,ODOO-PARTNER-32021,GRUN RESORT ULUWATU,success,2,2026-09-10T03:51:23.410900+00:00,
24699,ODOO-PARTNER-24699,GRYA BHIMA SAKTI,success,2,2026-09-10T03:51:23.410900+00:00,
39800,ODOO-PARTNER-39800,GUDANG AFUNG,success,2,2026-09-10T03:51:23.410900+00:00,
42841,ODOO-PARTNER-42841,GUDANG SOSIS,success,2,2026-09-10T03:51:23.410900+00:00,
39300,ODOO-PARTNER-39300,GUJARAT INDIAN RESTAURANT,success,2,2026-09-10T03:51:23.410900+00:00,
32023,ODOO-PARTNER-32023,GUJJI COFFEE AND ROASTERY,success,2,2026-09-10T03:51:23.410900+00:00,
24701,ODOO-PARTNER-24701,GUNA N BUAH,success,2,2026-09-10T03:51:23.410900+00:00,
32027,ODOO-PARTNER-32027,GUSTAV GRUN CANGGU,success,2,2026-09-10T03:51:23.410900+00:00,
24703,ODOO-PARTNER-24703,HABITAT VILLAGE,success,2,2026-09-10T03:51:23.410900+00:00,
32031,ODOO-PARTNER-32031,HAKATA IKKOUSHA RAMEN,success,2,2026-09-10T03:51:23.410900+00:00,
32029,ODOO-PARTNER-32029,HAKATA IKKOUSHA RAMEN,success,2,2026-09-10T03:51:23.410900+00:00,
43208,ODOO-PARTNER-43208,HANAKA COFFEE CANGGU ,success,2,2026-09-10T03:51:23.410900+00:00,
24705,ODOO-PARTNER-24705,HANG SANG KOREAN STYLE BBQ & SUKI,success,2,2026-09-10T03:51:23.410900+00:00,
41199,ODOO-PARTNER-41199,HANGING GARDEN OF BALI ,success,2,2026-09-10T03:51:23.410900+00:00,
32033,ODOO-PARTNER-32033,HANGSANG KOREAN BBQ & SUKI JIMBARAN,success,2,2026-09-10T03:51:23.410900+00:00,
42423,ODOO-PARTNER-42423,HAO HUAT DINING MALL KELAPA GADING,success,2,2026-09-10T03:51:23.410900+00:00,
39999,ODOO-PARTNER-39999,HARD ROCK CAFE BALI,success,2,2026-09-10T03:51:23.410900+00:00,
32035,ODOO-PARTNER-32035,HARD ROCK HOTEL,success,2,2026-09-10T03:51:23.410900+00:00,
24707,ODOO-PARTNER-24707,HARDAYA WIDYA GRAHA PT,success,2,2026-09-10T03:51:23.410900+00:00,
24709,ODOO-PARTNER-24709,HARMONIS UD,success,2,2026-09-10T03:51:23.410900+00:00,
32037,ODOO-PARTNER-32037,HARMONY HEALTH WELLNESS KITCHEN & SPA,success,2,2026-09-10T03:51:23.410900+00:00,
32025,ODOO-PARTNER-32025,HARRIS TUBAN,success,2,2026-09-10T03:51:23.410900+00:00,
41087,ODOO-PARTNER-41087,HARUM MANIS,success,2,2026-09-10T03:51:23.410900+00:00,
32039,ODOO-PARTNER-32039,HE'ENALU CAFE,success,2,2026-09-10T03:51:23.410900+00:00,
24711,ODOO-PARTNER-24711,HE'ENALU GROCERIES,success,2,2026-09-10T03:51:23.410900+00:00,
40173,ODOO-PARTNER-40173,HEALTHY TRIBES,success,2,2026-09-10T03:51:23.410900+00:00,
45934,ODOO-PARTNER-45934,HEALTHY TRIBES TO GO (PECATU FOOD CENTER),success,2,2026-09-10T03:51:23.410900+00:00,
32041,ODOO-PARTNER-32041,HEALTHY UBUD,success,2,2026-09-10T03:51:23.410900+00:00,
32043,ODOO-PARTNER-32043,HELLO BREW AND BAKE,success,2,2026-09-10T03:51:23.410900+00:00,
32045,ODOO-PARTNER-32045,HELLO TEA,success,2,2026-09-10T03:51:23.410900+00:00,
32047,ODOO-PARTNER-32047,HELLOVEE X PIEZO,success,2,2026-09-10T03:51:23.410900+00:00,
40450,ODOO-PARTNER-40450,HENARIYA TOBAKU,success,2,2026-09-10T03:51:23.410900+00:00,
39271,ODOO-PARTNER-39271,HEPPY MART BATANTA,success,2,2026-09-10T03:51:23.410900+00:00,
39270,ODOO-PARTNER-39270,HEPPY MART GLOGOR CARIK,success,2,2026-09-10T03:51:23.410900+00:00,
39266,ODOO-PARTNER-39266,HEPPY MART NUSA KAMBANGAN,success,2,2026-09-10T03:51:23.410900+00:00,
44092,ODOO-PARTNER-44092,HERITAGE VILLA,success,2,2026-09-10T03:51:23.410900+00:00,
32049,ODOO-PARTNER-32049,HEYYO,success,2,2026-09-10T03:51:23.410900+00:00,
32051,ODOO-PARTNER-32051,HIDE & SEEK CANGGU,success,2,2026-09-10T03:51:23.410900+00:00,
39706,ODOO-PARTNER-39706,HIJAU TUMBUH BERSAMA PT,success,2,2026-09-10T03:51:23.410900+00:00,
44634,ODOO-PARTNER-44634,HILIWATU BALI UBUD A TRIBUTE PORTFOLIO RESORT,success,2,2026-09-10T03:51:23.410900+00:00,
32053,ODOO-PARTNER-32053,HILTON BALI RESORT,success,2,2026-09-10T03:51:23.410900+00:00,
42156,ODOO-PARTNER-42156,HILTON GARDEN INN BALI NGURAH RAI AIRPORT,success,2,2026-09-10T03:51:23.410900+00:00,
40230,ODOO-PARTNER-40230,HILTON GARDEN INN NUSA DUA,success,2,2026-09-10T03:51:23.410900+00:00,
43626,ODOO-PARTNER-43626,HIMAWARI BEACH HOUSE,success,2,2026-09-10T03:51:23.410900+00:00,
40141,ODOO-PARTNER-40141,HIP HIP SOUL,success,2,2026-09-10T03:51:23.410900+00:00,
40225,ODOO-PARTNER-40225,HIP HOP SOUL,success,2,2026-09-10T03:51:23.410900+00:00,
40142,ODOO-PARTNER-40142,HIP HOP SOUL,success,2,2026-09-10T03:51:23.410900+00:00,
32055,ODOO-PARTNER-32055,HIPPIE FISH PERERENAN,success,2,2026-09-10T03:51:23.410900+00:00,
32057,ODOO-PARTNER-32057,HK EXPRESS BALI,success,2,2026-09-10T03:51:23.410900+00:00,
39807,ODOO-PARTNER-39807,HOKY MART,success,2,2026-09-10T03:51:23.410900+00:00,
32059,ODOO-PARTNER-32059,HOLIDAY INN BALI SANUR,success,2,2026-09-10T03:51:23.410900+00:00,
32063,ODOO-PARTNER-32063,HOLIDAY INN EXPRESS BARUNA,success,2,2026-09-10T03:51:23.410900+00:00,
32061,ODOO-PARTNER-32061,HOLIDAY INN RESORT BALI NUSA DUA,success,2,2026-09-10T03:51:23.410900+00:00,
32065,ODOO-PARTNER-32065,HOLIDAY INN RESORT BARUNA,success,2,2026-09-10T03:51:23.410900+00:00,
44831,ODOO-PARTNER-44831,HOME BY CHEF WAYAN,success,2,2026-09-10T03:51:23.410900+00:00,
40729,ODOO-PARTNER-40729,HOME CAFE BALI,success,2,2026-09-10T03:51:23.410900+00:00,
24713,ODOO-PARTNER-24713,HOME DELICATESSEN,success,2,2026-09-10T03:51:23.410900+00:00,
40311,ODOO-PARTNER-40311,HOMEBREAKS  CAFE ,success,2,2026-09-10T03:51:23.410900+00:00,
32067,ODOO-PARTNER-32067,HONEY MURENA,success,2,2026-09-10T03:51:23.410900+00:00,
32069,ODOO-PARTNER-32069,HONEY N SMOKE UBUD,success,2,2026-09-10T03:51:23.410900+00:00,
32071,ODOO-PARTNER-32071,HONEYCOMB PERERENAN,success,2,2026-09-10T03:51:23.410900+00:00,
39489,ODOO-PARTNER-39489,HONGKONG EATERY,success,2,2026-09-10T03:51:23.410900+00:00,
32073,ODOO-PARTNER-32073,HOOKAH IZZI BAR & SHISHA LOUNGE RESTAURAN,success,2,2026-09-10T03:51:23.410900+00:00,
39956,ODOO-PARTNER-39956,HOOKAH PLACE CANGGU,success,2,2026-09-10T03:51:23.410900+00:00,
40129,ODOO-PARTNER-40129,HOOPER COFFEE CANGGU,success,2,2026-09-10T03:51:23.410900+00:00,
32075,ODOO-PARTNER-32075,HOPPER COFFEE,success,2,2026-09-10T03:51:23.410900+00:00,
40568,ODOO-PARTNER-40568,HOSHINOYA,success,2,2026-09-10T03:51:23.410900+00:00,
39926,ODOO-PARTNER-39926,HOSHINOYA BALI ,success,2,2026-09-10T03:51:23.410900+00:00,
42511,ODOO-PARTNER-42511,HOTEL GLAMP NUSA,success,2,2026-09-10T03:51:23.410900+00:00,
39326,ODOO-PARTNER-39326,HOTEL KENDI MAS,success,2,2026-09-10T03:51:23.410900+00:00,
32079,ODOO-PARTNER-32079,HOTEL NIKKO BALI,success,2,2026-09-10T03:51:23.410900+00:00,
39367,ODOO-PARTNER-39367,HOUSE OF SABABY RESTAURANT,success,2,2026-09-10T03:51:23.410900+00:00,
32081,ODOO-PARTNER-32081,HOUSE OFF DUMPLINGS,success,2,2026-09-10T03:51:23.410900+00:00,
32083,ODOO-PARTNER-32083,HOVA BAKERY,success,2,2026-09-10T03:51:23.410900+00:00,
39146,ODOO-PARTNER-39146,HUGO ESPRESSO,success,2,2026-09-10T03:51:23.410900+00:00,
32085,ODOO-PARTNER-32085,HUMA CAFE BY GOLDMINE,success,2,2026-09-10T03:51:23.410900+00:00,
43273,ODOO-PARTNER-43273,HUMANS CAFE ULUWATU,success,2,2026-09-10T03:51:23.410900+00:00,
32087,ODOO-PARTNER-32087,HUNGRY BIRD COFFEE ROASTER,success,2,2026-09-10T03:51:23.410900+00:00,
32089,ODOO-PARTNER-32089,HUNGRY HUNT,success,2,2026-09-10T03:51:23.410900+00:00,
32091,ODOO-PARTNER-32091,HUNGRY HUNT AND HOT DOG ULUWATU,success,2,2026-09-10T03:51:23.410900+00:00,
39780,ODOO-PARTNER-39780,HUNGRY HUNT UBUD,success,2,2026-09-10T03:51:23.410900+00:00,
32093,ODOO-PARTNER-32093,HUT CAFE,success,2,2026-09-10T03:51:23.410900+00:00,
32095,ODOO-PARTNER-32095,HYATT REGENCY,success,2,2026-09-10T03:51:23.410900+00:00,
32097,ODOO-PARTNER-32097,HYGGE JIMBARAN,success,2,2026-09-10T03:51:23.410900+00:00,
32099,ODOO-PARTNER-32099,HYGGE SOCIAL CAFE & SHISHA,success,2,2026-09-10T03:51:23.410900+00:00,
32101,ODOO-PARTNER-32101,I AM VEGAN BABE CAFE,success,2,2026-09-10T03:51:23.410900+00:00,
38489,ODOO-PARTNER-38489,I THON PT,success,2,2026-09-10T03:51:23.410900+00:00,
24735,ODOO-PARTNER-24735,I-THON KAMPIAL,success,2,2026-09-10T03:51:23.410900+00:00,
24736,ODOO-PARTNER-24736,I-THON MART,success,2,2026-09-10T03:51:23.410900+00:00,
42748,ODOO-PARTNER-42748,IAN FRESH MART,success,2,2026-09-10T03:51:23.410900+00:00,
42746,ODOO-PARTNER-42746,IAN FROZEN,success,2,2026-09-10T03:51:23.410900+00:00,
24715,ODOO-PARTNER-24715,IAN MART,success,2,2026-09-10T03:51:23.410900+00:00,
32103,ODOO-PARTNER-32103,IAS HOSPITALITY INDONESIA PT,success,2,2026-09-10T03:51:23.410900+00:00,
39232,ODOO-PARTNER-39232,IBU AGUNG,success,2,2026-09-10T03:51:23.410900+00:00,
42907,ODOO-PARTNER-42907,IBU EVI (PEMBAKAR),success,2,2026-09-10T03:51:23.410900+00:00,
24717,ODOO-PARTNER-24717,IBU FANNY,success,2,2026-09-10T03:51:23.410900+00:00,
24719,ODOO-PARTNER-24719,IBU KONDRIANI,success,2,2026-09-10T03:51:23.410900+00:00,
42857,ODOO-PARTNER-42857,IBU NANA (PEMBAKAR),success,2,2026-09-10T03:51:23.410900+00:00,
24721,ODOO-PARTNER-24721,IBU RAHAYU,success,2,2026-09-10T03:51:23.410900+00:00,
32107,ODOO-PARTNER-32107,IBU VITA,success,2,2026-09-10T03:51:23.410900+00:00,
45274,ODOO-PARTNER-45274,ICE CREAM UNIVERSE ABIANBASE,success,2,2026-09-10T03:51:23.410900+00:00,
45275,ODOO-PARTNER-45275,ICE CREAM UNIVERSE AYANI,success,2,2026-09-10T03:51:23.410900+00:00,
39834,ODOO-PARTNER-39834,ICE CREAM UNIVERSE DALUNG,success,2,2026-09-10T03:51:23.410900+00:00,
45276,ODOO-PARTNER-45276,ICE CREAM UNIVERSE GLOGOR CARIK,success,2,2026-09-10T03:51:23.410900+00:00,
39833,ODOO-PARTNER-39833,ICE CREAM UNIVERSE JIMBARAN,success,2,2026-09-10T03:51:23.410900+00:00,
39832,ODOO-PARTNER-39832,ICE CREAM UNIVERSE MONANG MANING,success,2,2026-09-10T03:51:23.410900+00:00,
24723,ODOO-PARTNER-24723,ICE CREAM UNIVERSE PANJER,success,2,2026-09-10T03:51:23.410900+00:00,
32109,ODOO-PARTNER-32109,ICE LAB FINEST GELATO,success,2,2026-09-10T03:51:23.410900+00:00,
24725,ODOO-PARTNER-24725,IMADJI COFFEE,success,2,2026-09-10T03:51:23.410900+00:00,
32111,ODOO-PARTNER-32111,IMADJI COFFEE KUTA,success,2,2026-09-10T03:51:23.410900+00:00,
32113,ODOO-PARTNER-32113,IMADJI KEDONGANAN,success,2,2026-09-10T03:51:23.410900+00:00,
32115,ODOO-PARTNER-32115,IMADJI KERANJANG,success,2,2026-09-10T03:51:23.410900+00:00,
32117,ODOO-PARTNER-32117,IMADOKI RESTAURANT,success,2,2026-09-10T03:51:23.410900+00:00,
43455,ODOO-PARTNER-43455,INDAH BAHAN KUE/ INDAH FROZEN,success,2,2026-09-10T03:51:23.410900+00:00,
46089,ODOO-PARTNER-46089,INDAH STORIES RESIDENCE,success,2,2026-09-10T03:51:23.410900+00:00,
39170,ODOO-PARTNER-39170,INDIAN DOWNTOWN RESTO BAR,success,2,2026-09-10T03:51:23.410900+00:00,
32119,ODOO-PARTNER-32119,INDIANA KENANGA HOTEL,success,2,2026-09-10T03:51:23.410900+00:00,
39731,ODOO-PARTNER-39731,VILLA TAMAYA,success,2,2026-09-10T03:51:23.410900+00:00,
32121,ODOO-PARTNER-32121,INDIGO HOTEL (PT BALI PERKASA SUKSES),success,2,2026-09-10T03:51:23.410900+00:00,
32123,ODOO-PARTNER-32123,INDIMETE,success,2,2026-09-10T03:51:23.410900+00:00,
40127,ODOO-PARTNER-40127,INDO BALI MART,success,2,2026-09-10T03:51:23.410900+00:00,
32125,ODOO-PARTNER-32125,INDO BOGA ABADI CV,success,2,2026-09-10T03:51:23.410900+00:00,
32127,ODOO-PARTNER-32127,INDO BOGA JAYA CV,success,2,2026-09-10T03:51:23.410900+00:00,
32129,ODOO-PARTNER-32129,INDO BOGA MAKMUR CV,success,2,2026-09-10T03:51:23.410900+00:00,
32131,ODOO-PARTNER-32131,INDO BOGA SEJAHTERA CV,success,2,2026-09-10T03:51:23.410900+00:00,
38496,ODOO-PARTNER-38496,INDO KOREA BERSAMA PT,success,2,2026-09-10T03:51:23.410900+00:00,
24727,ODOO-PARTNER-24727,INDO MERTA SOSIS,success,2,2026-09-10T03:51:23.410900+00:00,
42843,ODOO-PARTNER-42843,INDO SOSIS KERTAPURA,success,2,2026-09-10T03:51:23.410900+00:00,
39906,ODOO-PARTNER-39906,INDOGROSIR BALI,success,2,2026-09-10T03:51:23.410900+00:00,
24729,ODOO-PARTNER-24729,INDOJAYA,success,2,2026-09-10T03:51:23.410900+00:00,
24731,ODOO-PARTNER-24731,INDOMARCO PRISMATAMA PT,success,2,2026-09-10T03:51:23.410900+00:00,
42950,ODOO-PARTNER-42950,INDOSOSIS AYANI,success,2,2026-09-10T03:51:23.410900+00:00,
25298,ODOO-PARTNER-25298,INDRA GROSIR,success,2,2026-09-10T03:51:23.410900+00:00,
32133,ODOO-PARTNER-32133,INDUS RESTAURANT,success,2,2026-09-10T03:51:23.410900+00:00,
38534,ODOO-PARTNER-38534,INFINITY COFFE,success,2,2026-09-10T03:51:23.410900+00:00,
32135,ODOO-PARTNER-32135,INFINITY COFFEE,success,2,2026-09-10T03:51:23.410900+00:00,
42936,ODOO-PARTNER-42936,INFINITY8 BALI HOTEL ,success,2,2026-09-10T03:51:23.410900+00:00,
32137,ODOO-PARTNER-32137,INGKA MERTANADI,success,2,2026-09-10T03:51:23.410900+00:00,
39696,ODOO-PARTNER-39696,INTAN MART,success,2,2026-09-10T03:51:23.410900+00:00,
32141,ODOO-PARTNER-32141,INTERCONTINENTAL BALI RESORT,success,2,2026-09-10T03:51:23.410900+00:00,
32143,ODOO-PARTNER-32143,INTERCONTINENTAL BALI SANUR,success,2,2026-09-10T03:51:23.410900+00:00,
32145,ODOO-PARTNER-32145,INTERNASIONAL BAKERY,success,2,2026-09-10T03:51:23.410900+00:00,
39796,ODOO-PARTNER-39796,INTI CAKRAWALA CITRA,success,2,2026-09-10T03:51:23.410900+00:00,
41296,ODOO-PARTNER-41296,INTI DUFREE PROMOSINDO PT,success,2,2026-09-10T03:51:23.410900+00:00,
24733,ODOO-PARTNER-24733,ISLAND FOOD,success,2,2026-09-10T03:51:23.410900+00:00,
39084,ODOO-PARTNER-39084,ISLAND SPORT CLUB CEMAGI,success,2,2026-09-10T03:51:23.410900+00:00,
32147,ODOO-PARTNER-32147,ITHACA,success,2,2026-09-10T03:51:23.410900+00:00,
39339,ODOO-PARTNER-39339,TMK Gudang,success,2,2026-09-10T03:51:23.410900+00:00,
31747,ODOO-PARTNER-31747,IVY CAFE,success,2,2026-09-10T03:51:23.410900+00:00,
24738,ODOO-PARTNER-24738,IWAKA ABIAN TIMBUL,success,2,2026-09-10T03:51:23.410900+00:00,
24739,ODOO-PARTNER-24739,IWAKA ANTASURA,success,2,2026-09-10T03:51:23.410900+00:00,
24740,ODOO-PARTNER-24740,IWAKA BATURITI,success,2,2026-09-10T03:51:23.410900+00:00,
24741,ODOO-PARTNER-24741,IWAKA DALUNG,success,2,2026-09-10T03:51:23.410900+00:00,
24742,ODOO-PARTNER-24742,IWAKA DALUNG PERMAI,success,2,2026-09-10T03:51:23.410900+00:00,
38490,ODOO-PARTNER-38490,IWAKA DARMA JAYA CV,success,2,2026-09-10T03:51:23.410900+00:00,
24743,ODOO-PARTNER-24743,IWAKA DC,success,2,2026-09-10T03:51:23.410900+00:00,
24744,ODOO-PARTNER-24744,IWAKA GELOGOR CARIK,success,2,2026-09-10T03:51:23.410900+00:00,
24745,ODOO-PARTNER-24745,IWAKA IMAMBONJOL,success,2,2026-09-10T03:51:23.410900+00:00,
24746,ODOO-PARTNER-24746,IWAKA PULAU BUNGIN,success,2,2026-09-10T03:51:23.410900+00:00,
24747,ODOO-PARTNER-24747,IWAKA PULAU GALANG,success,2,2026-09-10T03:51:23.410900+00:00,
32149,ODOO-PARTNER-32149,IYO IYO SUSHI & JAPANESE FOOD,success,2,2026-09-10T03:51:23.410900+00:00,
24749,ODOO-PARTNER-24749,J MART,success,2,2026-09-10T03:51:23.410900+00:00,
32151,ODOO-PARTNER-32151,J4 HOTEL,success,2,2026-09-10T03:51:23.410900+00:00,
32153,ODOO-PARTNER-32153,JA'AN RESTAURANT BALI,success,2,2026-09-10T03:51:23.410900+00:00,
32155,ODOO-PARTNER-32155,JACKFRUIT BRUNCH & COFFEE,success,2,2026-09-10T03:51:23.410900+00:00,
32157,ODOO-PARTNER-32157,JADE BY TODD ENGLISH,success,2,2026-09-10T03:51:23.410900+00:00,
38535,ODOO-PARTNER-38535,JADE EATERY AND SIP'S,success,2,2026-09-10T03:51:23.410900+00:00,
32159,ODOO-PARTNER-32159,JADE EATERY AND SIPS,success,2,2026-09-10T03:51:23.410900+00:00,
39331,ODOO-PARTNER-39331,JALISOL CANGGU,success,2,2026-09-10T03:51:23.410900+00:00,
32161,ODOO-PARTNER-32161,JAMBULUWUK OCEANO SEMINYAK HOTEL,success,2,2026-09-10T03:51:23.410900+00:00,
32163,ODOO-PARTNER-32163,JAMIES HARD ROCK,success,2,2026-09-10T03:51:23.410900+00:00,
32165,ODOO-PARTNER-32165,JAPPA SUITES & VILLAS,success,2,2026-09-10T03:51:23.410900+00:00,
40315,ODOO-PARTNER-40315,JAVA CLUB BURGER,success,2,2026-09-10T03:51:23.410900+00:00,
39424,ODOO-PARTNER-39424,JAYA KERTI GATSU,success,2,2026-09-10T03:51:23.410900+00:00,
24751,ODOO-PARTNER-24751,JAYADI UD,success,2,2026-09-10T03:51:23.410900+00:00,
40301,ODOO-PARTNER-40301,JAYS KITCHEN,success,2,2026-09-10T03:51:23.410900+00:00,
39087,ODOO-PARTNER-39087,JBS SNACK & BAKERY,success,2,2026-09-10T03:51:23.410900+00:00,
32167,ODOO-PARTNER-32167,JD62 CAFE & RESTO,success,2,2026-09-10T03:51:23.410900+00:00,
32169,ODOO-PARTNER-32169,JEAN & YEN GROUP,success,2,2026-09-10T03:51:23.410900+00:00,
31893,ODOO-PARTNER-31893,JENGGALA ANUGERAH SEGARA PT,success,2,2026-09-10T03:51:23.410900+00:00,
32171,ODOO-PARTNER-32171,JEPUN SANUR,success,2,2026-09-10T03:51:23.410900+00:00,
24753,ODOO-PARTNER-24753,JESPER MART,success,2,2026-09-10T03:51:23.410900+00:00,
32173,ODOO-PARTNER-32173,JESSIE GRANOLA,success,2,2026-09-10T03:51:23.410900+00:00,
43917,ODOO-PARTNER-43917,JHOII LOCAL EAT,success,2,2026-09-10T03:51:23.410900+00:00,
32175,ODOO-PARTNER-32175,JIMBARAN BAY BEACH RESORT AND SPA,success,2,2026-09-10T03:51:23.410900+00:00,
46656,ODOO-PARTNER-46656,JINENG,success,2,2026-09-10T03:51:23.410900+00:00,
32177,ODOO-PARTNER-32177,JIVA PRIMA ORGANIK PT,success,2,2026-09-10T03:51:23.410900+00:00,
32179,ODOO-PARTNER-32179,JIWAN COFFEE AND THINGS BALI,success,2,2026-09-10T03:51:23.410900+00:00,
32181,ODOO-PARTNER-32181,JOHNNY ROCKET AIRPORT,success,2,2026-09-10T03:51:23.410900+00:00,
32183,ODOO-PARTNER-32183,JOHNNY ROCKET ICON MALL,success,2,2026-09-10T03:51:23.410900+00:00,
32185,ODOO-PARTNER-32185,JOHNNY ROCKETS BW,success,2,2026-09-10T03:51:23.410900+00:00,
46774,ODOO-PARTNER-46774,JOHNNY ROCKETS GOB,success,2,2026-09-10T03:51:23.410900+00:00,
32187,ODOO-PARTNER-32187,JOHNNY ROCKETS SEMINYAK,success,2,2026-09-10T03:51:23.410900+00:00,
32189,ODOO-PARTNER-32189,JOON CANGGU,success,2,2026-09-10T03:51:23.410900+00:00,
32191,ODOO-PARTNER-32191,JOSEPH ON THE BEACH,success,2,2026-09-10T03:51:23.410900+00:00,
32193,ODOO-PARTNER-32193,JOSHUA DISTRICT,success,2,2026-09-10T03:51:23.410900+00:00,
32195,ODOO-PARTNER-32195,JOYCE BAR,success,2,2026-09-10T03:51:23.410900+00:00,
32199,ODOO-PARTNER-32199,JUMEIRAH HOTEL,success,2,2026-09-10T03:51:23.410900+00:00,
32201,ODOO-PARTNER-32201,JUMPING STONE CAFE,success,2,2026-09-10T03:51:23.410900+00:00,
40473,ODOO-PARTNER-40473,JUNGLE PADEL SESEH,success,2,2026-09-10T03:51:23.410900+00:00,
32203,ODOO-PARTNER-32203,JUNGLE TREE CAFE & BAR,success,2,2026-09-10T03:51:23.410900+00:00,
40377,ODOO-PARTNER-40377,JUNGLEGOLD BALI ,success,2,2026-09-10T03:51:23.410900+00:00,
24755,ODOO-PARTNER-24755,JUWITA SUPERMARKET,success,2,2026-09-10T03:51:23.410900+00:00,
32205,ODOO-PARTNER-32205,K CLUB UBUD,success,2,2026-09-10T03:51:23.410900+00:00,
40456,ODOO-PARTNER-40456,K EMPAT S GROSIR,success,2,2026-09-10T03:51:23.410900+00:00,
40421,ODOO-PARTNER-40421,K MART,success,2,2026-09-10T03:51:23.410900+00:00,
32207,ODOO-PARTNER-32207,KA FEI TIEN,success,2,2026-09-10T03:51:23.410900+00:00,
39171,ODOO-PARTNER-39171,KABA KABA SOCIAL,success,2,2026-09-10T03:51:23.410900+00:00,
32209,ODOO-PARTNER-32209,KABALI AUTHENTIC TASTE,success,2,2026-09-10T03:51:23.410900+00:00,
42691,ODOO-PARTNER-42691,KADEWA RETREAT UBUD,success,2,2026-09-10T03:51:23.410900+00:00,
32211,ODOO-PARTNER-32211,KADOYA UDON,success,2,2026-09-10T03:51:23.410900+00:00,
32213,ODOO-PARTNER-32213,KAFE UBUD,success,2,2026-09-10T03:51:23.410900+00:00,
32215,ODOO-PARTNER-32215,KAI CAFE & BAR,success,2,2026-09-10T03:51:23.410900+00:00,
43190,ODOO-PARTNER-43190,KAIZEN RENON ,success,2,2026-09-10T03:51:23.410900+00:00,
32217,ODOO-PARTNER-32217,KAIZEN RESTO,success,2,2026-09-10T03:51:23.410900+00:00,
32219,ODOO-PARTNER-32219,KAJAN EATERY,success,2,2026-09-10T03:51:23.410900+00:00,
39325,ODOO-PARTNER-39325,KALA ULUWATU,success,2,2026-09-10T03:51:23.410900+00:00,
43994,ODOO-PARTNER-43994,OFFICE KALA ULUWATU,success,2,2026-09-10T03:51:23.410900+00:00,
32221,ODOO-PARTNER-32221,KALOS BALI,success,2,2026-09-10T03:51:23.410900+00:00,
32223,ODOO-PARTNER-32223,KALUMA SANUR,success,2,2026-09-10T03:51:23.410900+00:00,
39451,ODOO-PARTNER-39451,KANARY JIMBARAN,success,2,2026-09-10T03:51:23.410900+00:00,
32225,ODOO-PARTNER-32225,KANARY JIMBARAN,success,2,2026-09-10T03:51:23.410900+00:00,
32227,ODOO-PARTNER-32227,KANDARA GARDEN,success,2,2026-09-10T03:51:23.410900+00:00,
32229,ODOO-PARTNER-32229,KANGEN GELATO,success,2,2026-09-10T03:51:23.410900+00:00,
32231,ODOO-PARTNER-32231,KANOA BEACH BAR,success,2,2026-09-10T03:51:23.410900+00:00,
24757,ODOO-PARTNER-24757,KANTIN AMERTHA,success,2,2026-09-10T03:51:23.410900+00:00,
24759,ODOO-PARTNER-24759,KANTIN IBU HELEN,success,2,2026-09-10T03:51:23.410900+00:00,
32233,ODOO-PARTNER-32233,KANVAZ RESORT SEMINYAK,success,2,2026-09-10T03:51:23.410900+00:00,
40213,ODOO-PARTNER-40213,KAPHI KOPI,success,2,2026-09-10T03:51:23.410900+00:00,
24761,ODOO-PARTNER-24761,KAPITAL MART & BAKERY,success,2,2026-09-10T03:51:23.410900+00:00,
24763,ODOO-PARTNER-24763,KAPULAGA,success,2,2026-09-10T03:51:23.410900+00:00,
32235,ODOO-PARTNER-32235,KARMA KANDARA,success,2,2026-09-10T03:51:23.410900+00:00,
39273,ODOO-PARTNER-39273,KARMAPHALA,success,2,2026-09-10T03:51:23.410900+00:00,
40171,ODOO-PARTNER-40171,KARTINI TOKO DISPLAY,success,2,2026-09-10T03:51:23.410900+00:00,
40197,ODOO-PARTNER-40197,KARUNIA SEJAHTERA,success,2,2026-09-10T03:51:23.410900+00:00,
24765,ODOO-PARTNER-24765,KARYA NADI UD,success,2,2026-09-10T03:51:23.410900+00:00,
24766,ODOO-PARTNER-24766,KARYA PRIMA UNGGULAN PT,success,2,2026-09-10T03:51:23.410900+00:00,
38537,ODOO-PARTNER-38537,KARYA RESTO SUKSES PT,success,2,2026-09-10T03:51:23.410900+00:00,
38491,ODOO-PARTNER-38491,KARYA SARI SWALAYAN,success,2,2026-09-10T03:51:23.410900+00:00,
24768,ODOO-PARTNER-24768,KARYA SARI SWALAYAN SESETAN,success,2,2026-09-10T03:51:23.410900+00:00,
24769,ODOO-PARTNER-24769,KARYA SARI SWALAYAN TABANAN,success,2,2026-09-10T03:51:23.410900+00:00,
32237,ODOO-PARTNER-32237,KASAVA RESTO & BAR SEMINYAK,success,2,2026-09-10T03:51:23.410900+00:00,
39120,ODOO-PARTNER-39120,KASIH HOKI CV,success,2,2026-09-10T03:51:23.410900+00:00,
32239,ODOO-PARTNER-32239,KASTO BALI RESTAURANT,success,2,2026-09-10T03:51:23.410900+00:00,
32241,ODOO-PARTNER-32241,KAT'S KITCHEN PECATU,success,2,2026-09-10T03:51:23.410900+00:00,
24771,ODOO-PARTNER-24771,KAVANA ORGANIC BABY SHOP,success,2,2026-09-10T03:51:23.410900+00:00,
40324,ODOO-PARTNER-40324,KAWAI UD,success,2,2026-09-10T03:51:23.410900+00:00,
24773,ODOO-PARTNER-24773,KAWI MART,success,2,2026-09-10T03:51:23.410900+00:00,
32243,ODOO-PARTNER-32243,KAYU LEMBONGAN,success,2,2026-09-10T03:51:23.410900+00:00,
32245,ODOO-PARTNER-32245,KAYU MANIS NUSA DUA,success,2,2026-09-10T03:51:23.410900+00:00,
32247,ODOO-PARTNER-32247,KAYU MAS RESORT,success,2,2026-09-10T03:51:23.410900+00:00,
44862,ODOO-PARTNER-44862,KAYUMANIS JIMBARAN,success,2,2026-09-10T03:51:23.410900+00:00,
44826,ODOO-PARTNER-44826,KAYUMANIS UBUD PRIVATE VILLA & SPA,success,2,2026-09-10T03:51:23.410900+00:00,
32249,ODOO-PARTNER-32249,KEBAB BROTHERS BALI,success,2,2026-09-10T03:51:23.410900+00:00,
44875,ODOO-PARTNER-44875,KEBAB CULTURE,success,2,2026-09-10T03:51:23.410900+00:00,
32251,ODOO-PARTNER-32251,KEDAI KOPI BERSAUDARA,success,2,2026-09-10T03:51:23.410900+00:00,
32253,ODOO-PARTNER-32253,KEDAI KUPI SIGLY,success,2,2026-09-10T03:51:23.410900+00:00,
39728,ODOO-PARTNER-39728,KEEN CAFE,success,2,2026-09-10T03:51:23.410900+00:00,
39798,ODOO-PARTNER-39798,KEIKO,success,2,2026-09-10T03:51:23.410900+00:00,
40462,ODOO-PARTNER-40462,KEKEB RESTAURANT,success,2,2026-09-10T03:51:23.410900+00:00,
40856,ODOO-PARTNER-40856,KEKON JELEK BALI BAGUS,success,2,2026-09-10T03:51:23.410900+00:00,
41716,ODOO-PARTNER-41716,KEKON TEMAN JOGER,success,2,2026-09-10T03:51:23.410900+00:00,
32257,ODOO-PARTNER-32257,KEN D' COFFEE,success,2,2026-09-10T03:51:23.410900+00:00,
32261,ODOO-PARTNER-32261,KEPITING SUKRO,success,2,2026-09-10T03:51:23.410900+00:00,
32263,ODOO-PARTNER-32263,KEPITING SUKRO IMAM BONJOL,success,2,2026-09-10T03:51:23.410900+00:00,
32265,ODOO-PARTNER-32265,KERAMAS AERO PARK,success,2,2026-09-10T03:51:23.410900+00:00,
24775,ODOO-PARTNER-24775,KERTA MART,success,2,2026-09-10T03:51:23.410900+00:00,
40459,ODOO-PARTNER-40459,KETAN SUSU COEG,success,2,2026-09-10T03:51:23.410900+00:00,
38495,ODOO-PARTNER-38495,KETUT MORIS CV,success,2,2026-09-10T03:51:23.410900+00:00,
32267,ODOO-PARTNER-32267,KHAO BALI,success,2,2026-09-10T03:51:23.410900+00:00,
32895,ODOO-PARTNER-32895,KHARISMA ANUGRAH JAWARA ABADI PT (SAVAYA ULUWATU),success,2,2026-09-10T03:51:23.410900+00:00,
32269,ODOO-PARTNER-32269,KHARISTA VILLAS & RETREAT,success,2,2026-09-10T03:51:23.410900+00:00,
24777,ODOO-PARTNER-24777,KIDFORT,success,2,2026-09-10T03:51:23.410900+00:00,
32271,ODOO-PARTNER-32271,KIDZ CAFE SANUR,success,2,2026-09-10T03:51:23.410900+00:00,
32273,ODOO-PARTNER-32273,KILO BALI PERERENAN,success,2,2026-09-10T03:51:23.410900+00:00,
44539,ODOO-PARTNER-44539,KIMPTON SUNTAYA BALI UBUD,success,2,2026-09-10T03:51:23.410900+00:00,
24779,ODOO-PARTNER-24779,KIMUKATSU BEACH WALK BALI,success,2,2026-09-10T03:51:23.410900+00:00,
24780,ODOO-PARTNER-24780,KIMUKATSU ICON MALL,success,2,2026-09-10T03:51:23.410900+00:00,
24781,ODOO-PARTNER-24781,KIMUKATSU LIVING WORLD BALI,success,2,2026-09-10T03:51:23.410900+00:00,
24782,ODOO-PARTNER-24782,KIMUKATSU TRANS STUDIO MALL,success,2,2026-09-10T03:51:23.410900+00:00,
32275,ODOO-PARTNER-32275,KIN DOG FOODS,success,2,2026-09-10T03:51:23.410900+00:00,
24784,ODOO-PARTNER-24784,KING MART BATUBULAN,success,2,2026-09-10T03:51:23.410900+00:00,
42823,ODOO-PARTNER-42823,KING SOSIS,success,2,2026-09-10T03:51:23.410900+00:00,
32277,ODOO-PARTNER-32277,KINOA CANGGU,success,2,2026-09-10T03:51:23.410900+00:00,
32279,ODOO-PARTNER-32279,KIOA CAFE,success,2,2026-09-10T03:51:23.410900+00:00,
24786,ODOO-PARTNER-24786,KIOS SARI,success,2,2026-09-10T03:51:23.410900+00:00,
24788,ODOO-PARTNER-24788,KIOS SUTARMI,success,2,2026-09-10T03:51:23.410900+00:00,
32281,ODOO-PARTNER-32281,KITCHENNITS,success,2,2026-09-10T03:51:23.410900+00:00,
32283,ODOO-PARTNER-32283,KIZUNA TEPPANYAKI,success,2,2026-09-10T03:51:23.410900+00:00,
39811,ODOO-PARTNER-39811,KLAPA RESORT HOTEL,success,2,2026-09-10T03:51:23.410900+00:00,
39342,ODOO-PARTNER-39342,KLIVE BEACH CLUB,success,2,2026-09-10T03:51:23.410900+00:00,
24790,ODOO-PARTNER-24790,KOA D'SURFER HOTEL,success,2,2026-09-10T03:51:23.410900+00:00,
32431,ODOO-PARTNER-32431,KODEYA CAFE ,success,2,2026-09-10T03:51:23.410900+00:00,
24792,ODOO-PARTNER-24792,KOKA KITCHEN & BAR,success,2,2026-09-10T03:51:23.410900+00:00,
32285,ODOO-PARTNER-32285,KOKI RESTAURANT NUSA DUA,success,2,2026-09-10T03:51:23.410900+00:00,
24794,ODOO-PARTNER-24794,KOKO MART,success,2,2026-09-10T03:51:23.410900+00:00,
24796,ODOO-PARTNER-24796,KOKOHEN FROZEN FOOD,success,2,2026-09-10T03:51:23.410900+00:00,
43020,ODOO-PARTNER-43020,KOKOHEN FROZEN FOOD KARTINI,success,2,2026-09-10T03:51:23.410900+00:00,
32287,ODOO-PARTNER-32287,KOMEDA'S COFFEE,success,2,2026-09-10T03:51:23.410900+00:00,
40414,ODOO-PARTNER-40414,KOMEDA'S COFFEE SESETAN,success,2,2026-09-10T03:51:23.410900+00:00,
32289,ODOO-PARTNER-32289,KONG RESTO,success,2,2026-09-10T03:51:23.410900+00:00,
32291,ODOO-PARTNER-32291,KOOD,success,2,2026-09-10T03:51:23.410900+00:00,
40489,ODOO-PARTNER-40489,KOPERASI KARYAWAN HOTEL NIKKO,success,2,2026-09-10T03:51:23.410900+00:00,
40430,ODOO-PARTNER-40430,KOPERASI KARYAWAN ST. REGIS SEJAHTERA,success,2,2026-09-10T03:51:23.410900+00:00,
32293,ODOO-PARTNER-32293,KOPI DARI HATI DALUNG,success,2,2026-09-10T03:51:23.410900+00:00,
32295,ODOO-PARTNER-32295,KOPIKOTA 2.0,success,2,2026-09-10T03:51:23.410900+00:00,
32297,ODOO-PARTNER-32297,KOREA TOWN,success,2,2026-09-10T03:51:23.410900+00:00,
24800,ODOO-PARTNER-24800,KORI UD,success,2,2026-09-10T03:51:23.410900+00:00,
31379,ODOO-PARTNER-31379,KREASI BALI PRIMA PT,success,2,2026-09-10T03:51:23.410900+00:00,
32299,ODOO-PARTNER-32299,KRISHNA'S KITCHEN,success,2,2026-09-10T03:51:23.410900+00:00,
39887,ODOO-PARTNER-39887,KROPNATION UTAMA LESTARI,success,2,2026-09-10T03:51:23.410900+00:00,
24802,ODOO-PARTNER-24802,KSU MITRA SEJAHTERA,success,2,2026-09-10T03:51:23.410900+00:00,
40342,ODOO-PARTNER-40342,KU DE TA ,success,2,2026-09-10T03:51:23.410900+00:00,
32301,ODOO-PARTNER-32301,KUBU CANGGU,success,2,2026-09-10T03:51:23.410900+00:00,
24804,ODOO-PARTNER-24804,KUMA BABY SHOP,success,2,2026-09-10T03:51:23.410900+00:00,
32303,ODOO-PARTNER-32303,KUMALA PANTAI HOTEL,success,2,2026-09-10T03:51:23.410900+00:00,
32305,ODOO-PARTNER-32305,KUMPUL - KUMPUL VILLA,success,2,2026-09-10T03:51:23.410900+00:00,
24806,ODOO-PARTNER-24806,KUNING MART,success,2,2026-09-10T03:51:23.410900+00:00,
32307,ODOO-PARTNER-32307,KUPU-KUPU,success,2,2026-09-10T03:51:23.410900+00:00,
40373,ODOO-PARTNER-40373,KURASU BALI PERERENAN ,success,2,2026-09-10T03:51:23.410900+00:00,
40372,ODOO-PARTNER-40372,KURASU BALI UBUD ,success,2,2026-09-10T03:51:23.410900+00:00,
39830,ODOO-PARTNER-39830,KURNIA AGUNG MULIA SEJAHTERA PT,success,2,2026-09-10T03:51:23.410900+00:00,
39388,ODOO-PARTNER-39388,KUTA BEACH CLUB HOTEL,success,2,2026-09-10T03:51:23.410900+00:00,
32309,ODOO-PARTNER-32309,KUTA MAJESTY HOTEL,success,2,2026-09-10T03:51:23.410900+00:00,
39703,ODOO-PARTNER-39703,KUTA PARADISO,success,2,2026-09-10T03:51:23.410900+00:00,
24808,ODOO-PARTNER-24808,KWANJI SARI GROSIR,success,2,2026-09-10T03:51:23.410900+00:00,
32311,ODOO-PARTNER-32311,KYND COMMUNITY,success,2,2026-09-10T03:51:23.410900+00:00,
39565,ODOO-PARTNER-39565,GUDANG KYND,success,2,2026-09-10T03:51:23.410900+00:00,
32313,ODOO-PARTNER-32313,KYOKA JAPANESE KITCHEN,success,2,2026-09-10T03:51:23.410900+00:00,
44197,ODOO-PARTNER-44197,KYU8 BAKMIE BY THE POOL,success,2,2026-09-10T03:51:23.410900+00:00,
40382,ODOO-PARTNER-40382,L MART,success,2,2026-09-10T03:51:23.410900+00:00,
40118,ODOO-PARTNER-40118,LA BARACCA,success,2,2026-09-10T03:51:23.410900+00:00,
32317,ODOO-PARTNER-32317,LA CANTINE,success,2,2026-09-10T03:51:23.410900+00:00,
39118,ODOO-PARTNER-39118,LA COPPEE,success,2,2026-09-10T03:51:23.410900+00:00,
39559,ODOO-PARTNER-39559,LA NAYA CAFE BALI,success,2,2026-09-10T03:51:23.410900+00:00,
24810,ODOO-PARTNER-24810,LA PAN NAM WARUNG & BAR,success,2,2026-09-10T03:51:23.410900+00:00,
32323,ODOO-PARTNER-32323,LA SANTANERA RESTO,success,2,2026-09-10T03:51:23.410900+00:00,
32325,ODOO-PARTNER-32325,LA TERRAZZA,success,2,2026-09-10T03:51:23.410900+00:00,
39352,ODOO-PARTNER-39352,LAGAS RESTAURANT,success,2,2026-09-10T03:51:23.410900+00:00,
46052,ODOO-PARTNER-46052,LAGOON LOUNGE RESTAURANT KUTA,success,2,2026-09-10T03:51:23.410900+00:00,
32327,ODOO-PARTNER-32327,LAGUNA THE LUXURY COLLECTION HOTEL,success,2,2026-09-10T03:51:23.410900+00:00,
24812,ODOO-PARTNER-24812,LAKSMI TBK UD,success,2,2026-09-10T03:51:23.410900+00:00,
32329,ODOO-PARTNER-32329,LAMOIST BALI,success,2,2026-09-10T03:51:23.410900+00:00,
31997,ODOO-PARTNER-31997,LANEWAY BY GRAIN BALI,success,2,2026-09-10T03:51:23.410900+00:00,
32331,ODOO-PARTNER-32331,LANGIT SENJA BALI,success,2,2026-09-10T03:51:23.410900+00:00,
32321,ODOO-PARTNER-32321,LAPLANCHA BALI SEJAHTERA PT - LA PLANCHA,success,2,2026-09-10T03:51:23.410900+00:00,
40384,ODOO-PARTNER-40384,LARISSA OLEH-OLEH,success,2,2026-09-10T03:51:23.410900+00:00,
32333,ODOO-PARTNER-32333,LAROSA CAFE,success,2,2026-09-10T03:51:23.410900+00:00,
39911,ODOO-PARTNER-39911,LAVA GASTRO BAR SANUR,success,2,2026-09-10T03:51:23.410900+00:00,
32335,ODOO-PARTNER-32335,LE BAJO PERERENAN,success,2,2026-09-10T03:51:23.410900+00:00,
32337,ODOO-PARTNER-32337,LE CROISSANT,success,2,2026-09-10T03:51:23.410900+00:00,
32339,ODOO-PARTNER-32339,LE MERIDIEN BALI JIMBARAN,success,2,2026-09-10T03:51:23.410900+00:00,
32341,ODOO-PARTNER-32341,LE PETIT CHEF,success,2,2026-09-10T03:51:23.410900+00:00,
33252,ODOO-PARTNER-33252,LE SANDO,success,2,2026-09-10T03:51:23.410900+00:00,
24814,ODOO-PARTNER-24814,LE TABLE DE PARIS,success,2,2026-09-10T03:51:23.410900+00:00,
32343,ODOO-PARTNER-32343,LEGEND BISTRO BAR & SPORT,success,2,2026-09-10T03:51:23.410900+00:00,
31993,ODOO-PARTNER-31993,LEGIAN BEACH HOTEL,success,2,2026-09-10T03:51:23.410900+00:00,
32345,ODOO-PARTNER-32345,LEMANJA,success,2,2026-09-10T03:51:23.410900+00:00,
32347,ODOO-PARTNER-32347,LEMBONGAN DREAM,success,2,2026-09-10T03:51:23.410900+00:00,
24816,ODOO-PARTNER-24816,LEMBONGAN MONKEY WATER SPORT PT,success,2,2026-09-10T03:51:23.410900+00:00,
32349,ODOO-PARTNER-32349,LEMONGRASS,success,2,2026-09-10T03:51:23.410900+00:00,
24818,ODOO-PARTNER-24818,LENON MART,success,2,2026-09-10T03:51:23.410900+00:00,
24820,ODOO-PARTNER-24820,LEO BERSAUDARA,success,2,2026-09-10T03:51:23.410900+00:00,
32351,ODOO-PARTNER-32351,LEURA,success,2,2026-09-10T03:51:23.410900+00:00,
32353,ODOO-PARTNER-32353,LEVEL UP - BOARD GAME CAFE,success,2,2026-09-10T03:51:23.410900+00:00,
32355,ODOO-PARTNER-32355,LIFE TURKISH KEBAB,success,2,2026-09-10T03:51:23.410900+00:00,
32357,ODOO-PARTNER-32357,LIGHT HOUSE,success,2,2026-09-10T03:51:23.410900+00:00,
24822,ODOO-PARTNER-24822,LIKA MARGA UD,success,2,2026-09-10T03:51:23.410900+00:00,
32359,ODOO-PARTNER-32359,LILA BROWN,success,2,2026-09-10T03:51:23.410900+00:00,
24824,ODOO-PARTNER-24824,LILIN BERSINAR,success,2,2026-09-10T03:51:23.410900+00:00,
32361,ODOO-PARTNER-32361,LILY GARDEN,success,2,2026-09-10T03:51:23.410900+00:00,
32363,ODOO-PARTNER-32363,LIMA BAY,success,2,2026-09-10T03:51:23.410900+00:00,
32367,ODOO-PARTNER-32367,LING LING'S PETITENGET,success,2,2026-09-10T03:51:23.410900+00:00,
46929,ODOO-PARTNER-46929,TAKUMI,success,2,2026-09-10T03:51:23.410900+00:00,
39463,ODOO-PARTNER-39463,LINGGAR SPACE,success,2,2026-09-10T03:51:23.410900+00:00,
40375,ODOO-PARTNER-40375,LIQUOCEAN BAR & KITCHEN NUSA DUA ,success,2,2026-09-10T03:51:23.410900+00:00,
24826,ODOO-PARTNER-24826,LITLLE SPOON CAFE,success,2,2026-09-10T03:51:23.410900+00:00,
32369,ODOO-PARTNER-32369,LITTLE FRENCHIE PERERENAN,success,2,2026-09-10T03:51:23.410900+00:00,
32371,ODOO-PARTNER-32371,LITTLE HOME CAFE,success,2,2026-09-10T03:51:23.410900+00:00,
46269,ODOO-PARTNER-46269,LITTLE INDONESIA SHOP,success,2,2026-09-10T03:51:23.410900+00:00,
32373,ODOO-PARTNER-32373,LITTLE RIPPER BALI,success,2,2026-09-10T03:51:23.410900+00:00,
32375,ODOO-PARTNER-32375,LIVING STONE,success,2,2026-09-10T03:51:23.410900+00:00,
32377,ODOO-PARTNER-32377,LIVING STONE UBUD,success,2,2026-09-10T03:51:23.410900+00:00,
32379,ODOO-PARTNER-32379,LOADING BOARD GAME CAFE,success,2,2026-09-10T03:51:23.410900+00:00,
39187,ODOO-PARTNER-39187,LOADING DOCK DOMESTIK,success,2,2026-09-10T03:51:23.410900+00:00,
39179,ODOO-PARTNER-39179,LOADING DOCK INTERNASIONAL,success,2,2026-09-10T03:51:23.410900+00:00,
32381,ODOO-PARTNER-32381,LOCAL COFFEE,success,2,2026-09-10T03:51:23.410900+00:00,
32383,ODOO-PARTNER-32383,LOCAVORE TOGO UBUD,success,2,2026-09-10T03:51:23.410900+00:00,
32385,ODOO-PARTNER-32385,LOCCA SEA HOUSE,success,2,2026-09-10T03:51:23.410900+00:00,
32387,ODOO-PARTNER-32387,LOFI LOUNGE AND CAFE,success,2,2026-09-10T03:51:23.410900+00:00,
32389,ODOO-PARTNER-32389,LOII COFFEE & EATERY,success,2,2026-09-10T03:51:23.410900+00:00,
32391,ODOO-PARTNER-32391,LOKO GARDEN,success,2,2026-09-10T03:51:23.410900+00:00,
32393,ODOO-PARTNER-32393,LOLA CANTINA MEEXICANA,success,2,2026-09-10T03:51:23.410900+00:00,
32395,ODOO-PARTNER-32395,LOLA'S ULUWATU,success,2,2026-09-10T03:51:23.410900+00:00,
40108,ODOO-PARTNER-40108,LOLITAS CANTINA MEXICANA,success,2,2026-09-10T03:51:23.410900+00:00,
24828,ODOO-PARTNER-24828,LONDON MART,success,2,2026-09-10T03:51:23.410900+00:00,
44329,ODOO-PARTNER-44329,LONG PLAY,success,2,2026-09-10T03:51:23.410900+00:00,
24830,ODOO-PARTNER-24830,LOS IBU SRIASIH,success,2,2026-09-10T03:51:23.410900+00:00,
39744,ODOO-PARTNER-39744,LOS NYOMAN SUARTINI,success,2,2026-09-10T03:51:23.410900+00:00,
24832,ODOO-PARTNER-24832,LOTTE GROSIR BALI,success,2,2026-09-10T03:51:23.410900+00:00,
43872,ODOO-PARTNER-43872,LOVE BUMI BALI ,success,2,2026-09-10T03:51:23.410900+00:00,
40412,ODOO-PARTNER-40412,LOVSTER,success,2,2026-09-10T03:51:23.410900+00:00,
32397,ODOO-PARTNER-32397,LUJU'S ORGANIC & HEALTHY GROCER,success,2,2026-09-10T03:51:23.410900+00:00,
32399,ODOO-PARTNER-32399,LULU BISTROT,success,2,2026-09-10T03:51:23.410900+00:00,
43423,ODOO-PARTNER-43423,LUME BAR & KITCHEN,success,2,2026-09-10T03:51:23.410900+00:00,
24834,ODOO-PARTNER-24834,LUMMBUNG PANGAN,success,2,2026-09-10T03:51:23.410900+00:00,
39115,ODOO-PARTNER-39115,LUNA BEACH CLUB,success,2,2026-09-10T03:51:23.410900+00:00,
32401,ODOO-PARTNER-32401,LUNGA EATERY & COFFEE,success,2,2026-09-10T03:51:23.410900+00:00,
32403,ODOO-PARTNER-32403,LUSA BY SUKA,success,2,2026-09-10T03:51:23.410900+00:00,
32405,ODOO-PARTNER-32405,LUSH KITCHEN,success,2,2026-09-10T03:51:23.410900+00:00,
32407,ODOO-PARTNER-32407,LUSIANA'S KITCHEN,success,2,2026-09-10T03:51:23.410900+00:00,
32409,ODOO-PARTNER-32409,LV8,success,2,2026-09-10T03:51:23.410900+00:00,
42712,ODOO-PARTNER-42712,LYD MANAGEMENT BALI PT,success,2,2026-09-10T03:51:23.410900+00:00,
38533,ODOO-PARTNER-38533,LYKIN ICE LAB PT,success,2,2026-09-10T03:51:23.410900+00:00,
39299,ODOO-PARTNER-39299,MACA VILLAS AND SPA BALI,success,2,2026-09-10T03:51:23.410900+00:00,
39814,ODOO-PARTNER-39814,MAD FOR COFFEE,success,2,2026-09-10T03:51:23.410900+00:00,
32411,ODOO-PARTNER-32411,MADE BALI ROTI PT,success,2,2026-09-10T03:51:23.410900+00:00,
24836,ODOO-PARTNER-24836,MADE MART,success,2,2026-09-10T03:51:23.410900+00:00,
24838,ODOO-PARTNER-24838,MADE MEGA CANDRA,success,2,2026-09-10T03:51:23.410900+00:00,
46745,ODOO-PARTNER-46745,MADE'S BAKERY CAFE PLAYGROUND,success,2,2026-09-10T03:51:23.410900+00:00,
40407,ODOO-PARTNER-40407,MAHARAJA GROSIR SIBANG,success,2,2026-09-10T03:51:23.410900+00:00,
32413,ODOO-PARTNER-32413,MAHARAJA VILLAS,success,2,2026-09-10T03:51:23.410900+00:00,
38499,ODOO-PARTNER-38499,MAHENDRADATA JAYA MANDIRI PT,success,2,2026-09-10T03:51:23.410900+00:00,
42840,ODOO-PARTNER-42840,MAHKOTA FROZEN,success,2,2026-09-10T03:51:23.410900+00:00,
39817,ODOO-PARTNER-39817,MAI MAI INDO TRADING,success,2,2026-09-10T03:51:23.410900+00:00,
24840,ODOO-PARTNER-24840,MAI MAI INDOTRADING,success,2,2026-09-10T03:51:23.410900+00:00,
32781,ODOO-PARTNER-32781,MAI RAMEN,success,2,2026-09-10T03:51:23.410900+00:00,
32415,ODOO-PARTNER-32415,MAILBOX CAFFE,success,2,2026-09-10T03:51:23.410900+00:00,
39088,ODOO-PARTNER-39088,MAISON PIERRE,success,2,2026-09-10T03:51:23.410900+00:00,
32417,ODOO-PARTNER-32417,MAIZE RESTAURANT,success,2,2026-09-10T03:51:23.410900+00:00,
44632,ODOO-PARTNER-44632,MAKMUR ABADI SUKSES PT,success,2,2026-09-10T03:51:23.410900+00:00,
24842,ODOO-PARTNER-24842,MAKOE BALI,success,2,2026-09-10T03:51:23.410900+00:00,
40397,ODOO-PARTNER-40397,MALINI ULUWATU ,success,2,2026-09-10T03:51:23.410900+00:00,
32419,ODOO-PARTNER-32419,MAMA PIZZA,success,2,2026-09-10T03:51:23.410900+00:00,
32421,ODOO-PARTNER-32421,MAMADA'S,success,2,2026-09-10T03:51:23.410900+00:00,
32423,ODOO-PARTNER-32423,MAMAKA HOTEL,success,2,2026-09-10T03:51:23.410900+00:00,
24844,ODOO-PARTNER-24844,MAMAMU MARKET,success,2,2026-09-10T03:51:23.410900+00:00,
32425,ODOO-PARTNER-32425,MAMASAN RESTAURANT,success,2,2026-09-10T03:51:23.410900+00:00,
24846,ODOO-PARTNER-24846,MAMIKA BABY SHOP,success,2,2026-09-10T03:51:23.410900+00:00,
32427,ODOO-PARTNER-32427,MAMMA MAURICI RESTO,success,2,2026-09-10T03:51:23.410900+00:00,
32429,ODOO-PARTNER-32429,MAMU CAFE UBUD,success,2,2026-09-10T03:51:23.410900+00:00,
32433,ODOO-PARTNER-32433,MANARAI BEACH HOUSE,success,2,2026-09-10T03:51:23.410900+00:00,
32435,ODOO-PARTNER-32435,MANDALA KRIYA SEMESTA PT,success,2,2026-09-10T03:51:23.410900+00:00,
32437,ODOO-PARTNER-32437,MANGGAR CANGGU,success,2,2026-09-10T03:51:23.410900+00:00,
32439,ODOO-PARTNER-32439,MANGGIS IN CANGGU,success,2,2026-09-10T03:51:23.410900+00:00,
24848,ODOO-PARTNER-24848,MANGUSADA GROSIR,success,2,2026-09-10T03:51:23.410900+00:00,
24850,ODOO-PARTNER-24850,MANI MART,success,2,2026-09-10T03:51:23.410900+00:00,
39855,ODOO-PARTNER-39855,MANIK GROSIR UD,success,2,2026-09-10T03:51:23.410900+00:00,
32441,ODOO-PARTNER-32441,MANO SEASIDE,success,2,2026-09-10T03:51:23.410900+00:00,
44231,ODOO-PARTNER-44231,MAPLE & OAK,success,2,2026-09-10T03:51:23.410900+00:00,
38500,ODOO-PARTNER-38500,MARCO CREATIVE FOOD PT,success,2,2026-09-10T03:51:23.410900+00:00,
40410,ODOO-PARTNER-40410,MARGOT GROSIR,success,2,2026-09-10T03:51:23.410900+00:00,
46446,ODOO-PARTNER-46446,MARGRETA SWEETA VARIA PT,success,2,2026-09-10T03:51:23.410900+00:00,
40405,ODOO-PARTNER-40405,MARI BAKE ,success,2,2026-09-10T03:51:23.410900+00:00,
32443,ODOO-PARTNER-32443,MARI BEACH CLUB,success,2,2026-09-10T03:51:23.410900+00:00,
24852,ODOO-PARTNER-24852,MARKET CITY,success,2,2026-09-10T03:51:23.410900+00:00,
39819,ODOO-PARTNER-39819,MASARI MART,success,2,2026-09-10T03:51:23.410900+00:00,
32445,ODOO-PARTNER-32445,MASMARA RESORT,success,2,2026-09-10T03:51:23.410900+00:00,
32447,ODOO-PARTNER-32447,MASON,success,2,2026-09-10T03:51:23.410900+00:00,
32449,ODOO-PARTNER-32449,MASON ULUWATU,success,2,2026-09-10T03:51:23.410900+00:00,
32451,ODOO-PARTNER-32451,MATCHA CAFE,success,2,2026-09-10T03:51:23.410900+00:00,
46781,ODOO-PARTNER-46781,MAVAMMY SWEET SHOP,success,2,2026-09-10T03:51:23.410900+00:00,
32453,ODOO-PARTNER-32453,MAYA SANUR,success,2,2026-09-10T03:51:23.410900+00:00,
32455,ODOO-PARTNER-32455,MAYA UBUD,success,2,2026-09-10T03:51:23.410900+00:00,
24854,ODOO-PARTNER-24854,MAYKANA,success,2,2026-09-10T03:51:23.410900+00:00,
43514,ODOO-PARTNER-43514,MBK RENDY PEMBAKAR,success,2,2026-09-10T03:51:23.410900+00:00,
45008,ODOO-PARTNER-45008,MBOK EKA (PEMBAKAR),success,2,2026-09-10T03:51:23.410900+00:00,
45152,ODOO-PARTNER-45152,MBOK RIA (PEMBAKAR),success,2,2026-09-10T03:51:23.410900+00:00,
40452,ODOO-PARTNER-40452,MEAT WHISPERER,success,2,2026-09-10T03:51:23.410900+00:00,
44266,ODOO-PARTNER-44266,MEDINA DEBEUZ INDAH PT ,success,2,2026-09-10T03:51:23.410900+00:00,
24856,ODOO-PARTNER-24856,MEGA MART SEMINYAK,success,2,2026-09-10T03:51:23.410900+00:00,
44841,ODOO-PARTNER-44841,MEGA MART TENDRA TANJUNG ,success,2,2026-09-10T03:51:23.410900+00:00,
39805,ODOO-PARTNER-39805,MEI MEI RESTAURANT,success,2,2026-09-10T03:51:23.410900+00:00,
39455,ODOO-PARTNER-39455,MEIKARI JAPANESE FOOD,success,2,2026-09-10T03:51:23.410900+00:00,
32457,ODOO-PARTNER-32457,MEJA KITCHEN,success,2,2026-09-10T03:51:23.410900+00:00,
24858,ODOO-PARTNER-24858,MEKAR SARI KEDEWATAN,success,2,2026-09-10T03:51:23.410900+00:00,
24860,ODOO-PARTNER-24860,MEKAR SEDANA UD,success,2,2026-09-10T03:51:23.410900+00:00,
32459,ODOO-PARTNER-32459,MELALI UBUD,success,2,2026-09-10T03:51:23.410900+00:00,
32461,ODOO-PARTNER-32461,MENYA KENJI,success,2,2026-09-10T03:51:23.410900+00:00,
40018,ODOO-PARTNER-40018,MENYA KENJI SEMINYAK,success,2,2026-09-10T03:51:23.410900+00:00,
32463,ODOO-PARTNER-32463,MERCATO COFFEE,success,2,2026-09-10T03:51:23.410900+00:00,
32465,ODOO-PARTNER-32465,MERCH CAFE AMSTERDAM,success,2,2026-09-10T03:51:23.410900+00:00,
32467,ODOO-PARTNER-32467,MERCURE KUTA,success,2,2026-09-10T03:51:23.410900+00:00,
32469,ODOO-PARTNER-32469,MERCURE LEGIAN,success,2,2026-09-10T03:51:23.410900+00:00,
32471,ODOO-PARTNER-32471,MERCURE NUSA DUA,success,2,2026-09-10T03:51:23.410900+00:00,
39277,ODOO-PARTNER-39277,MERTA AGUNG,success,2,2026-09-10T03:51:23.410900+00:00,
24862,ODOO-PARTNER-24862,MERTA MINI MART,success,2,2026-09-10T03:51:23.410900+00:00,
32473,ODOO-PARTNER-32473,MERUSAKA NUSA DUA,success,2,2026-09-10T03:51:23.410900+00:00,
32475,ODOO-PARTNER-32475,MESA BALI,success,2,2026-09-10T03:51:23.410900+00:00,
42986,ODOO-PARTNER-42986,MESA BAR ,success,2,2026-09-10T03:51:23.410900+00:00,
24864,ODOO-PARTNER-24864,METRI UD,success,2,2026-09-10T03:51:23.410900+00:00,
32477,ODOO-PARTNER-32477,MIA SORELLA,success,2,2026-09-10T03:51:23.410900+00:00,
40333,ODOO-PARTNER-40333,MIA-MODERN ASIAN CUISINE,success,2,2026-09-10T03:51:23.410900+00:00,
45226,ODOO-PARTNER-45226,MICROLOGY COFFEE ROASTER,success,2,2026-09-10T03:51:23.410900+00:00,
24866,ODOO-PARTNER-24866,MIL'S KITCHEN BALI,success,2,2026-09-10T03:51:23.410900+00:00,
32478,ODOO-PARTNER-32478,MILK & MADU BEACH ROAD,success,2,2026-09-10T03:51:23.410900+00:00,
24868,ODOO-PARTNER-24868,MILK & MADU BERAWA,success,2,2026-09-10T03:51:23.410900+00:00,
40585,ODOO-PARTNER-40585,MILK & MADU SEMINYAK,success,2,2026-09-10T03:51:23.410900+00:00,
32479,ODOO-PARTNER-32479,MILK & MADU UBUD,success,2,2026-09-10T03:51:23.410900+00:00,
39125,ODOO-PARTNER-39125,MILK & MADU ULUWATU,success,2,2026-09-10T03:51:23.410900+00:00,
38494,ODOO-PARTNER-38494,MILK N MADU,success,2,2026-09-10T03:51:23.410900+00:00,
44448,ODOO-PARTNER-44448,MINCED JUICE CANGGU,success,2,2026-09-10T03:51:23.410900+00:00,
32481,ODOO-PARTNER-32481,MIND EATERY BAR,success,2,2026-09-10T03:51:23.410900+00:00,
32483,ODOO-PARTNER-32483,MING COFFEE,success,2,2026-09-10T03:51:23.410900+00:00,
46979,ODOO-PARTNER-46979,MINI MARKET BOGA SVAHA,success,2,2026-09-10T03:51:23.410900+00:00,
24870,ODOO-PARTNER-24870,MINI MART A SWALAYAN,success,2,2026-09-10T03:51:23.410900+00:00,
40303,ODOO-PARTNER-40303,MINI MART SARI DANA,success,2,2026-09-10T03:51:23.410900+00:00,
44212,ODOO-PARTNER-44212,MINI STORE KRISNA,success,2,2026-09-10T03:51:23.410900+00:00,
24871,ODOO-PARTNER-24871,MINIMART BAKUNG SARI (MM BSR),success,2,2026-09-10T03:51:23.410900+00:00,
24872,ODOO-PARTNER-24872,MINIMART BATU BELIG 4 (MM BT4),success,2,2026-09-10T03:51:23.410900+00:00,
24873,ODOO-PARTNER-24873,MINIMART BATU BELIG 5 (MM BT5),success,2,2026-09-10T03:51:23.410900+00:00,
24874,ODOO-PARTNER-24874,MINIMART BENOA SQUARE 2 (MM BSQ2),success,2,2026-09-10T03:51:23.410900+00:00,
24875,ODOO-PARTNER-24875,MINIMART BY PASS 8 SILIGITA (MM BP8),success,2,2026-09-10T03:51:23.410900+00:00,
24876,ODOO-PARTNER-24876,MINIMART BY PASS 9  (MM BP9),success,2,2026-09-10T03:51:23.410900+00:00,
24877,ODOO-PARTNER-24877,MINIMART BYPASS 2 (MM BP2),success,2,2026-09-10T03:51:23.410900+00:00,
24878,ODOO-PARTNER-24878,MINIMART BYPASS JIMBARAN (MM BPJ),success,2,2026-09-10T03:51:23.410900+00:00,
24879,ODOO-PARTNER-24879,MINIMART CANGGU 11 (MM CG 11),success,2,2026-09-10T03:51:23.410900+00:00,
24880,ODOO-PARTNER-24880,MINIMART CANGGU 12 (MM CG12),success,2,2026-09-10T03:51:23.410900+00:00,
24881,ODOO-PARTNER-24881,MINIMART CANGGU 14 (MM CG14),success,2,2026-09-10T03:51:23.410900+00:00,
24882,ODOO-PARTNER-24882,MINIMART CANGGU 15 (MM CG15),success,2,2026-09-10T03:51:23.410900+00:00,
24883,ODOO-PARTNER-24883,MINIMART CANGGU 17 (MM CG 17),success,2,2026-09-10T03:51:23.410900+00:00,
24884,ODOO-PARTNER-24884,MINIMART CANGGU 18 (MM CG18),success,2,2026-09-10T03:51:23.410900+00:00,
24885,ODOO-PARTNER-24885,MINIMART CANGGU 2 (MM CG2),success,2,2026-09-10T03:51:23.410900+00:00,
24886,ODOO-PARTNER-24886,MINIMART CANGGU 23 (MM CG23),success,2,2026-09-10T03:51:23.410900+00:00,
24887,ODOO-PARTNER-24887,MINIMART CANGGU 24 (TOKO RAMA),success,2,2026-09-10T03:51:23.410900+00:00,
24888,ODOO-PARTNER-24888,MINIMART CANGGU 29 (MM CG29),success,2,2026-09-10T03:51:23.410900+00:00,
24889,ODOO-PARTNER-24889,MINIMART CANGGU 4 (MM CG4),success,2,2026-09-10T03:51:23.410900+00:00,
24890,ODOO-PARTNER-24890,MINIMART CANGGU 5 (MM CG5),success,2,2026-09-10T03:51:23.410900+00:00,
24891,ODOO-PARTNER-24891,MINIMART CANGGU 6 (MM CG6),success,2,2026-09-10T03:51:23.410900+00:00,
24892,ODOO-PARTNER-24892,MINIMART CANGGU 8 (MM CG8),success,2,2026-09-10T03:51:23.410900+00:00,
24893,ODOO-PARTNER-24893,MINIMART JP3,success,2,2026-09-10T03:51:23.410900+00:00,
24894,ODOO-PARTNER-24894,MINIMART KAMPIAL (MM KPL),success,2,2026-09-10T03:51:23.410900+00:00,
24895,ODOO-PARTNER-24895,MINIMART KARTIKA PLAZA (MM KP4),success,2,2026-09-10T03:51:23.410900+00:00,
24896,ODOO-PARTNER-24896,MINIMART KARTIKA PLAZA 2 (MM KP2),success,2,2026-09-10T03:51:23.410900+00:00,
24897,ODOO-PARTNER-24897,MINIMART KEDIRI 3 (MM KD3),success,2,2026-09-10T03:51:23.410900+00:00,
24898,ODOO-PARTNER-24898,MINIMART KUTA SEAVIEW (MM KSV),success,2,2026-09-10T03:51:23.410900+00:00,
24899,ODOO-PARTNER-24899,MINIMART MERTANADI (MM SR8),success,2,2026-09-10T03:51:23.410900+00:00,
24900,ODOO-PARTNER-24900,MINIMART OBEROI 14 (MM OB14),success,2,2026-09-10T03:51:23.410900+00:00,
24901,ODOO-PARTNER-24901,MINIMART OBEROI 3 (MM OB3),success,2,2026-09-10T03:51:23.410900+00:00,
24902,ODOO-PARTNER-24902,MINIMART OBEROI 7 (MM OB7),success,2,2026-09-10T03:51:23.410900+00:00,
24903,ODOO-PARTNER-24903,MINIMART OBEROI 8 (MM OB8),success,2,2026-09-10T03:51:23.410900+00:00,
24904,ODOO-PARTNER-24904,MINIMART PURI GADING ( MM PRG),success,2,2026-09-10T03:51:23.410900+00:00,
24905,ODOO-PARTNER-24905,MINIMART PURI NAGA 2 (MM PNG),success,2,2026-09-10T03:51:23.410900+00:00,
24906,ODOO-PARTNER-24906,MINIMART RGH (MM RGH),success,2,2026-09-10T03:51:23.410900+00:00,
24907,ODOO-PARTNER-24907,MINIMART SANUR (MM SNR),success,2,2026-09-10T03:51:23.410900+00:00,
24908,ODOO-PARTNER-24908,MINIMART SANUR 9 (MM SN 9),success,2,2026-09-10T03:51:23.410900+00:00,
24909,ODOO-PARTNER-24909,MINIMART SEMER 2 (MM SMR2),success,2,2026-09-10T03:51:23.410900+00:00,
24910,ODOO-PARTNER-24910,MINIMART SEMINYAK 7(MM SK7),success,2,2026-09-10T03:51:23.410900+00:00,
24911,ODOO-PARTNER-24911,MINIMART SINGARAJA (MM SRJ),success,2,2026-09-10T03:51:23.410900+00:00,
24912,ODOO-PARTNER-24912,MINIMART SINGARAJA 11 (MM SRJ11),success,2,2026-09-10T03:51:23.410900+00:00,
24913,ODOO-PARTNER-24913,MINIMART SINGARAJA 12 (MM SRJ12),success,2,2026-09-10T03:51:23.410900+00:00,
24914,ODOO-PARTNER-24914,MINIMART SINGARAJA 17 (MM SRJ17),success,2,2026-09-10T03:51:23.410900+00:00,
24915,ODOO-PARTNER-24915,MINIMART SINGARAJA 2 (MM SRJ2),success,2,2026-09-10T03:51:23.410900+00:00,
24916,ODOO-PARTNER-24916,MINIMART SINGARAJA 7 (MM SRJ7),success,2,2026-09-10T03:51:23.410900+00:00,
24917,ODOO-PARTNER-24917,MINIMART SK5,success,2,2026-09-10T03:51:23.410900+00:00,
24918,ODOO-PARTNER-24918,MINIMART SMY,success,2,2026-09-10T03:51:23.410900+00:00,
24919,ODOO-PARTNER-24919,MINIMART SR6,success,2,2026-09-10T03:51:23.410900+00:00,
24920,ODOO-PARTNER-24920,MINIMART TABANAN (MM TAB),success,2,2026-09-10T03:51:23.410900+00:00,
24921,ODOO-PARTNER-24921,MINIMART TABANAN 2 (MM TAB2),success,2,2026-09-10T03:51:23.410900+00:00,
24922,ODOO-PARTNER-24922,MINIMART TABANAN 3 (MM TAB3),success,2,2026-09-10T03:51:23.410900+00:00,
24923,ODOO-PARTNER-24923,MINIMART TABANAN 7 (MM TAB7),success,2,2026-09-10T03:51:23.410900+00:00,
24924,ODOO-PARTNER-24924,MINIMART TANJUNG BENOA 5 (MM TB5),success,2,2026-09-10T03:51:23.410900+00:00,
24925,ODOO-PARTNER-24925,MINIMART TANJUNG BENOA 8 (MM TB8),success,2,2026-09-10T03:51:23.410900+00:00,
24926,ODOO-PARTNER-24926,MINIMART TOKO BUMBAK,success,2,2026-09-10T03:51:23.410900+00:00,
24927,ODOO-PARTNER-24927,MINIMART TOKO GATSU (MM),success,2,2026-09-10T03:51:23.410900+00:00,
24928,ODOO-PARTNER-24928,MINIMART TUBAN (GUDANG),success,2,2026-09-10T03:51:23.410900+00:00,
24929,ODOO-PARTNER-24929,MINIMART TUBAN 6 (MM TN6),success,2,2026-09-10T03:51:23.410900+00:00,
24930,ODOO-PARTNER-24930,MINIMART UBUD 10 (MM UB10),success,2,2026-09-10T03:51:23.410900+00:00,
24931,ODOO-PARTNER-24931,MINIMART UBUD 17 (MM UB 17),success,2,2026-09-10T03:51:23.410900+00:00,
24932,ODOO-PARTNER-24932,MINIMART UBUD 4 (MM UB4),success,2,2026-09-10T03:51:23.410900+00:00,
24933,ODOO-PARTNER-24933,MINIMART UDAYANA 4 (MM UD4),success,2,2026-09-10T03:51:23.410900+00:00,
24934,ODOO-PARTNER-24934,MINIMART UDAYANA 6 (MM UD6),success,2,2026-09-10T03:51:23.410900+00:00,
24935,ODOO-PARTNER-24935,MINIMART ULUWATU (MM ULW),success,2,2026-09-10T03:51:23.410900+00:00,
24936,ODOO-PARTNER-24936,MINIMART ULUWATU 3 (MM UL3),success,2,2026-09-10T03:51:23.410900+00:00,
24937,ODOO-PARTNER-24937,MINIMART UMALAS 3 (MM UM3),success,2,2026-09-10T03:51:23.410900+00:00,
40224,ODOO-PARTNER-40224,MINNI MART,success,2,2026-09-10T03:51:23.410900+00:00,
32485,ODOO-PARTNER-32485,MINO BEACH CLUB,success,2,2026-09-10T03:51:23.410900+00:00,
40097,ODOO-PARTNER-40097,MIRA HOTEL AND RECOVERY,success,2,2026-09-10T03:51:23.410900+00:00,
24939,ODOO-PARTNER-24939,MIRAH SHOP,success,2,2026-09-10T03:51:23.410900+00:00,
32487,ODOO-PARTNER-32487,MISANTO COFFEE EATERY MEETINGS,success,2,2026-09-10T03:51:23.410900+00:00,
39284,ODOO-PARTNER-39284,MISANTO WEDASARI,success,2,2026-09-10T03:51:23.410900+00:00,
24941,ODOO-PARTNER-24941,MISI SEHAT ALAMI SANUR,success,2,2026-09-10T03:51:23.410900+00:00,
24943,ODOO-PARTNER-24943,MISI SEHAT ALAMI UBUD,success,2,2026-09-10T03:51:23.410900+00:00,
32489,ODOO-PARTNER-32489,MISS FISH,success,2,2026-09-10T03:51:23.410900+00:00,
24391,ODOO-PARTNER-24391,MITRA BANGUN DISTRINDO,success,2,2026-09-10T03:51:23.410900+00:00,
39210,ODOO-PARTNER-39210,MITRA BELANJA ANDA PT,success,2,2026-09-10T03:51:23.410900+00:00,
38487,ODOO-PARTNER-38487,MITRA BELANJA ANDA PT,success,2,2026-09-10T03:51:23.410900+00:00,
40287,ODOO-PARTNER-40287,MITRA JAYA FRIED CHICKEN CV,success,2,2026-09-10T03:51:23.410900+00:00,
38481,ODOO-PARTNER-38481,MITRA KENCANA AMANAH JAYA PT,success,2,2026-09-10T03:51:23.410900+00:00,
39362,ODOO-PARTNER-39362,MITRA SUKSES ABADI BERSAMA PT,success,2,2026-09-10T03:51:23.410900+00:00,
40481,ODOO-PARTNER-40481,ML TOBAKU,success,2,2026-09-10T03:51:23.410900+00:00,
24947,ODOO-PARTNER-24947,MODE SESEH,success,2,2026-09-10T03:51:23.410900+00:00,
46756,ODOO-PARTNER-46756,MOMENTO DAILY RESTO,success,2,2026-09-10T03:51:23.410900+00:00,
39707,ODOO-PARTNER-39707,MONDAY COWORKING & COFFEE,success,2,2026-09-10T03:51:23.410900+00:00,
32491,ODOO-PARTNER-32491,MONDO SURF VILLA,success,2,2026-09-10T03:51:23.410900+00:00,
46073,ODOO-PARTNER-46073,MONKEY JUICE,success,2,2026-09-10T03:51:23.410900+00:00,
32493,ODOO-PARTNER-32493,MONSIEUR SPOON CANGGU,success,2,2026-09-10T03:51:23.410900+00:00,
32495,ODOO-PARTNER-32495,MONSTA PIZZA & WINGS,success,2,2026-09-10T03:51:23.410900+00:00,
32497,ODOO-PARTNER-32497,MOO MOO'S,success,2,2026-09-10T03:51:23.410900+00:00,
40350,ODOO-PARTNER-40350,MOON LOUNGE,success,2,2026-09-10T03:51:23.410900+00:00,
24949,ODOO-PARTNER-24949,MOON MART,success,2,2026-09-10T03:51:23.410900+00:00,
24951,ODOO-PARTNER-24951,MORIS GROCER,success,2,2026-09-10T03:51:23.410900+00:00,
24952,ODOO-PARTNER-24952,MORIS GROCER GATSU,success,2,2026-09-10T03:51:23.410900+00:00,
32499,ODOO-PARTNER-32499,MOSA FROZEN MART,success,2,2026-09-10T03:51:23.410900+00:00,
32501,ODOO-PARTNER-32501,MOSTLY RESTAURANT,success,2,2026-09-10T03:51:23.410900+00:00,
45699,ODOO-PARTNER-45699,MOTEL MEXICOLA SEMINYAK,success,2,2026-09-10T03:51:23.410900+00:00,
39193,ODOO-PARTNER-39193,MOTHER CAFE,success,2,2026-09-10T03:51:23.410900+00:00,
41969,ODOO-PARTNER-41969,MOTHER HUCKER,success,2,2026-09-10T03:51:23.410900+00:00,
32503,ODOO-PARTNER-32503,MOTION FITNESS FOOD,success,2,2026-09-10T03:51:23.410900+00:00,
32505,ODOO-PARTNER-32505,MOVENPICK RESORT,success,2,2026-09-10T03:51:23.410900+00:00,
32507,ODOO-PARTNER-32507,MPASI STORE,success,2,2026-09-10T03:51:23.410900+00:00,
39852,ODOO-PARTNER-39852,MPASI STORE BALI,success,2,2026-09-10T03:51:23.410900+00:00,
43253,ODOO-PARTNER-43253,MR FROZEN PESANGGARAN,success,2,2026-09-10T03:51:23.410900+00:00,
32509,ODOO-PARTNER-32509,MRS SIPPY,success,2,2026-09-10T03:51:23.410900+00:00,
32511,ODOO-PARTNER-32511,MSPA NUSA DUA,success,2,2026-09-10T03:51:23.410900+00:00,
24954,ODOO-PARTNER-24954,MU GUNG HWA,success,2,2026-09-10T03:51:23.410900+00:00,
31309,ODOO-PARTNER-31309,MUAYA TERACCE,success,2,2026-09-10T03:51:23.410900+00:00,
32513,ODOO-PARTNER-32513,MUDA BY SUKA,success,2,2026-09-10T03:51:23.410900+00:00,
32515,ODOO-PARTNER-32515,MUDRA CAFE,success,2,2026-09-10T03:51:23.410900+00:00,
24956,ODOO-PARTNER-24956,MULIA DOUGH INTERNATIONAL PT,success,2,2026-09-10T03:51:23.410900+00:00,
43018,ODOO-PARTNER-43018,MULIA FROZEN FOOD,success,2,2026-09-10T03:51:23.410900+00:00,
39694,ODOO-PARTNER-39694,MULIA SARI MART,success,2,2026-09-10T03:51:23.410900+00:00,
39568,ODOO-PARTNER-39568,MULYA MM,success,2,2026-09-10T03:51:23.410900+00:00,
39772,ODOO-PARTNER-39772,MUR MUR RESTAURANT,success,2,2026-09-10T03:51:23.410900+00:00,
39760,ODOO-PARTNER-39760,MURTI DANA,success,2,2026-09-10T03:51:23.410900+00:00,
24958,ODOO-PARTNER-24958,MUTIARA BALI,success,2,2026-09-10T03:51:23.410900+00:00,
32259,ODOO-PARTNER-32259,MVCK,success,2,2026-09-10T03:51:23.410900+00:00,
46583,ODOO-PARTNER-46583,MY DEAR CLARA,success,2,2026-09-10T03:51:23.410900+00:00,
32517,ODOO-PARTNER-32517,MY PLACE CAFE BALI,success,2,2026-09-10T03:51:23.410900+00:00,
24960,ODOO-PARTNER-24960,NADI AYU,success,2,2026-09-10T03:51:23.410900+00:00,
40232,ODOO-PARTNER-40232,NADI MART,success,2,2026-09-10T03:51:23.410900+00:00,
24962,ODOO-PARTNER-24962,NAGA SEAFOOD,success,2,2026-09-10T03:51:23.410900+00:00,
32519,ODOO-PARTNER-32519,NAGI KITCHEN COFFEE & SUSHI,success,2,2026-09-10T03:51:23.410900+00:00,
32521,ODOO-PARTNER-32521,NAKULA STREET DELI,success,2,2026-09-10T03:51:23.410900+00:00,
32523,ODOO-PARTNER-32523,NAMASKAR THALI,success,2,2026-09-10T03:51:23.410900+00:00,
32525,ODOO-PARTNER-32525,NAMASKARA COFFEE & SUPERFOOD,success,2,2026-09-10T03:51:23.410900+00:00,
24964,ODOO-PARTNER-24964,NANA MART,success,2,2026-09-10T03:51:23.410900+00:00,
42477,ODOO-PARTNER-42477,NANDINI JUNGLE BY HANGING GARDENS,success,2,2026-09-10T03:51:23.410900+00:00,
39742,ODOO-PARTNER-39742,NARI RESTAURANT,success,2,2026-09-10T03:51:23.410900+00:00,
39223,ODOO-PARTNER-39223,NATARI CAFE,success,2,2026-09-10T03:51:23.410900+00:00,
38528,ODOO-PARTNER-38528,NATIVA GRAHA SAJI PT,success,2,2026-09-10T03:51:23.410900+00:00,
40506,ODOO-PARTNER-40506,NATYS GOURMET LABUAN SAIT,success,2,2026-09-10T03:51:23.410900+00:00,
42573,ODOO-PARTNER-42573,NAYA MART,success,2,2026-09-10T03:51:23.410900+00:00,
24966,ODOO-PARTNER-24966,ND DARA JAYA 2,success,2,2026-09-10T03:51:23.410900+00:00,
39147,ODOO-PARTNER-39147,NEGRITA CAFE,success,2,2026-09-10T03:51:23.410900+00:00,
32527,ODOO-PARTNER-32527,NEIGHBOURHOOD FOOD,success,2,2026-09-10T03:51:23.410900+00:00,
39075,ODOO-PARTNER-39075,NEIGHBOURHOOD FOOD SESEH,success,2,2026-09-10T03:51:23.410900+00:00,
32529,ODOO-PARTNER-32529,NELI COFFEE,success,2,2026-09-10T03:51:23.410900+00:00,
32531,ODOO-PARTNER-32531,NELU BAKES,success,2,2026-09-10T03:51:23.410900+00:00,
40504,ODOO-PARTNER-40504,NELY MART,success,2,2026-09-10T03:51:23.410900+00:00,
32533,ODOO-PARTNER-32533,NENEKMOYANG69,success,2,2026-09-10T03:51:23.410900+00:00,
41093,ODOO-PARTNER-41093,NENEKMOYANG69 BATUBULAN,success,2,2026-09-10T03:51:23.410900+00:00,
32535,ODOO-PARTNER-32535,NEON PALM,success,2,2026-09-10T03:51:23.410900+00:00,
24968,ODOO-PARTNER-24968,NHARA MART,success,2,2026-09-10T03:51:23.410900+00:00,
43694,ODOO-PARTNER-43694,NIBS ULUWATU,success,2,2026-09-10T03:51:23.410900+00:00,
39957,ODOO-PARTNER-39957,NICK'S PLACE SANUR,success,2,2026-09-10T03:51:23.410900+00:00,
32537,ODOO-PARTNER-32537,NIHIWATU,success,2,2026-09-10T03:51:23.410900+00:00,
39081,ODOO-PARTNER-39081,NIKI SEMINYAK,success,2,2026-09-10T03:51:23.410900+00:00,
45951,ODOO-PARTNER-45951,NIMA INVESTEMENT BALI OKU CAFE ULUWATU,success,2,2026-09-10T03:51:23.410900+00:00,
39108,ODOO-PARTNER-39108,NINE MART,success,2,2026-09-10T03:51:23.410900+00:00,
1483,ODOO-PARTNER-1483,NIRAMAS UTAMA PT,success,2,2026-09-10T03:51:23.410900+00:00,
24798,ODOO-PARTNER-24798,NIRMALA BALANGAN,success,2,2026-09-10T03:51:23.410900+00:00,
24969,ODOO-PARTNER-24969,NIRMALA BATUBULAN,success,2,2026-09-10T03:51:23.410900+00:00,
40470,ODOO-PARTNER-40470,NIRMALA DC,success,2,2026-09-10T03:51:23.410900+00:00,
24970,ODOO-PARTNER-24970,NIRMALA KEDONGANAN,success,2,2026-09-10T03:51:23.410900+00:00,
24971,ODOO-PARTNER-24971,NIRMALA KUTA,success,2,2026-09-10T03:51:23.410900+00:00,
24972,ODOO-PARTNER-24972,NIRMALA MAHENDRADATTA,success,2,2026-09-10T03:51:23.410900+00:00,
24973,ODOO-PARTNER-24973,NIRMALA MARLBORO,success,2,2026-09-10T03:51:23.410900+00:00,
40778,ODOO-PARTNER-40778,NIRMALA MART UNGASAN (N10),success,2,2026-09-10T03:51:23.410900+00:00,
24974,ODOO-PARTNER-24974,NIRMALA NUANSA KORI,success,2,2026-09-10T03:51:23.410900+00:00,
24975,ODOO-PARTNER-24975,NIRMALA PECATU,success,2,2026-09-10T03:51:23.410900+00:00,
24976,ODOO-PARTNER-24976,NIRMALA PLAZA JIMBARAN,success,2,2026-09-10T03:51:23.410900+00:00,
24977,ODOO-PARTNER-24977,NIRMALA PURIGADING,success,2,2026-09-10T03:51:23.410900+00:00,
38493,ODOO-PARTNER-38493,NIRMALA RETAILLINDO PT,success,2,2026-09-10T03:51:23.410900+00:00,
24978,ODOO-PARTNER-24978,NIRMALA SUPERMARKET MAS UBUD,success,2,2026-09-10T03:51:23.410900+00:00,
24979,ODOO-PARTNER-24979,NIRMALA UDAYANA,success,2,2026-09-10T03:51:23.410900+00:00,
24980,ODOO-PARTNER-24980,NIRMALA UNGASAN,success,2,2026-09-10T03:51:23.410900+00:00,
32539,ODOO-PARTNER-32539,NIRVANA,success,2,2026-09-10T03:51:23.410900+00:00,
32541,ODOO-PARTNER-32541,NIRVANA STRENGHT,success,2,2026-09-10T03:51:23.410900+00:00,
24982,ODOO-PARTNER-24982,NITI MART,success,2,2026-09-10T03:51:23.410900+00:00,
24984,ODOO-PARTNER-24984,NITI MART 3,success,2,2026-09-10T03:51:23.410900+00:00,
39750,ODOO-PARTNER-39750,NITI MART PAYANGAN,success,2,2026-09-10T03:51:23.410900+00:00,
39144,ODOO-PARTNER-39144,NOAH CAFE,success,2,2026-09-10T03:51:23.410900+00:00,
32543,ODOO-PARTNER-32543,NOIR CAFE,success,2,2026-09-10T03:51:23.410900+00:00,
32545,ODOO-PARTNER-32545,NOOA SOCIAL DINING,success,2,2026-09-10T03:51:23.410900+00:00,
32547,ODOO-PARTNER-32547,NOOK,success,2,2026-09-10T03:51:23.410900+00:00,
32549,ODOO-PARTNER-32549,NOOK MILU CANGGU,success,2,2026-09-10T03:51:23.410900+00:00,
32551,ODOO-PARTNER-32551,NOORD CAFE,success,2,2026-09-10T03:51:23.410900+00:00,
32553,ODOO-PARTNER-32553,NORI BALI,success,2,2026-09-10T03:51:23.410900+00:00,
32555,ODOO-PARTNER-32555,NORI BALI UBUD,success,2,2026-09-10T03:51:23.410900+00:00,
32557,ODOO-PARTNER-32557,NORM SUSHI CAFE & KITCHEN,success,2,2026-09-10T03:51:23.410900+00:00,
39371,ODOO-PARTNER-39371,NOURISH CAFE UNGASAN,success,2,2026-09-10T03:51:23.410900+00:00,
24986,ODOO-PARTNER-24986,NOURISH WHOLEFOODS,success,2,2026-09-10T03:51:23.410900+00:00,
24988,ODOO-PARTNER-24988,NOVI MART,success,2,2026-09-10T03:51:23.410900+00:00,
32559,ODOO-PARTNER-32559,NOVOTEL AIRPORT BALI NGURAH RAI,success,2,2026-09-10T03:51:23.410900+00:00,
32561,ODOO-PARTNER-32561,NOVOTEL NUSADUA,success,2,2026-09-10T03:51:23.410900+00:00,
32563,ODOO-PARTNER-32563,NOVOTEL TANJUNG BENOA,success,2,2026-09-10T03:51:23.410900+00:00,
32565,ODOO-PARTNER-32565,NUBEK COFFEE,success,2,2026-09-10T03:51:23.410900+00:00,
32567,ODOO-PARTNER-32567,NUDE BABAKAN,success,2,2026-09-10T03:51:23.410900+00:00,
39582,ODOO-PARTNER-39582,NUDE CAFE PERERENAN,success,2,2026-09-10T03:51:23.410900+00:00,
40262,ODOO-PARTNER-40262,NUDE CAFE UMALAS ,success,2,2026-09-10T03:51:23.410900+00:00,
32569,ODOO-PARTNER-32569,NUDE RESTAURANT,success,2,2026-09-10T03:51:23.410900+00:00,
41329,ODOO-PARTNER-41329,NUGRAHA NIAGA SENTOSA CV,success,2,2026-09-10T03:51:23.410900+00:00,
42829,ODOO-PARTNER-42829,NUGRAHA SOSIS,success,2,2026-09-10T03:51:23.410900+00:00,
32571,ODOO-PARTNER-32571,NUI CAFE,success,2,2026-09-10T03:51:23.410900+00:00,
40237,ODOO-PARTNER-40237,NUI CANGGU,success,2,2026-09-10T03:51:23.410900+00:00,
40323,ODOO-PARTNER-40323,NUI DA MANO ,success,2,2026-09-10T03:51:23.410900+00:00,
40468,ODOO-PARTNER-40468,NUI HEALTHY FOOD - HEAD OFFICE,success,2,2026-09-10T03:51:23.410900+00:00,
32573,ODOO-PARTNER-32573,NUI HEALTHY FOOD JIMBARAN,success,2,2026-09-10T03:51:23.410900+00:00,
39130,ODOO-PARTNER-39130,NUI ULUWATU,success,2,2026-09-10T03:51:23.410900+00:00,
32575,ODOO-PARTNER-32575,NUMAN CAFE,success,2,2026-09-10T03:51:23.410900+00:00,
32577,ODOO-PARTNER-32577,NUNAMKHALU VILLA,success,2,2026-09-10T03:51:23.410900+00:00,
32579,ODOO-PARTNER-32579,NUSA BY SUKA,success,2,2026-09-10T03:51:23.410900+00:00,
32581,ODOO-PARTNER-32581,NUSA DUA BEACH HOTEL & SPA,success,2,2026-09-10T03:51:23.410900+00:00,
32583,ODOO-PARTNER-32583,NUSA UBUD BY SUKA,success,2,2026-09-10T03:51:23.410900+00:00,
32585,ODOO-PARTNER-32585,NUTREAT GRANOLA,success,2,2026-09-10T03:51:23.410900+00:00,
32587,ODOO-PARTNER-32587,OASIS RESTO CANGGU,success,2,2026-09-10T03:51:23.410900+00:00,
32589,ODOO-PARTNER-32589,OCEAN,success,2,2026-09-10T03:51:23.410900+00:00,
24990,ODOO-PARTNER-24990,OEMGE,success,2,2026-09-10T03:51:23.410900+00:00,
32591,ODOO-PARTNER-32591,OH MY THAI,success,2,2026-09-10T03:51:23.410900+00:00,
39732,ODOO-PARTNER-39732,OH MY THAI DEWI SRI,success,2,2026-09-10T03:51:23.410900+00:00,
32593,ODOO-PARTNER-32593,OHANA BAKING,success,2,2026-09-10T03:51:23.410900+00:00,
32595,ODOO-PARTNER-32595,OHANA CATERING,success,2,2026-09-10T03:51:23.410900+00:00,
32597,ODOO-PARTNER-32597,OHANA ULUWATU,success,2,2026-09-10T03:51:23.410900+00:00,
32599,ODOO-PARTNER-32599,OKAERI JAPANESE RESTAURANT,success,2,2026-09-10T03:51:23.410900+00:00,
32601,ODOO-PARTNER-32601,OKAMURA BALI JAPANESE,success,2,2026-09-10T03:51:23.410900+00:00,
32605,ODOO-PARTNER-32605,OKUZONO RESTAURANT,success,2,2026-09-10T03:51:23.410900+00:00,
24992,ODOO-PARTNER-24992,OKY MART,success,2,2026-09-10T03:51:23.410900+00:00,
47067,ODOO-PARTNER-47067,OLD FRIENDS COFFEE,success,2,2026-09-10T03:51:23.410900+00:00,
32607,ODOO-PARTNER-32607,OLD MANS RESTAURANT,success,2,2026-09-10T03:51:23.410900+00:00,
32609,ODOO-PARTNER-32609,OLIVER'S PLACE,success,2,2026-09-10T03:51:23.410900+00:00,
24994,ODOO-PARTNER-24994,OLIVIVERO FARM,success,2,2026-09-10T03:51:23.410900+00:00,
24996,ODOO-PARTNER-24996,OMA THIA'S CATERING BALI,success,2,2026-09-10T03:51:23.410900+00:00,
43201,ODOO-PARTNER-43201,OMAH (PEMBAKAR),success,2,2026-09-10T03:51:23.410900+00:00,
32613,ODOO-PARTNER-32613,OMBAK CAFE,success,2,2026-09-10T03:51:23.410900+00:00,
39488,ODOO-PARTNER-39488,OMBAK CAFE DELIVERY,success,2,2026-09-10T03:51:23.410900+00:00,
32615,ODOO-PARTNER-32615,OMMA DAYCLUB BALI,success,2,2026-09-10T03:51:23.410900+00:00,
39366,ODOO-PARTNER-39366,OMNI SOCIAL WELLNESS CLUB ,success,2,2026-09-10T03:51:23.410900+00:00,
32617,ODOO-PARTNER-32617,ONE NIGHT IN TAIPEI,success,2,2026-09-10T03:51:23.410900+00:00,
32619,ODOO-PARTNER-32619,ONEWAY EXPRESSO SLICE AND AND BREW,success,2,2026-09-10T03:51:23.410900+00:00,
40562,ODOO-PARTNER-40562,ONYX PARK RESORT,success,2,2026-09-10T03:51:23.410900+00:00,
32621,ODOO-PARTNER-32621,OPENHOUSE,success,2,2026-09-10T03:51:23.410900+00:00,
39135,ODOO-PARTNER-39135,OPENHOUSE BABAKAN,success,2,2026-09-10T03:51:23.410900+00:00,
40394,ODOO-PARTNER-40394,OPENHOUSE SESEH,success,2,2026-09-10T03:51:23.410900+00:00,
32623,ODOO-PARTNER-32623,OPIA BALI,success,2,2026-09-10T03:51:23.410900+00:00,
32625,ODOO-PARTNER-32625,OPPA PIZZA PIT,success,2,2026-09-10T03:51:23.410900+00:00,
32627,ODOO-PARTNER-32627,ORANGE BAKERY,success,2,2026-09-10T03:51:23.410900+00:00,
39348,ODOO-PARTNER-39348,ORANGE MART,success,2,2026-09-10T03:51:23.410900+00:00,
32629,ODOO-PARTNER-32629,ORCHARD BAR AND RESTAURANT,success,2,2026-09-10T03:51:23.410900+00:00,
24998,ODOO-PARTNER-24998,ORCHID BALI CV,success,2,2026-09-10T03:51:23.410900+00:00,
32631,ODOO-PARTNER-32631,ORGANICALI CAFE,success,2,2026-09-10T03:51:23.410900+00:00,
40567,ODOO-PARTNER-40567,ORIGINAL'S HOOKAH,success,2,2026-09-10T03:51:23.410900+00:00,
32633,ODOO-PARTNER-32633,OTHREE BEACH BAR,success,2,2026-09-10T03:51:23.410900+00:00,
32635,ODOO-PARTNER-32635,OTORI SUSHI,success,2,2026-09-10T03:51:23.410900+00:00,
32637,ODOO-PARTNER-32637,OUCHA,success,2,2026-09-10T03:51:23.410900+00:00,
32639,ODOO-PARTNER-32639,OURS,success,2,2026-09-10T03:51:23.410900+00:00,
32640,ODOO-PARTNER-32640,OURS HOME,success,2,2026-09-10T03:51:23.410900+00:00,
32641,ODOO-PARTNER-32641,OURS STORE,success,2,2026-09-10T03:51:23.410900+00:00,
32643,ODOO-PARTNER-32643,OUT POST UBUD,success,2,2026-09-10T03:51:23.410900+00:00,
42734,ODOO-PARTNER-42734,OXSO LOUNGE AND BILLIARD ,success,2,2026-09-10T03:51:23.410900+00:00,
25000,ODOO-PARTNER-25000,P MINI MART,success,2,2026-09-10T03:51:23.410900+00:00,
25002,ODOO-PARTNER-25002,PADANG PADANG MART,success,2,2026-09-10T03:51:23.410900+00:00,
32645,ODOO-PARTNER-32645,PADDLE CAFE & BAR,success,2,2026-09-10T03:51:23.410900+00:00,
32647,ODOO-PARTNER-32647,PADEL BAR,success,2,2026-09-10T03:51:23.410900+00:00,
32649,ODOO-PARTNER-32649,PADMA RESORT,success,2,2026-09-10T03:51:23.410900+00:00,
41376,ODOO-PARTNER-41376,PADMA RESORT UBUD ,success,2,2026-09-10T03:51:23.410900+00:00,
32651,ODOO-PARTNER-32651,PAISA SEMINYAK LIVING,success,2,2026-09-10T03:51:23.410900+00:00,
32653,ODOO-PARTNER-32653,PAK BUDI DIAN PUTRI,success,2,2026-09-10T03:51:23.410900+00:00,
42966,ODOO-PARTNER-42966,PAK ERVAN (PEMBAKAR),success,2,2026-09-10T03:51:23.410900+00:00,
45025,ODOO-PARTNER-45025,PAK GALANG (PEMBAKAR),success,2,2026-09-10T03:51:23.410900+00:00,
44053,ODOO-PARTNER-44053,PAK GULA,success,2,2026-09-10T03:51:23.410900+00:00,
25004,ODOO-PARTNER-25004,PAK YOHANES,success,2,2026-09-10T03:51:23.410900+00:00,
32655,ODOO-PARTNER-32655,PALM BEACH HOTEL,success,2,2026-09-10T03:51:23.410900+00:00,
32657,ODOO-PARTNER-32657,PALMILLA BALI,success,2,2026-09-10T03:51:23.410900+00:00,
32659,ODOO-PARTNER-32659,PANCIOUS BALI,success,2,2026-09-10T03:51:23.410900+00:00,
32661,ODOO-PARTNER-32661,PANDAWA ALL SUITE HOTEL,success,2,2026-09-10T03:51:23.410900+00:00,
40176,ODOO-PARTNER-40176,PANDAWA MINIMARKET,success,2,2026-09-10T03:51:23.410900+00:00,
25006,ODOO-PARTNER-25006,PANDE PUTRI BATUR SARI,success,2,2026-09-10T03:51:23.410900+00:00,
25007,ODOO-PARTNER-25007,PANDE PUTRI DANAU BUYAN,success,2,2026-09-10T03:51:23.410900+00:00,
25008,ODOO-PARTNER-25008,PANDE PUTRI TIRTANADI,success,2,2026-09-10T03:51:23.410900+00:00,
25009,ODOO-PARTNER-25009,PANDE PUTRI YEH AYA,success,2,2026-09-10T03:51:23.410900+00:00,
1521,ODOO-PARTNER-1521,PANDURASA KHARISMA PT,success,2,2026-09-10T03:51:23.410900+00:00,
32663,ODOO-PARTNER-32663,PANORAMA BAR AND KITCHEN,success,2,2026-09-10T03:51:23.410900+00:00,
40479,ODOO-PARTNER-40479,PANTAI SENJA PERMAI PT (KORO BALI),success,2,2026-09-10T03:51:23.410900+00:00,
32665,ODOO-PARTNER-32665,PANTAREI,success,2,2026-09-10T03:51:23.410900+00:00,
39788,ODOO-PARTNER-39788,PAPA LEE'S CANGGU,success,2,2026-09-10T03:51:23.410900+00:00,
39787,ODOO-PARTNER-39787,PAPA LEE'S SEMINYAK,success,2,2026-09-10T03:51:23.410900+00:00,
39812,ODOO-PARTNER-39812,PAPA LEE'S TEPPANYAKI,success,2,2026-09-10T03:51:23.410900+00:00,
25011,ODOO-PARTNER-25011,PAPA MARKET,success,2,2026-09-10T03:51:23.410900+00:00,
32667,ODOO-PARTNER-32667,PAPA'S DELI,success,2,2026-09-10T03:51:23.410900+00:00,
25013,ODOO-PARTNER-25013,PAPAYA KUTA,success,2,2026-09-10T03:51:23.410900+00:00,
39850,ODOO-PARTNER-39850,PAPAYA RENON,success,2,2026-09-10T03:51:23.410900+00:00,
32669,ODOO-PARTNER-32669,PAPERHILSS,success,2,2026-09-10T03:51:23.410900+00:00,
32671,ODOO-PARTNER-32671,PAPERMOON BAKEHOUSE,success,2,2026-09-10T03:51:23.410900+00:00,
32673,ODOO-PARTNER-32673,PAPI CHULO BEACH FRONT,success,2,2026-09-10T03:51:23.410900+00:00,
25015,ODOO-PARTNER-25015,PAPI MART,success,2,2026-09-10T03:51:23.410900+00:00,
32675,ODOO-PARTNER-32675,PAPI SAPI,success,2,2026-09-10T03:51:23.410900+00:00,
32677,ODOO-PARTNER-32677,PARAGON HOTEL SEMINYAK,success,2,2026-09-10T03:51:23.410900+00:00,
38498,ODOO-PARTNER-38498,PARAMA JAYA NIAGA CV,success,2,2026-09-10T03:51:23.410900+00:00,
32679,ODOO-PARTNER-32679,PARKLIFE BALI,success,2,2026-09-10T03:51:23.410900+00:00,
32681,ODOO-PARTNER-32681,PASSO BY NOOK,success,2,2026-09-10T03:51:23.410900+00:00,
39468,ODOO-PARTNER-39468,PASTA DEALER UMALAS,success,2,2026-09-10T03:51:23.410900+00:00,
32683,ODOO-PARTNER-32683,PASTA DI MARCO,success,2,2026-09-10T03:51:23.410900+00:00,
32685,ODOO-PARTNER-32685,PATIO COFFEE,success,2,2026-09-10T03:51:23.410900+00:00,
32687,ODOO-PARTNER-32687,PATS ALMOND MILK,success,2,2026-09-10T03:51:23.410900+00:00,
32689,ODOO-PARTNER-32689,PAVILION SURF CLUB LEGIAN BEACH,success,2,2026-09-10T03:51:23.410900+00:00,
32691,ODOO-PARTNER-32691,PAWON DIAJENG,success,2,2026-09-10T03:51:23.410900+00:00,
32693,ODOO-PARTNER-32693,PAWON RESTU,success,2,2026-09-10T03:51:23.410900+00:00,
32695,ODOO-PARTNER-32695,PAWONEVAN,success,2,2026-09-10T03:51:23.410900+00:00,
32697,ODOO-PARTNER-32697,PEACHY BALI,success,2,2026-09-10T03:51:23.410900+00:00,
39121,ODOO-PARTNER-39121,PEDRO COFFEE & ROASTERY,success,2,2026-09-10T03:51:23.410900+00:00,
25022,ODOO-PARTNER-25022,PELANGI CV,success,2,2026-09-10T03:51:23.410900+00:00,
25024,ODOO-PARTNER-25024,PELITA MINI MARKET,success,2,2026-09-10T03:51:23.410900+00:00,
25026,ODOO-PARTNER-25026,PEMENANG JAYA BERSAMA UD,success,2,2026-09-10T03:51:23.410900+00:00,
40583,ODOO-PARTNER-40583,PENDAWA GROSIR,success,2,2026-09-10T03:51:23.410900+00:00,
25028,ODOO-PARTNER-25028,PENIDA BOGA,success,2,2026-09-10T03:51:23.410900+00:00,
32699,ODOO-PARTNER-32699,PENIDA PANTRY,success,2,2026-09-10T03:51:23.410900+00:00,
32701,ODOO-PARTNER-32701,PENINSULA BAY RESORT HOTEL,success,2,2026-09-10T03:51:23.410900+00:00,
39937,ODOO-PARTNER-39937,PENINSULA BEACH RESORT,success,2,2026-09-10T03:51:23.410900+00:00,
32703,ODOO-PARTNER-32703,PENNY LANE,success,2,2026-09-10T03:51:23.410900+00:00,
46160,ODOO-PARTNER-46160,PENNY ROOS PT,success,2,2026-09-10T03:51:23.410900+00:00,
32705,ODOO-PARTNER-32705,PEPENERO BALI,success,2,2026-09-10T03:51:23.410900+00:00,
32707,ODOO-PARTNER-32707,PEPITA & SONS BERAWA,success,2,2026-09-10T03:51:23.410900+00:00,
40263,ODOO-PARTNER-40263,PEPITO EXPRESS BALANGAN,success,2,2026-09-10T03:51:23.410900+00:00,
39753,ODOO-PARTNER-39753,PEPITO EXPRESS BENOA,success,2,2026-09-10T03:51:23.410900+00:00,
25031,ODOO-PARTNER-25031,PEPITO EXPRESS GOA GONG,success,2,2026-09-10T03:51:23.410900+00:00,
25032,ODOO-PARTNER-25032,PEPITO EXPRESS KARANG MAS,success,2,2026-09-10T03:51:23.410900+00:00,
25072,ODOO-PARTNER-25072,PEPITO EXPRESS KUTUH,success,2,2026-09-10T03:51:23.410900+00:00,
25033,ODOO-PARTNER-25033,PEPITO EXPRESS PANTAI KUTA,success,2,2026-09-10T03:51:23.410900+00:00,
25034,ODOO-PARTNER-25034,PEPITO EXPRESS PECATU,success,2,2026-09-10T03:51:23.410900+00:00,
25035,ODOO-PARTNER-25035,PEPITO EXPRESS PURI GADING,success,2,2026-09-10T03:51:23.410900+00:00,
25036,ODOO-PARTNER-25036,PEPITO EXPRESS RAMAYANA,success,2,2026-09-10T03:51:23.410900+00:00,
39085,ODOO-PARTNER-39085,PEPITO EXPRESS SAWANGAN,success,2,2026-09-10T03:51:23.410900+00:00,
25039,ODOO-PARTNER-25039,PEPITO EXPRESS SILIGITA,success,2,2026-09-10T03:51:23.410900+00:00,
25040,ODOO-PARTNER-25040,PEPITO EXPRESS TAMAN GRIYA,success,2,2026-09-10T03:51:23.410900+00:00,
25029,ODOO-PARTNER-25029,PEPITO EXPRESS TANJUNG BENOA,success,2,2026-09-10T03:51:23.410900+00:00,
25041,ODOO-PARTNER-25041,PEPITO EXPRESS UDAYANA,success,2,2026-09-10T03:51:23.410900+00:00,
25042,ODOO-PARTNER-25042,PEPITO EXPRESS UMALAS,success,2,2026-09-10T03:51:23.410900+00:00,
25043,ODOO-PARTNER-25043,PEPITO FRESH MARKET LOMBOK KUTA,success,2,2026-09-10T03:51:23.410900+00:00,
25044,ODOO-PARTNER-25044,PEPITO FRESH MARKET LOMBOK MATARAM,success,2,2026-09-10T03:51:23.410900+00:00,
39396,ODOO-PARTNER-39396,PEPITO GOURMET MARKET (SWJ),success,2,2026-09-10T03:51:23.410900+00:00,
25046,ODOO-PARTNER-25046,PEPITO MARKET ANDONG,success,2,2026-09-10T03:51:23.410900+00:00,
39395,ODOO-PARTNER-39395,PEPITO MARKET BUWIT,success,2,2026-09-10T03:51:23.410900+00:00,
25047,ODOO-PARTNER-25047,PEPITO MARKET BUWIT,success,2,2026-09-10T03:51:23.410900+00:00,
39394,ODOO-PARTNER-39394,PEPITO MARKET CANGGU,success,2,2026-09-10T03:51:23.410900+00:00,
25048,ODOO-PARTNER-25048,PEPITO MARKET CANGGU,success,2,2026-09-10T03:51:23.410900+00:00,
25049,ODOO-PARTNER-25049,PEPITO MARKET DALUNG,success,2,2026-09-10T03:51:23.410900+00:00,
25030,ODOO-PARTNER-25030,PEPITO MARKET DEWI SRI,success,2,2026-09-10T03:51:23.410900+00:00,
39393,ODOO-PARTNER-39393,PEPITO MARKET ECHO BEACH,success,2,2026-09-10T03:51:23.410900+00:00,
25050,ODOO-PARTNER-25050,PEPITO MARKET ECHO BEACH,success,2,2026-09-10T03:51:23.410900+00:00,
25071,ODOO-PARTNER-25071,PEPITO MARKET GATOT SUBROTO,success,2,2026-09-10T03:51:23.410900+00:00,
25057,ODOO-PARTNER-25057,PEPITO MARKET GUNUNG SANGHYANG,success,2,2026-09-10T03:51:23.410900+00:00,
25066,ODOO-PARTNER-25066,PEPITO MARKET HAYAM WURUK,success,2,2026-09-10T03:51:23.410900+00:00,
25051,ODOO-PARTNER-25051,PEPITO MARKET KAPAL,success,2,2026-09-10T03:51:23.410900+00:00,
39160,ODOO-PARTNER-39160,PEPITO MARKET KEDEWATAN,success,2,2026-09-10T03:51:23.410900+00:00,
25052,ODOO-PARTNER-25052,PEPITO MARKET LOVINA,success,2,2026-09-10T03:51:23.410900+00:00,
39380,ODOO-PARTNER-39380,PEPITO MARKET NUSA DUA,success,2,2026-09-10T03:51:23.410900+00:00,
25053,ODOO-PARTNER-25053,PEPITO MARKET NUSA DUA,success,2,2026-09-10T03:51:23.410900+00:00,
39379,ODOO-PARTNER-39379,PEPITO MARKET PELIATAN,success,2,2026-09-10T03:51:23.410900+00:00,
25054,ODOO-PARTNER-25054,PEPITO MARKET PELIATAN,success,2,2026-09-10T03:51:23.410900+00:00,
39837,ODOO-PARTNER-39837,PEPITO MARKET PERERENAN,success,2,2026-09-10T03:51:23.410900+00:00,
25055,ODOO-PARTNER-25055,PEPITO MARKET PERERENAN,success,2,2026-09-10T03:51:23.410900+00:00,
25056,ODOO-PARTNER-25056,PEPITO MARKET PETITENGET,success,2,2026-09-10T03:51:23.410900+00:00,
40476,ODOO-PARTNER-40476,PEPITO MARKET SEMER,success,2,2026-09-10T03:51:23.410900+00:00,
25058,ODOO-PARTNER-25058,PEPITO MARKET SEMER,success,2,2026-09-10T03:51:23.410900+00:00,
39406,ODOO-PARTNER-39406,PEPITO MARKET SEMINYAK,success,2,2026-09-10T03:51:23.410900+00:00,
25038,ODOO-PARTNER-25038,PEPITO MARKET SEMINYAK,success,2,2026-09-10T03:51:23.410900+00:00,
25059,ODOO-PARTNER-25059,PEPITO MARKET SESETAN,success,2,2026-09-10T03:51:23.410900+00:00,
40794,ODOO-PARTNER-40794,PEPITO MARKET SINGARAJA,success,2,2026-09-10T03:51:23.410900+00:00,
25060,ODOO-PARTNER-25060,PEPITO MARKET TABANAN,success,2,2026-09-10T03:51:23.410900+00:00,
39382,ODOO-PARTNER-39382,PEPITO MARKET TEBONGKANG SINGAKARTA,success,2,2026-09-10T03:51:23.410900+00:00,
25061,ODOO-PARTNER-25061,PEPITO MARKET TEBONGKANG SINGAKARTA,success,2,2026-09-10T03:51:23.410900+00:00,
39308,ODOO-PARTNER-39308,PEPITO MARKET TIBUBENENG,success,2,2026-09-10T03:51:23.410900+00:00,
39148,ODOO-PARTNER-39148,PEPITO MARKET TIBUBENENG,success,2,2026-09-10T03:51:23.410900+00:00,
39408,ODOO-PARTNER-39408,PEPITO MARKET ULUWATU,success,2,2026-09-10T03:51:23.410900+00:00,
25063,ODOO-PARTNER-25063,PEPITO MARKET ULUWATU,success,2,2026-09-10T03:51:23.410900+00:00,
39434,ODOO-PARTNER-39434,PEPITO MARKET UNGASAN,success,2,2026-09-10T03:51:23.410900+00:00,
25062,ODOO-PARTNER-25062,PEPITO SUPERMARKET,success,2,2026-09-10T03:51:23.410900+00:00,
32711,ODOO-PARTNER-32711,PEPPER LUNCH LIVINGWORLD,success,2,2026-09-10T03:51:23.410900+00:00,
32713,ODOO-PARTNER-32713,PEPPERS SEMINYAK,success,2,2026-09-10T03:51:23.410900+00:00,
32715,ODOO-PARTNER-32715,PETRIKORA,success,2,2026-09-10T03:51:23.410900+00:00,
40310,ODOO-PARTNER-40310,PEYIA,success,2,2026-09-10T03:51:23.410900+00:00,
39136,ODOO-PARTNER-39136,PHINISI CRUISE,success,2,2026-09-10T03:51:23.410900+00:00,
32717,ODOO-PARTNER-32717,PHO HOUSE BALI,success,3,2026-09-10T03:51:23.410900+00:00,
32719,ODOO-PARTNER-32719,PHO MO BERAWA,success,3,2026-09-10T03:51:23.410900+00:00,
32721,ODOO-PARTNER-32721,PHO TIN JIMBARAN,success,3,2026-09-10T03:51:23.410900+00:00,
32723,ODOO-PARTNER-32723,PHOLICIOUS,success,3,2026-09-10T03:51:23.410900+00:00,
40530,ODOO-PARTNER-40530,PIMS,success,3,2026-09-10T03:51:23.410900+00:00,
32725,ODOO-PARTNER-32725,PINKCOCO ULUWATU,success,3,2026-09-10T03:51:23.410900+00:00,
32727,ODOO-PARTNER-32727,PISON COFFEE,success,3,2026-09-10T03:51:23.410900+00:00,
32729,ODOO-PARTNER-32729,PIZZA BAGUS,success,3,2026-09-10T03:51:23.410900+00:00,
25069,ODOO-PARTNER-25069,PLAN B,success,3,2026-09-10T03:51:23.410900+00:00,
32731,ODOO-PARTNER-32731,PLANT BISTRO,success,3,2026-09-10T03:51:23.410900+00:00,
32733,ODOO-PARTNER-32733,PLATINUM HOTEL,success,3,2026-09-10T03:51:23.410900+00:00,
46761,ODOO-PARTNER-46761,PLAY LAB,success,3,2026-09-10T03:51:23.410900+00:00,
32735,ODOO-PARTNER-32735,PLAYGROUNDS ( THAI PANTRY),success,3,2026-09-10T03:51:23.410900+00:00,
32737,ODOO-PARTNER-32737,PLAYROOM CANGGU,success,3,2026-09-10T03:51:23.410900+00:00,
32739,ODOO-PARTNER-32739,POINT PLUS PENIDA BAR & RESTO,success,3,2026-09-10T03:51:23.410900+00:00,
32741,ODOO-PARTNER-32741,PONDA-C COFFEE,success,3,2026-09-10T03:51:23.410900+00:00,
32743,ODOO-PARTNER-32743,PONDOK SARI,success,3,2026-09-10T03:51:23.410900+00:00,
39381,ODOO-PARTNER-39381,POPULAR DELI CANGGU,success,3,2026-09-10T03:51:23.410900+00:00,
25065,ODOO-PARTNER-25065,POPULAR DELI CANGGU,success,3,2026-09-10T03:51:23.410900+00:00,
25070,ODOO-PARTNER-25070,POPULAR EXPRESS BERAWA,success,3,2026-09-10T03:51:23.410900+00:00,
25037,ODOO-PARTNER-25037,POPULAR EXPRESS SANUR,success,3,2026-09-10T03:51:23.410900+00:00,
25067,ODOO-PARTNER-25067,POPULAR MARKET SANUR INTARAN,success,3,2026-09-10T03:51:23.410900+00:00,
32745,ODOO-PARTNER-32745,PORTOFINO UBUD,success,3,2026-09-10T03:51:23.410900+00:00,
32747,ODOO-PARTNER-32747,POTATO HEAD,success,3,2026-09-10T03:51:23.410900+00:00,
40253,ODOO-PARTNER-40253,PREMARASA,success,3,2026-09-10T03:51:23.410900+00:00,
32749,ODOO-PARTNER-32749,PRIME PLAZA HOTEL,success,3,2026-09-10T03:51:23.410900+00:00,
32751,ODOO-PARTNER-32751,PRIMEBIZ HOTEL,success,3,2026-09-10T03:51:23.410900+00:00,
32753,ODOO-PARTNER-32753,PRINCE COFFEE & KITCHEN LEGIAN,success,3,2026-09-10T03:51:23.410900+00:00,
44863,ODOO-PARTNER-44863,PRINCE COFFEE KEROBOKAN,success,3,2026-09-10T03:51:23.410900+00:00,
32755,ODOO-PARTNER-32755,PRIOR CAFE,success,3,2026-09-10T03:51:23.410900+00:00,
32757,ODOO-PARTNER-32757,PRIORITY CAFE,success,3,2026-09-10T03:51:23.410900+00:00,
39344,ODOO-PARTNER-39344,PRODUCTION HOUSE,success,3,2026-09-10T03:51:23.410900+00:00,
32759,ODOO-PARTNER-32759,PROJECTS RESTAURANT,success,3,2026-09-10T03:51:23.410900+00:00,
38545,ODOO-PARTNER-38545,PT MITRA MULIA BOGA NUSANTARA,success,3,2026-09-10T03:51:23.410900+00:00,
39840,ODOO-PARTNER-39840,PT SENTRAL RETAILINDO DEWATA - DC. 001,success,3,2026-09-10T03:51:23.410900+00:00,
24224,ODOO-PARTNER-24224,PT SENTRAL RETAILINDO DEWATA - DC. 001,success,3,2026-09-10T03:51:23.410900+00:00,
32761,ODOO-PARTNER-32761,PUCO ROOFTOP & CO-WORKING SPACE & EATERY,success,3,2026-09-10T03:51:23.410900+00:00,
32763,ODOO-PARTNER-32763,PUKU,success,3,2026-09-10T03:51:23.410900+00:00,
32765,ODOO-PARTNER-32765,PULLMAN HOTEL,success,3,2026-09-10T03:51:23.410900+00:00,
40115,ODOO-PARTNER-40115,PURE PIZZA KETEWEL,success,3,2026-09-10T03:51:23.410900+00:00,
40114,ODOO-PARTNER-40114,PURE PIZZA SANUR,success,3,2026-09-10T03:51:23.410900+00:00,
44218,ODOO-PARTNER-44218,PURI BALI (AGUNG BALI OLEH-OLEH),success,3,2026-09-10T03:51:23.410900+00:00,
40957,ODOO-PARTNER-40957,PURI BOGA MART,success,3,2026-09-10T03:51:23.410900+00:00,
39970,ODOO-PARTNER-39970,PURI DAJUMA TERRACE ECO LODGE & SPA,success,3,2026-09-10T03:51:23.410900+00:00,
40314,ODOO-PARTNER-40314,PURI KAWAN MINI MARKET,success,3,2026-09-10T03:51:23.410900+00:00,
32767,ODOO-PARTNER-32767,PURI NUSA DUA / VOUK HOTEL,success,3,2026-09-10T03:51:23.410900+00:00,
32769,ODOO-PARTNER-32769,PURI SANTRIAN,success,3,2026-09-10T03:51:23.410900+00:00,
45863,ODOO-PARTNER-45863,PURI SOSIS PATTIMURA,success,3,2026-09-10T03:51:23.410900+00:00,
39792,ODOO-PARTNER-39792,PURO COFFEE UBUD,success,3,2026-09-10T03:51:23.410900+00:00,
25074,ODOO-PARTNER-25074,PUTRA MART,success,3,2026-09-10T03:51:23.410900+00:00,
25076,ODOO-PARTNER-25076,PUTRI DEWATA,success,3,2026-09-10T03:51:23.410900+00:00,
25078,ODOO-PARTNER-25078,PUTRI FRESH ORGANIC,success,3,2026-09-10T03:51:23.410900+00:00,
40533,ODOO-PARTNER-40533,PUTRI MAS GROSIR,success,3,2026-09-10T03:51:23.410900+00:00,
40335,ODOO-PARTNER-40335,PUTRI PAYANGAN GROSIR ,success,3,2026-09-10T03:51:23.410900+00:00,
25080,ODOO-PARTNER-25080,Q MART QITA,success,3,2026-09-10T03:51:23.410900+00:00,
39845,ODOO-PARTNER-39845,QUDO ULUWATU,success,3,2026-09-10T03:51:23.410900+00:00,
32771,ODOO-PARTNER-32771,R COFFEE SESEH,success,3,2026-09-10T03:51:23.410900+00:00,
40449,ODOO-PARTNER-40449,R.S MURNI TEGUH,success,3,2026-09-10T03:51:23.410900+00:00,
40592,ODOO-PARTNER-40592,R9-MPR-BALI-SOFIANI,success,3,2026-09-10T03:51:23.410900+00:00,
25082,ODOO-PARTNER-25082,RABBANI HOME STORE,success,3,2026-09-10T03:51:23.410900+00:00,
32773,ODOO-PARTNER-32773,RADISSON BLU BALI ULUWATU,success,3,2026-09-10T03:51:23.410900+00:00,
40293,ODOO-PARTNER-40293,RADITYA KONVEKSI,success,3,2026-09-10T03:51:23.410900+00:00,
40190,ODOO-PARTNER-40190,RADJA SEAFOOD CAFE,success,3,2026-09-10T03:51:23.410900+00:00,
32775,ODOO-PARTNER-32775,RAFFLES BALI,success,3,2026-09-10T03:51:23.410900+00:00,
39947,ODOO-PARTNER-39947,RAHAYU  SWALAYAN,success,3,2026-09-10T03:51:23.410900+00:00,
25084,ODOO-PARTNER-25084,RAHAYU GROSIR,success,3,2026-09-10T03:51:23.410900+00:00,
32777,ODOO-PARTNER-32777,RAHAYU INDO PERKASA PT,success,3,2026-09-10T03:51:23.410900+00:00,
39154,ODOO-PARTNER-39154,RAHAYU KABA KABA,success,3,2026-09-10T03:51:23.410900+00:00,
25086,ODOO-PARTNER-25086,RAMA MERTA UD,success,3,2026-09-10T03:51:23.410900+00:00,
39991,ODOO-PARTNER-39991,RAMAYANA SUITES & RESORT,success,3,2026-09-10T03:51:23.410900+00:00,
32779,ODOO-PARTNER-32779,RAMEN NISHIKI,success,3,2026-09-10T03:51:23.410900+00:00,
39773,ODOO-PARTNER-39773,RAVA COFFEE & EATERY,success,3,2026-09-10T03:51:23.410900+00:00,
42749,ODOO-PARTNER-42749,RAYA SWARI FROZEN,success,3,2026-09-10T03:51:23.410900+00:00,
43873,ODOO-PARTNER-43873,RAYJIN CENTRAL KITCHEN KUTA,success,3,2026-09-10T03:51:23.410900+00:00,
32783,ODOO-PARTNER-32783,RAYJIN TEPPANYAKI,success,3,2026-09-10T03:51:23.410900+00:00,
32785,ODOO-PARTNER-32785,RAYJIN UBUD,success,3,2026-09-10T03:51:23.410900+00:00,
32787,ODOO-PARTNER-32787,RED CARPET,success,3,2026-09-10T03:51:23.410900+00:00,
32789,ODOO-PARTNER-32789,RED GUN POWDER RESTAURANT,success,3,2026-09-10T03:51:23.410900+00:00,
32791,ODOO-PARTNER-32791,REHAT CAFE,success,3,2026-09-10T03:51:23.410900+00:00,
32793,ODOO-PARTNER-32793,REINA JUNGLA UBUD,success,3,2026-09-10T03:51:23.410900+00:00,
44693,ODOO-PARTNER-44693,RELOAD SANCTUARY,success,3,2026-09-10T03:51:23.410900+00:00,
32797,ODOO-PARTNER-32797,REMIX JUICE,success,3,2026-09-10T03:51:23.410900+00:00,
32799,ODOO-PARTNER-32799,RENAISSANCE BALI ULUWATU,success,3,2026-09-10T03:51:23.410900+00:00,
32801,ODOO-PARTNER-32801,RENAISSANCE NUSA DUA,success,3,2026-09-10T03:51:23.410900+00:00,
44692,ODOO-PARTNER-44692,RENON HUB BY NEMU EATERY,success,3,2026-09-10T03:51:23.410900+00:00,
46805,ODOO-PARTNER-46805,RESELLER SINGARAJA,success,3,2026-09-10T03:51:23.410900+00:00,
32803,ODOO-PARTNER-32803,RESTO TA MAN PETITENGET,success,3,2026-09-10T03:51:23.410900+00:00,
25088,ODOO-PARTNER-25088,RESTU ILAHI UD (IBU YOSHI),success,3,2026-09-10T03:51:23.410900+00:00,
39870,ODOO-PARTNER-39870,RETAIL USAHA BERSINAR CV,success,3,2026-09-10T03:51:23.410900+00:00,
41838,ODOO-PARTNER-41838,RETRO RINSE,success,3,2026-09-10T03:51:23.410900+00:00,
32805,ODOO-PARTNER-32805,REVOLVER,success,3,2026-09-10T03:51:23.410900+00:00,
32807,ODOO-PARTNER-32807,REVOLVER CANGGU,success,3,2026-09-10T03:51:23.410900+00:00,
42776,ODOO-PARTNER-42776,REVOLVER UMALAS ,success,3,2026-09-10T03:51:23.410900+00:00,
1541,ODOO-PARTNER-1541,RIBU RASA NUSANTARA PT,success,3,2026-09-10T03:51:23.410900+00:00,
32809,ODOO-PARTNER-32809,RICE PADDY CAFE,success,3,2026-09-10T03:51:23.410900+00:00,
32811,ODOO-PARTNER-32811,RICE REPUBLIC,success,3,2026-09-10T03:51:23.410900+00:00,
39436,ODOO-PARTNER-39436,RICE REPUBLIC UMALAS,success,3,2026-09-10T03:51:23.410900+00:00,
25090,ODOO-PARTNER-25090,RIKA TOBAKU,success,3,2026-09-10T03:51:23.410900+00:00,
32813,ODOO-PARTNER-32813,RIMA COFFEE & EATERY,success,3,2026-09-10T03:51:23.410900+00:00,
32815,ODOO-PARTNER-32815,RIMBA JIMBARAN BALI BY AYANA,success,3,2026-09-10T03:51:23.410900+00:00,
25092,ODOO-PARTNER-25092,RIOS MART,success,3,2026-09-10T03:51:23.410900+00:00,
40400,ODOO-PARTNER-40400,RIPTIDE COFFEE,success,3,2026-09-10T03:51:23.410900+00:00,
32817,ODOO-PARTNER-32817,RISATA BALI RESORT & SPA,success,3,2026-09-10T03:51:23.410900+00:00,
32819,ODOO-PARTNER-32819,RITUAL KOPI,success,3,2026-09-10T03:51:23.410900+00:00,
32821,ODOO-PARTNER-32821,RITZ CARLTON NUSA DUA,success,3,2026-09-10T03:51:23.410900+00:00,
32823,ODOO-PARTNER-32823,RIVIERA SANUR,success,3,2026-09-10T03:51:23.410900+00:00,
32825,ODOO-PARTNER-32825,ROCKLILLY WARUNG FUSION EATERY,success,3,2026-09-10T03:51:23.410900+00:00,
32827,ODOO-PARTNER-32827,ROJIMA COFFEE,success,3,2026-09-10T03:51:23.410900+00:00,
32829,ODOO-PARTNER-32829,ROPANA CAFE,success,3,2026-09-10T03:51:23.410900+00:00,
40591,ODOO-PARTNER-40591,ROSARI,success,3,2026-09-10T03:51:23.410900+00:00,
32831,ODOO-PARTNER-32831,ROTI MIE CANGGU,success,3,2026-09-10T03:51:23.410900+00:00,
32833,ODOO-PARTNER-32833,ROXY RESTAURANT & BAR,success,3,2026-09-10T03:51:23.410900+00:00,
25094,ODOO-PARTNER-25094,ROYAL GALAXY CV,success,3,2026-09-10T03:51:23.410900+00:00,
32835,ODOO-PARTNER-32835,ROYAL KAMUELA UBUD,success,3,2026-09-10T03:51:23.410900+00:00,
31595,ODOO-PARTNER-31595,RUBAH TAMBAH BAIK PT (BROWNFOX WAFFLE & COFFEE),success,3,2026-09-10T03:51:23.410900+00:00,
1523,ODOO-PARTNER-1523,RUBIYAT INDONESIA PT,success,3,2026-09-10T03:51:23.410900+00:00,
32837,ODOO-PARTNER-32837,RUMAH ROTI BALI,success,3,2026-09-10T03:51:23.410900+00:00,
42977,ODOO-PARTNER-42977,RUMAH SOSIS MESARI PAYANGAN,success,3,2026-09-10T03:51:23.410900+00:00,
42842,ODOO-PARTNER-42842,RUMAH SOSIS SINGAPADU,success,3,2026-09-10T03:51:23.410900+00:00,
45657,ODOO-PARTNER-45657,RUNWAY CAFE & EATERY,success,3,2026-09-10T03:51:23.410900+00:00,
32839,ODOO-PARTNER-32839,RUNWAYS HOUSE AND CAFE,success,3,2026-09-10T03:51:23.410900+00:00,
45037,ODOO-PARTNER-45037,RUPA ULUWATU,success,3,2026-09-10T03:51:23.410900+00:00,
32841,ODOO-PARTNER-32841,RUSA BY THE LAKE,success,3,2026-09-10T03:51:23.410900+00:00,
32843,ODOO-PARTNER-32843,RUSTERS COFFEE,success,3,2026-09-10T03:51:23.410900+00:00,
25096,ODOO-PARTNER-25096,RYO MART,success,3,2026-09-10T03:51:23.410900+00:00,
40344,ODOO-PARTNER-40344,SACRA STUJA UBUD,success,3,2026-09-10T03:51:23.410900+00:00,
32845,ODOO-PARTNER-32845,SAFE KITCHEN,success,3,2026-09-10T03:51:23.410900+00:00,
25098,ODOO-PARTNER-25098,SAHABAT MM,success,3,2026-09-10T03:51:23.410900+00:00,
32847,ODOO-PARTNER-32847,SAHASA COFFEE AND EATERY,success,3,2026-09-10T03:51:23.410900+00:00,
32849,ODOO-PARTNER-32849,SAIBORA CAFE & BAR,success,3,2026-09-10T03:51:23.410900+00:00,
40017,ODOO-PARTNER-40017,SAIGON DELIGHT,success,3,2026-09-10T03:51:23.410900+00:00,
32851,ODOO-PARTNER-32851,SAKALA RESORT&BEACH CLUB,success,3,2026-09-10T03:51:23.410900+00:00,
32853,ODOO-PARTNER-32853,SAKARA KOPI,success,3,2026-09-10T03:51:23.410900+00:00,
25100,ODOO-PARTNER-25100,SAKHA MINIMARKET,success,3,2026-09-10T03:51:23.410900+00:00,
46928,ODOO-PARTNER-46928,SAKKA BURGER BAR PERERENAN,success,3,2026-09-10T03:51:23.410900+00:00,
39484,ODOO-PARTNER-39484,SAKKA BURGER KEROBOKAN,success,3,2026-09-10T03:51:23.410900+00:00,
32855,ODOO-PARTNER-32855,SALAD LAB,success,3,2026-09-10T03:51:23.410900+00:00,
32857,ODOO-PARTNER-32857,SALTLICK,success,3,2026-09-10T03:51:23.410900+00:00,
32859,ODOO-PARTNER-32859,SAMABE,success,3,2026-09-10T03:51:23.410900+00:00,
32861,ODOO-PARTNER-32861,SAMAJA BEACHSIDE VILLA,success,3,2026-09-10T03:51:23.410900+00:00,
32863,ODOO-PARTNER-32863,SAMPATTI VILLAS,success,3,2026-09-10T03:51:23.410900+00:00,
39215,ODOO-PARTNER-39215,SAMPLE,success,3,2026-09-10T03:51:23.410900+00:00,
39462,ODOO-PARTNER-39462,SAMPLE DIGITAL MARKETING,success,3,2026-09-10T03:51:23.410900+00:00,
39214,ODOO-PARTNER-39214,SAMPLE FS,success,3,2026-09-10T03:51:23.410900+00:00,
39461,ODOO-PARTNER-39461,SAMPLE GT,success,3,2026-09-10T03:51:23.410900+00:00,
39460,ODOO-PARTNER-39460,SAMPLE MT,success,3,2026-09-10T03:51:23.410900+00:00,
39660,ODOO-PARTNER-39660,SAMPLE RESEARCH & DEVELOPMENT,success,3,2026-09-10T03:51:23.410900+00:00,
39410,ODOO-PARTNER-39410,SAMYAMA EATERY,success,3,2026-09-10T03:51:23.410900+00:00,
43087,ODOO-PARTNER-43087,SAND BAR,success,3,2026-09-10T03:51:23.410900+00:00,
32865,ODOO-PARTNER-32865,SAND BEACH BAR & RESTAURANT,success,3,2026-09-10T03:51:23.410900+00:00,
25104,ODOO-PARTNER-25104,SANDAT MART,success,3,2026-09-10T03:51:23.410900+00:00,
40210,ODOO-PARTNER-40210,SANDI WIJAYA,success,3,2026-09-10T03:51:23.410900+00:00,
32867,ODOO-PARTNER-32867,SANDWICHOPEDIA,success,3,2026-09-10T03:51:23.410900+00:00,
39835,ODOO-PARTNER-39835,SANDWICHOPEDIA EXPRESS UMALAS,success,3,2026-09-10T03:51:23.410900+00:00,
32869,ODOO-PARTNER-32869,SANGAM BALI,success,3,2026-09-10T03:51:23.410900+00:00,
39579,ODOO-PARTNER-39579,SANITAS,success,3,2026-09-10T03:51:23.410900+00:00,
32871,ODOO-PARTNER-32871,SANTANA,success,3,2026-09-10T03:51:23.410900+00:00,
32873,ODOO-PARTNER-32873,SANTIKA SILIGITA NUSA DUA,success,3,2026-09-10T03:51:23.410900+00:00,
32875,ODOO-PARTNER-32875,SANTIKA SUNSET ROAD,success,3,2026-09-10T03:51:23.410900+00:00,
32877,ODOO-PARTNER-32877,SANUR PARADISE,success,3,2026-09-10T03:51:23.410900+00:00,
32879,ODOO-PARTNER-32879,SANUR RESORT WATU JIMBAR,success,3,2026-09-10T03:51:23.410900+00:00,
32881,ODOO-PARTNER-32881,SAPA SEAFOOD & GRILL (CV ADI NUGRAHA),success,3,2026-09-10T03:51:23.410900+00:00,
39413,ODOO-PARTNER-39413,SAPHALA BALI,success,3,2026-09-10T03:51:23.410900+00:00,
45864,ODOO-PARTNER-45864,SARDINE BY K CLUB,success,3,2026-09-10T03:51:23.410900+00:00,
39365,ODOO-PARTNER-39365,SARI AGUNG II,success,3,2026-09-10T03:51:23.410900+00:00,
25106,ODOO-PARTNER-25106,SARI DEWATA,success,3,2026-09-10T03:51:23.410900+00:00,
39415,ODOO-PARTNER-39415,SARI LIMO SEJAHTERA,success,3,2026-09-10T03:51:23.410900+00:00,
25108,ODOO-PARTNER-25108,SARI MART WERKUDARA,success,3,2026-09-10T03:51:23.410900+00:00,
39487,ODOO-PARTNER-39487,SARI NADI MART,success,3,2026-09-10T03:51:23.410900+00:00,
32883,ODOO-PARTNER-32883,SARI NUSA,success,3,2026-09-10T03:51:23.410900+00:00,
40511,ODOO-PARTNER-40511,SARI PUJA,success,3,2026-09-10T03:51:23.410900+00:00,
25110,ODOO-PARTNER-25110,SARI PUTRA UD,success,3,2026-09-10T03:51:23.410900+00:00,
25112,ODOO-PARTNER-25112,SAS MART,success,3,2026-09-10T03:51:23.410900+00:00,
32885,ODOO-PARTNER-32885,SATOSHI RESTAURANT,success,3,2026-09-10T03:51:23.410900+00:00,
39264,ODOO-PARTNER-39264,SATRIA ESOLAS,success,3,2026-09-10T03:51:23.410900+00:00,
32887,ODOO-PARTNER-32887,SATRIA PANGAN SEJATI PT,success,3,2026-09-10T03:51:23.410900+00:00,
32889,ODOO-PARTNER-32889,SATU ULUWATU,success,3,2026-09-10T03:51:23.410900+00:00,
25114,ODOO-PARTNER-25114,SATVIKA BHOGA,success,3,2026-09-10T03:51:23.410900+00:00,
39383,ODOO-PARTNER-39383,SATVIKA BHOGA UBUD,success,3,2026-09-10T03:51:23.410900+00:00,
32891,ODOO-PARTNER-32891,SAVANA ICE CREAM,success,3,2026-09-10T03:51:23.410900+00:00,
32893,ODOO-PARTNER-32893,SAVARI BAR AND RESTAURANT,success,3,2026-09-10T03:51:23.410900+00:00,
40016,ODOO-PARTNER-40016,SAVOR PERERENAN,success,3,2026-09-10T03:51:23.410900+00:00,
39878,ODOO-PARTNER-39878,SAVORY CUTS,success,3,2026-09-10T03:51:23.410900+00:00,
32897,ODOO-PARTNER-32897,SAYULITA TACOS & TEQUILA BAR,success,3,2026-09-10T03:51:23.410900+00:00,
39302,ODOO-PARTNER-39302,SAYUR MAYUR TABANAN,success,3,2026-09-10T03:51:23.410900+00:00,
25116,ODOO-PARTNER-25116,SAYUR MAYUR UD,success,3,2026-09-10T03:51:23.410900+00:00,
32899,ODOO-PARTNER-32899,SAYURI RESTAURANT,success,3,2026-09-10T03:51:23.410900+00:00,
39725,ODOO-PARTNER-39725,SB MINI MART,success,3,2026-09-10T03:51:23.410900+00:00,
32901,ODOO-PARTNER-32901,SCONES BALI,success,3,2026-09-10T03:51:23.410900+00:00,
25118,ODOO-PARTNER-25118,SE BELITUNG,success,3,2026-09-10T03:51:23.410900+00:00,
40260,ODOO-PARTNER-40260,SE MAHENDRADATA DC,success,3,2026-09-10T03:51:23.410900+00:00,
25119,ODOO-PARTNER-25119,SE NKC BUNGIN,success,3,2026-09-10T03:51:23.410900+00:00,
25120,ODOO-PARTNER-25120,SE NKC DC,success,3,2026-09-10T03:51:23.410900+00:00,
25121,ODOO-PARTNER-25121,SE NKC GATSU,success,3,2026-09-10T03:51:23.410900+00:00,
25122,ODOO-PARTNER-25122,SE NKC GUNUNG SANGHYANG,success,3,2026-09-10T03:51:23.410900+00:00,
25123,ODOO-PARTNER-25123,SE NKC NUSA DUA / UNCLE JOO,success,3,2026-09-10T03:51:23.410900+00:00,
32903,ODOO-PARTNER-32903,SEA CIRCUS,success,3,2026-09-10T03:51:23.410900+00:00,
32905,ODOO-PARTNER-32905,SEA GRASS RESTO,success,3,2026-09-10T03:51:23.410900+00:00,
39946,ODOO-PARTNER-39946,SEA HOUSE BAR & RESTAURANT,success,3,2026-09-10T03:51:23.410900+00:00,
32907,ODOO-PARTNER-32907,SECOND FLOOR,success,3,2026-09-10T03:51:23.410900+00:00,
32909,ODOO-PARTNER-32909,SECTION 9 CAFE,success,3,2026-09-10T03:51:23.410900+00:00,
40148,ODOO-PARTNER-40148,SECTION 9 SANUR,success,3,2026-09-10T03:51:23.410900+00:00,
25125,ODOO-PARTNER-25125,SEDANA LUWIH MARGA,success,3,2026-09-10T03:51:23.410900+00:00,
32911,ODOO-PARTNER-32911,SEDAYA RESTAURANT,success,3,2026-09-10T03:51:23.410900+00:00,
32913,ODOO-PARTNER-32913,SEED EATERY UBUD,success,3,2026-09-10T03:51:23.410900+00:00,
39987,ODOO-PARTNER-39987,SEED RESORT,success,3,2026-09-10T03:51:23.410900+00:00,
32915,ODOO-PARTNER-32915,SEED RESTAURANT,success,3,2026-09-10T03:51:23.410900+00:00,
32917,ODOO-PARTNER-32917,SEGARA VILLAGE HOTEL,success,3,2026-09-10T03:51:23.410900+00:00,
25127,ODOO-PARTNER-25127,SEJAHTERA ABADI UD,success,3,2026-09-10T03:51:23.410900+00:00,
25129,ODOO-PARTNER-25129,SEJAHTERA BAROKAH CV,success,3,2026-09-10T03:51:23.410900+00:00,
39857,ODOO-PARTNER-39857,SEJAHTERA MM,success,3,2026-09-10T03:51:23.410900+00:00,
32611,ODOO-PARTNER-32611,SEKOPI RENON,success,3,2026-09-10T03:51:23.410900+00:00,
32919,ODOO-PARTNER-32919,SEKOPI.BYPASS,success,3,2026-09-10T03:51:23.410900+00:00,
25131,ODOO-PARTNER-25131,SELECTA MM PIDADA,success,3,2026-09-10T03:51:23.410900+00:00,
25133,ODOO-PARTNER-25133,SELECTA MM TUNJUNG SARI,success,3,2026-09-10T03:51:23.410900+00:00,
40271,ODOO-PARTNER-40271,SEMATA COFFEE & EATERY,success,3,2026-09-10T03:51:23.410900+00:00,
40264,ODOO-PARTNER-40264,SEMAYA BEACH RESORT,success,3,2026-09-10T03:51:23.410900+00:00,
32921,ODOO-PARTNER-32921,SEMBOJA COFFEE & EATERY,success,3,2026-09-10T03:51:23.410900+00:00,
32923,ODOO-PARTNER-32923,SEMU BY SAKKA,success,3,2026-09-10T03:51:23.410900+00:00,
32925,ODOO-PARTNER-32925,SENIMAN COFFEE UBUD,success,3,2026-09-10T03:51:23.410900+00:00,
32927,ODOO-PARTNER-32927,SENJA BY KEMBALI,success,3,2026-09-10T03:51:23.410900+00:00,
32929,ODOO-PARTNER-32929,SENSA KOFFIE,success,3,2026-09-10T03:51:23.410900+00:00,
32931,ODOO-PARTNER-32931,SENSORIUM BALI,success,3,2026-09-10T03:51:23.410900+00:00,
32933,ODOO-PARTNER-32933,SENTOSA CEMERLANG NIAGA ABADI PT,success,3,2026-09-10T03:51:23.410900+00:00,
40402,ODOO-PARTNER-40402,FUME TABANAN,success,3,2026-09-10T03:51:23.410900+00:00,
25135,ODOO-PARTNER-25135,SENTOSA INDO MULYA,success,3,2026-09-10T03:51:23.410900+00:00,
39689,ODOO-PARTNER-39689,SENTOSA PANGAN GROSIR,success,3,2026-09-10T03:51:23.410900+00:00,
39307,ODOO-PARTNER-39307,SENTRAL RETAILINDO DEWATA PT,success,3,2026-09-10T03:51:23.410900+00:00,
38473,ODOO-PARTNER-38473,SENTRAL RETAILINDO DEWATA PT,success,3,2026-09-10T03:51:23.410900+00:00,
32935,ODOO-PARTNER-32935,SEOUL BBQ,success,3,2026-09-10T03:51:23.410900+00:00,
32937,ODOO-PARTNER-32937,SEOUL GALBY KOREAN,success,3,2026-09-10T03:51:23.410900+00:00,
32939,ODOO-PARTNER-32939,SEOUL SOUL PROJECT,success,3,2026-09-10T03:51:23.410900+00:00,
40081,ODOO-PARTNER-40081,SERBA CURAH,success,3,2026-09-10T03:51:23.410900+00:00,
39153,ODOO-PARTNER-39153,SESEH MARKET,success,3,2026-09-10T03:51:23.410900+00:00,
25137,ODOO-PARTNER-25137,SETIA PERDANA PT,success,3,2026-09-10T03:51:23.410900+00:00,
44119,ODOO-PARTNER-44119,SEWA MOBIL,success,3,2026-09-10T03:51:23.410900+00:00,
32940,ODOO-PARTNER-32940,SHABURI KINTAN BALI,success,3,2026-09-10T03:51:23.410900+00:00,
40831,ODOO-PARTNER-40831,SHABURI KINTAN TRANS STUDIO MALL,success,3,2026-09-10T03:51:23.410900+00:00,
32942,ODOO-PARTNER-32942,SHADY SHACK,success,3,2026-09-10T03:51:23.410900+00:00,
38541,ODOO-PARTNER-38541,SHAN RESTORAN BALI PT,success,3,2026-09-10T03:51:23.410900+00:00,
32944,ODOO-PARTNER-32944,SHANKARA RESTO (ARLON HOTEL),success,3,2026-09-10T03:51:23.410900+00:00,
39927,ODOO-PARTNER-39927,SHAWARMA BEIRUT BALI,success,3,2026-09-10T03:51:23.410900+00:00,
41757,ODOO-PARTNER-41757,SHAWARMA BEIRUT SEMINYAK ,success,3,2026-09-10T03:51:23.410900+00:00,
32946,ODOO-PARTNER-32946,SHEEPY'S BAR & RESTAURANT,success,3,2026-09-10T03:51:23.410900+00:00,
32948,ODOO-PARTNER-32948,SHELTER PERERENAN,success,3,2026-09-10T03:51:23.410900+00:00,
32950,ODOO-PARTNER-32950,SHERATON KUTA,success,3,2026-09-10T03:51:23.410900+00:00,
32952,ODOO-PARTNER-32952,SHI SHI,success,3,2026-09-10T03:51:23.410900+00:00,
32954,ODOO-PARTNER-32954,SHIMA TEPPANYAKI & SHABU-SHABU,success,3,2026-09-10T03:51:23.410900+00:00,
39138,ODOO-PARTNER-39138,SHISHA CAFE,success,3,2026-09-10T03:51:23.410900+00:00,
32956,ODOO-PARTNER-32956,SHISHA HOUSE SEMINYAK,success,3,2026-09-10T03:51:23.410900+00:00,
32958,ODOO-PARTNER-32958,SHIZUKA MENTAI,success,3,2026-09-10T03:51:23.410900+00:00,
32960,ODOO-PARTNER-32960,SHOOTERS,success,3,2026-09-10T03:51:23.410900+00:00,
25139,ODOO-PARTNER-25139,SHOP HERE,success,3,2026-09-10T03:51:23.410900+00:00,
25141,ODOO-PARTNER-25141,SHOPEE,success,3,2026-09-10T03:51:23.410900+00:00,
39475,ODOO-PARTNER-39475,SHOPEE OLIVIVERO,success,3,2026-09-10T03:51:23.410900+00:00,
32962,ODOO-PARTNER-32962,SHORE AMORA HOTEL,success,3,2026-09-10T03:51:23.410900+00:00,
32964,ODOO-PARTNER-32964,SHRIDA UBUD RESTAURANT,success,3,2026-09-10T03:51:23.410900+00:00,
39865,ODOO-PARTNER-39865,SIDOAGUNG FARM PT,success,3,2026-09-10T03:51:23.410900+00:00,
32966,ODOO-PARTNER-32966,SIJIRO RAMEN,success,3,2026-09-10T03:51:23.410900+00:00,
46607,ODOO-PARTNER-46607,SIKI - GYOEN BOGA LESTARI PT,success,3,2026-09-10T03:51:23.410900+00:00,
25143,ODOO-PARTNER-25143,SILA MANDIRI UD,success,3,2026-09-10T03:51:23.410900+00:00,
25145,ODOO-PARTNER-25145,SILVIA CAKE,success,3,2026-09-10T03:51:23.410900+00:00,
40445,ODOO-PARTNER-40445,SIMALU COFFEE,success,3,2026-09-10T03:51:23.410900+00:00,
25147,ODOO-PARTNER-25147,SIMPLE MART,success,3,2026-09-10T03:51:23.410900+00:00,
32968,ODOO-PARTNER-32968,SIMPLII COFFEE,success,3,2026-09-10T03:51:23.410900+00:00,
32970,ODOO-PARTNER-32970,SIMPLY SOCIAL UBUD,success,3,2026-09-10T03:51:23.410900+00:00,
32972,ODOO-PARTNER-32972,SINALOA LEGIAN,success,3,2026-09-10T03:51:23.410900+00:00,
32974,ODOO-PARTNER-32974,SINAMON BALI UMALAS,success,3,2026-09-10T03:51:23.410900+00:00,
40439,ODOO-PARTNER-40439,SINAMON WAREHOUSE,success,3,2026-09-10T03:51:23.410900+00:00,
39259,ODOO-PARTNER-39259,SINAR AGROWISATA CEMERLANG PT,success,3,2026-09-10T03:51:23.410900+00:00,
32976,ODOO-PARTNER-32976,SINDHU ORIENTAL EMPORIUM,success,3,2026-09-10T03:51:23.410900+00:00,
32978,ODOO-PARTNER-32978,SINGLE FIN ULUWATU,success,3,2026-09-10T03:51:23.410900+00:00,
32980,ODOO-PARTNER-32980,SISTA CANGGU,success,3,2026-09-10T03:51:23.410900+00:00,
32982,ODOO-PARTNER-32982,SISTA RESTO,success,3,2026-09-10T03:51:23.410900+00:00,
32984,ODOO-PARTNER-32984,SISTER FIELD,success,3,2026-09-10T03:51:23.410900+00:00,
32986,ODOO-PARTNER-32986,SIX SENSES,success,3,2026-09-10T03:51:23.410900+00:00,
40218,ODOO-PARTNER-40218,SIXTEEN DEGREES,success,3,2026-09-10T03:51:23.410900+00:00,
32988,ODOO-PARTNER-32988,SIXTY SIX,success,3,2026-09-10T03:51:23.410900+00:00,
32990,ODOO-PARTNER-32990,SKOOBY BURGER,success,3,2026-09-10T03:51:23.410900+00:00,
32992,ODOO-PARTNER-32992,SKYLER BAR & LOUNGE,success,3,2026-09-10T03:51:23.410900+00:00,
42836,ODOO-PARTNER-42836,SKYLOVE FROZEN FOOD,success,3,2026-09-10T03:51:23.410900+00:00,
42287,ODOO-PARTNER-42287,SMASHE BURGER,success,3,2026-09-10T03:51:23.410900+00:00,
32994,ODOO-PARTNER-32994,SMOKE BALI,success,3,2026-09-10T03:51:23.410900+00:00,
25149,ODOO-PARTNER-25149,SMOKE HOUSE UBUD,success,3,2026-09-10T03:51:23.410900+00:00,
32996,ODOO-PARTNER-32996,SOEJASCH BALI PT,success,3,2026-09-10T03:51:23.410900+00:00,
32998,ODOO-PARTNER-32998,SOFITEL,success,3,2026-09-10T03:51:23.410900+00:00,
42190,ODOO-PARTNER-42190,SOFT PAO,success,3,2026-09-10T03:51:23.410900+00:00,
39973,ODOO-PARTNER-39973,SOIL FOOD TEMPLE CANGGU,success,3,2026-09-10T03:51:23.410900+00:00,
25151,ODOO-PARTNER-25151,SOIL ORGANIC STORE,success,3,2026-09-10T03:51:23.410900+00:00,
33000,ODOO-PARTNER-33000,SOL BY MELIA BENOA BALI,success,3,2026-09-10T03:51:23.410900+00:00,
33002,ODOO-PARTNER-33002,SOL ROOFTOP BAR,success,3,2026-09-10T03:51:23.410900+00:00,
33004,ODOO-PARTNER-33004,SOL'S DELI,success,3,2026-09-10T03:51:23.410900+00:00,
33340,ODOO-PARTNER-33340,SOLE,success,3,2026-09-10T03:51:23.410900+00:00,
33006,ODOO-PARTNER-33006,SOLERAM COFFEE & EATERY,success,3,2026-09-10T03:51:23.410900+00:00,
33008,ODOO-PARTNER-33008,SOLIA LEGIAN BALI,success,3,2026-09-10T03:51:23.410900+00:00,
44613,ODOO-PARTNER-44613,SOMA FIGHT CLUB,success,3,2026-09-10T03:51:23.410900+00:00,
33010,ODOO-PARTNER-33010,SOOGI ROLL,success,3,2026-09-10T03:51:23.410900+00:00,
42745,ODOO-PARTNER-42745,SOSIS MAJU JAYA,success,3,2026-09-10T03:51:23.410900+00:00,
33012,ODOO-PARTNER-33012,SOULSHINE UBUD HOTEL,success,3,2026-09-10T03:51:23.410900+00:00,
33014,ODOO-PARTNER-33014,SOUMA SEMINYAK,success,3,2026-09-10T03:51:23.410900+00:00,
25153,ODOO-PARTNER-25153,SPC MART SIDAKARYA,success,3,2026-09-10T03:51:23.410900+00:00,
25155,ODOO-PARTNER-25155,SPEEDY MART,success,3,2026-09-10T03:51:23.410900+00:00,
33016,ODOO-PARTNER-33016,SPICY RAMEN KIWAMI RESTO,success,3,2026-09-10T03:51:23.410900+00:00,
40563,ODOO-PARTNER-40563,SPIRAL COFFEE,success,3,2026-09-10T03:51:23.410900+00:00,
35582,ODOO-PARTNER-35582,SPONSORSHIP,success,3,2026-09-10T03:51:23.410900+00:00,
35581,ODOO-PARTNER-35581,SPONSORSHIP FS,success,3,2026-09-10T03:51:23.410900+00:00,
38384,ODOO-PARTNER-38384,SPONSORSHIP GT,success,3,2026-09-10T03:51:23.410900+00:00,
38385,ODOO-PARTNER-38385,SPONSORSHIP MT,success,3,2026-09-10T03:51:23.410900+00:00,
44609,ODOO-PARTNER-44609,SRADHA COFFEE KAPAL,success,3,2026-09-10T03:51:23.410900+00:00,
40334,ODOO-PARTNER-40334,SRADHA COFFEE MUDUTAKI,success,3,2026-09-10T03:51:23.410900+00:00,
40282,ODOO-PARTNER-40282,SRADHA COFFEE TEUKU UMAR,success,3,2026-09-10T03:51:23.410900+00:00,
25157,ODOO-PARTNER-25157,SRC BINTANG MART,success,3,2026-09-10T03:51:23.410900+00:00,
40246,ODOO-PARTNER-40246,SRC COOL,success,3,2026-09-10T03:51:23.410900+00:00,
25159,ODOO-PARTNER-25159,SRC IDA,success,3,2026-09-10T03:51:23.410900+00:00,
25161,ODOO-PARTNER-25161,SRC KASIR,success,3,2026-09-10T03:51:23.410900+00:00,
25163,ODOO-PARTNER-25163,SRC SARI KARYA,success,3,2026-09-10T03:51:23.410900+00:00,
25165,ODOO-PARTNER-25165,SRC TM,success,3,2026-09-10T03:51:23.410900+00:00,
25167,ODOO-PARTNER-25167,SRC WIKAN,success,3,2026-09-10T03:51:23.410900+00:00,
25169,ODOO-PARTNER-25169,SRIMART NUSA PENIDA,success,3,2026-09-10T03:51:23.410900+00:00,
25171,ODOO-PARTNER-25171,SS MART,success,3,2026-09-10T03:51:23.410900+00:00,
39157,ODOO-PARTNER-39157,SS MART KLUNGKUNG,success,3,2026-09-10T03:51:23.410900+00:00,
25173,ODOO-PARTNER-25173,SS MART TIBUBENENG,success,3,2026-09-10T03:51:23.410900+00:00,
39134,ODOO-PARTNER-39134,SSJ MART,success,3,2026-09-10T03:51:23.410900+00:00,
25175,ODOO-PARTNER-25175,SSP TAURUS GEMILANG INDONESIA PT,success,3,2026-09-10T03:51:23.410900+00:00,
33018,ODOO-PARTNER-33018,ST-JACQUES,success,3,2026-09-10T03:51:23.410900+00:00,
39080,ODOO-PARTNER-39080,ST. ALI,success,3,2026-09-10T03:51:23.410900+00:00,
33020,ODOO-PARTNER-33020,STADIUM CAFE,success,3,2026-09-10T03:51:23.410900+00:00,
33022,ODOO-PARTNER-33022,STAKZ BAR & GRILL,success,3,2026-09-10T03:51:23.410900+00:00,
25177,ODOO-PARTNER-25177,STAR MART CANGGU,success,3,2026-09-10T03:51:23.410900+00:00,
40339,ODOO-PARTNER-40339,STAR MART SEMINYAK,success,3,2026-09-10T03:51:23.410900+00:00,
39729,ODOO-PARTNER-39729,STAR STAR MART CEMONGKAK,success,3,2026-09-10T03:51:23.410900+00:00,
40145,ODOO-PARTNER-40145,STAR STAR MART LABUAN SAIT,success,3,2026-09-10T03:51:23.410900+00:00,
39730,ODOO-PARTNER-39730,STAR STAR MART MUNGGU,success,3,2026-09-10T03:51:23.410900+00:00,
33024,ODOO-PARTNER-33024,STARK BOUTIQUE HOTEL,success,3,2026-09-10T03:51:23.410900+00:00,
33026,ODOO-PARTNER-33026,STARZ CAFETARIA & COFFEE,success,3,2026-09-10T03:51:23.410900+00:00,
33028,ODOO-PARTNER-33028,STHALA A TRIBUTE PORTFOLIO HOTEL,success,3,2026-09-10T03:51:23.410900+00:00,
33030,ODOO-PARTNER-33030,STOCK COFFEE,success,3,2026-09-10T03:51:23.410900+00:00,
33032,ODOO-PARTNER-33032,STRAWBERRY FIELD,success,3,2026-09-10T03:51:23.410900+00:00,
40244,ODOO-PARTNER-40244,STRAY DOG,success,3,2026-09-10T03:51:23.410900+00:00,
44233,ODOO-PARTNER-44233,STUDIO PEPE,success,3,2026-09-10T03:51:23.410900+00:00,
33034,ODOO-PARTNER-33034,STUJA COFFEE,success,3,2026-09-10T03:51:23.410900+00:00,
33036,ODOO-PARTNER-33036,STUJA SANUR,success,3,2026-09-10T03:51:23.410900+00:00,
25179,ODOO-PARTNER-25179,SUBUR MART,success,3,2026-09-10T03:51:23.410900+00:00,
25181,ODOO-PARTNER-25181,SUBUR MART MERPATI,success,3,2026-09-10T03:51:23.410900+00:00,
33038,ODOO-PARTNER-33038,SUBUR MEATBALLS,success,3,2026-09-10T03:51:23.410900+00:00,
33040,ODOO-PARTNER-33040,SUBURBIA RESTAURANT,success,3,2026-09-10T03:51:23.410900+00:00,
33042,ODOO-PARTNER-33042,SUGA DADY GELATO JIMBARAN,success,3,2026-09-10T03:51:23.410900+00:00,
33044,ODOO-PARTNER-33044,SUGAR HEAD BAKEHOUSE & ACADEMY,success,3,2026-09-10T03:51:23.410900+00:00,
33046,ODOO-PARTNER-33046,SUGARLAB COFFE & EATERY,success,3,2026-09-10T03:51:23.410900+00:00,
33048,ODOO-PARTNER-33048,SUKA BEACH INN,success,3,2026-09-10T03:51:23.410900+00:00,
33050,ODOO-PARTNER-33050,SUKA ESPRESSO BERAWA,success,3,2026-09-10T03:51:23.410900+00:00,
33052,ODOO-PARTNER-33052,SUKA ESPRESSO UBUD,success,3,2026-09-10T03:51:23.410900+00:00,
33054,ODOO-PARTNER-33054,SUKA ESSPRESO ULUWATU,success,3,2026-09-10T03:51:23.410900+00:00,
32709,ODOO-PARTNER-32709,SUKA KOPI UBUD,success,3,2026-09-10T03:51:23.410900+00:00,
25183,ODOO-PARTNER-25183,SUKACITA BOGA PT,success,3,2026-09-10T03:51:23.410900+00:00,
40578,ODOO-PARTNER-40578,SUKAMERTA MINIMARKET,success,3,2026-09-10T03:51:23.410900+00:00,
33056,ODOO-PARTNER-33056,SUKU BEACH CLUB,success,3,2026-09-10T03:51:23.410900+00:00,
33058,ODOO-PARTNER-33058,SULUBAN GRILL ULUWATU,success,3,2026-09-10T03:51:23.410900+00:00,
25185,ODOO-PARTNER-25185,SUMBER AGRI SEHAT PT,success,3,2026-09-10T03:51:23.410900+00:00,
38476,ODOO-PARTNER-38476,SUMBER ALFARIA TRIJAYA TBK PT,success,3,2026-09-10T03:51:23.410900+00:00,
25195,ODOO-PARTNER-25195,SUMBER JAYA CV,success,3,2026-09-10T03:51:23.410900+00:00,
25197,ODOO-PARTNER-25197,SUMBER REJEKI,success,3,2026-09-10T03:51:23.410900+00:00,
40004,ODOO-PARTNER-40004,SUMITRA LUXURY VILLAS & RESORT,success,3,2026-09-10T03:51:23.410900+00:00,
39145,ODOO-PARTNER-39145,SUN BOUTIQUE HOTEL,success,3,2026-09-10T03:51:23.410900+00:00,
41756,ODOO-PARTNER-41756,SUNDARI BEACH RESORT ,success,3,2026-09-10T03:51:23.410900+00:00,
33060,ODOO-PARTNER-33060,SUNIA COFFEE,success,3,2026-09-10T03:51:23.410900+00:00,
38540,ODOO-PARTNER-38540,SUNSET MIRAH HOSPITALITY PT,success,3,2026-09-10T03:51:23.410900+00:00,
25199,ODOO-PARTNER-25199,SUNSHINE AND ME,success,3,2026-09-10T03:51:23.410900+00:00,
25201,ODOO-PARTNER-25201,SUPER BABY SHOP,success,3,2026-09-10T03:51:23.410900+00:00,
40505,ODOO-PARTNER-40505,SUPER MART,success,3,2026-09-10T03:51:23.410900+00:00,
33064,ODOO-PARTNER-33064,SUPERFOOD CANGGU,success,3,2026-09-10T03:51:23.410900+00:00,
40147,ODOO-PARTNER-40147,SURYA GYM BALI PERERENAN,success,3,2026-09-10T03:51:23.410900+00:00,
33066,ODOO-PARTNER-33066,SURYA KEMBAR VILLA,success,3,2026-09-10T03:51:23.410900+00:00,
25203,ODOO-PARTNER-25203,SURYA MART BERAWA,success,3,2026-09-10T03:51:23.410900+00:00,
25205,ODOO-PARTNER-25205,SURYA MAS MART,success,3,2026-09-10T03:51:23.410900+00:00,
25207,ODOO-PARTNER-25207,SURYA PANGAN CV,success,3,2026-09-10T03:51:23.410900+00:00,
40554,ODOO-PARTNER-40554,SURYA PANGAN MUNGGU,success,3,2026-09-10T03:51:23.410900+00:00,
33068,ODOO-PARTNER-33068,SUSHI KAWE,success,3,2026-09-10T03:51:23.410900+00:00,
33070,ODOO-PARTNER-33070,SUSHI KYUDEN RESTAURANT,success,3,2026-09-10T03:51:23.410900+00:00,
39227,ODOO-PARTNER-39227,WAREHOUSE ST,success,3,2026-09-10T03:51:23.410900+00:00,
33072,ODOO-PARTNER-33072,SUSHI ON THE STREET,success,3,2026-09-10T03:51:23.410900+00:00,
33074,ODOO-PARTNER-33074,SUSHI TEI BEACHWALK (BW),success,3,2026-09-10T03:51:23.410900+00:00,
33076,ODOO-PARTNER-33076,SUSHI TEI JMBARAN (JSW),success,3,2026-09-10T03:51:23.410900+00:00,
33078,ODOO-PARTNER-33078,SUSHIKOO,success,3,2026-09-10T03:51:23.410900+00:00,
33080,ODOO-PARTNER-33080,SUSHIMI BERAWA,success,3,2026-09-10T03:51:23.410900+00:00,
33082,ODOO-PARTNER-33082,SUSHIMI SEMINYAK BALI,success,3,2026-09-10T03:51:23.410900+00:00,
33084,ODOO-PARTNER-33084,SUSHIMI ULUWATU,success,3,2026-09-10T03:51:23.410900+00:00,
44573,ODOO-PARTNER-44573,SW MART,success,3,2026-09-10T03:51:23.410900+00:00,
25209,ODOO-PARTNER-25209,SWAN MART,success,3,2026-09-10T03:51:23.410900+00:00,
25211,ODOO-PARTNER-25211,SWASTIKA DRUGSTORE,success,3,2026-09-10T03:51:23.410900+00:00,
40569,ODOO-PARTNER-40569,SWEET OCEAN GELATO & SNACK,success,3,2026-09-10T03:51:23.410900+00:00,
33086,ODOO-PARTNER-33086,SWINGER BAR AND KITCHEN,success,3,2026-09-10T03:51:23.410900+00:00,
33088,ODOO-PARTNER-33088,SWISS BELL TUBAN,success,3,2026-09-10T03:51:23.410900+00:00,
33090,ODOO-PARTNER-33090,SWISS-BELHOTEL RAINFOREST,success,3,2026-09-10T03:51:23.410900+00:00,
8,ODOO-PARTNER-8,"Sunshine Agri Pratama, CV",success,3,2026-09-10T03:51:23.410900+00:00,
9,ODOO-PARTNER-9,"Sunshine Boga Utama, PT",success,3,2026-09-10T03:51:23.410900+00:00,
7,ODOO-PARTNER-7,"Sunshine Food and Co, CV",success,3,2026-09-10T03:51:23.410900+00:00,
39915,ODOO-PARTNER-39915,T&J GROCERIES 88,success,3,2026-09-10T03:51:23.410900+00:00,
39916,ODOO-PARTNER-39916,T&J GROCERIES 88,success,3,2026-09-10T03:51:23.410900+00:00,
33092,ODOO-PARTNER-33092,T.ONE COFFEE AND KITCHEN,success,3,2026-09-10T03:51:23.410900+00:00,
39440,ODOO-PARTNER-39440,TAB HOTEL INDONESIA PT,success,3,2026-09-10T03:51:23.410900+00:00,
39276,ODOO-PARTNER-39276,TABANAN BERSINAR,success,3,2026-09-10T03:51:23.410900+00:00,
33093,ODOO-PARTNER-33093,TABU,success,3,2026-09-10T03:51:23.410900+00:00,
46947,ODOO-PARTNER-46947,TACO MADRE,success,3,2026-09-10T03:51:23.410900+00:00,
33095,ODOO-PARTNER-33095,TAKA COFFEE BALI,success,3,2026-09-10T03:51:23.410900+00:00,
33097,ODOO-PARTNER-33097,TAMAN BHAGAWAN,success,3,2026-09-10T03:51:23.410900+00:00,
46517,ODOO-PARTNER-46517,TAN'S BAKERY CV,success,3,2026-09-10T03:51:23.410900+00:00,
39175,ODOO-PARTNER-39175,TANA BISTRO ULUWATU,success,3,2026-09-10T03:51:23.410900+00:00,
33099,ODOO-PARTNER-33099,TANA CAFE,success,3,2026-09-10T03:51:23.410900+00:00,
33101,ODOO-PARTNER-33101,TANA DEWA,success,3,2026-09-10T03:51:23.410900+00:00,
33103,ODOO-PARTNER-33103,TANAH GAJAH RAJASA PT,success,3,2026-09-10T03:51:23.410900+00:00,
39079,ODOO-PARTNER-39079,TANJUNG SARI GROSIR,success,3,2026-09-10T03:51:23.410900+00:00,
33105,ODOO-PARTNER-33105,TARABELLE DONUTS,success,3,2026-09-10T03:51:23.410900+00:00,
39159,ODOO-PARTNER-39159,TARO KELOD MART,success,3,2026-09-10T03:51:23.410900+00:00,
25213,ODOO-PARTNER-25213,TAROMART,success,3,2026-09-10T03:51:23.410900+00:00,
33107,ODOO-PARTNER-33107,TARRAGON GEORGIAN REST & LOUNGE BAR,success,3,2026-09-10T03:51:23.410900+00:00,
25215,ODOO-PARTNER-25215,TAURUS GEMILANG PT,success,3,2026-09-10T03:51:23.410900+00:00,
40726,ODOO-PARTNER-40726,TBK MADAM,success,3,2026-09-10T03:51:23.410900+00:00,
39305,ODOO-PARTNER-39305,TCC AUTOGRILL INTERNATIONAL WAREHOUSE,success,3,2026-09-10T03:51:23.410900+00:00,
33109,ODOO-PARTNER-33109,TCC INTERNATIONAL,success,3,2026-09-10T03:51:23.410900+00:00,
40184,ODOO-PARTNER-40184,TCC LOADING DOCK DOMESTIK,success,3,2026-09-10T03:51:23.410900+00:00,
33111,ODOO-PARTNER-33111,TE'AMO - GASTRO BISTRO,success,3,2026-09-10T03:51:23.410900+00:00,
33113,ODOO-PARTNER-33113,TEA POINT (PAK DEVA),success,3,2026-09-10T03:51:23.410900+00:00,
40690,ODOO-PARTNER-40690,TEMU KAMU RESERVA,success,3,2026-09-10T03:51:23.410900+00:00,
33115,ODOO-PARTNER-33115,TENDER LEAF CANTEEN,success,3,2026-09-10T03:51:23.410900+00:00,
40117,ODOO-PARTNER-40117,TENDER LEAF CANTEEN PECATU,success,3,2026-09-10T03:51:23.410900+00:00,
33117,ODOO-PARTNER-33117,TENTANG KOPI K-SQUARE,success,3,2026-09-10T03:51:23.410900+00:00,
40128,ODOO-PARTNER-40128,TENTEN TANJUNG BENOA,success,3,2026-09-10T03:51:23.410900+00:00,
25217,ODOO-PARTNER-25217,TENTENKU EDM,success,3,2026-09-10T03:51:23.410900+00:00,
25219,ODOO-PARTNER-25219,TENTENKU MANIS,success,3,2026-09-10T03:51:23.410900+00:00,
25221,ODOO-PARTNER-25221,TENTENKU ORBIT,success,3,2026-09-10T03:51:23.410900+00:00,
33119,ODOO-PARTNER-33119,TERAS JAPAN BALI,success,3,2026-09-10T03:51:23.410900+00:00,
33121,ODOO-PARTNER-33121,TERAS KOTA,success,3,2026-09-10T03:51:23.410900+00:00,
33123,ODOO-PARTNER-33123,TERE RESTAURANT,success,3,2026-09-10T03:51:23.410900+00:00,
40166,ODOO-PARTNER-40166,TERRA SAYAN,success,3,2026-09-10T03:51:23.410900+00:00,
45579,ODOO-PARTNER-45579,THAI BOX & THAILAND KITCHEN,success,3,2026-09-10T03:51:23.410900+00:00,
33125,ODOO-PARTNER-33125,THAI I NDO KITCHEN,success,3,2026-09-10T03:51:23.410900+00:00,
39756,ODOO-PARTNER-39756,THAI INDO KITCHEN,success,3,2026-09-10T03:51:23.410900+00:00,
45810,ODOO-PARTNER-45810,THAILAND KITCHEN,success,3,2026-09-10T03:51:23.410900+00:00,
33127,ODOO-PARTNER-33127,THAILICIOUS SANUR,success,3,2026-09-10T03:51:23.410900+00:00,
33129,ODOO-PARTNER-33129,THE ALLEYS CAFE,success,3,2026-09-10T03:51:23.410900+00:00,
33131,ODOO-PARTNER-33131,THE ALLEYWAY CAFE,success,3,2026-09-10T03:51:23.410900+00:00,
33133,ODOO-PARTNER-33133,THE AMORA BALI,success,3,2026-09-10T03:51:23.410900+00:00,
42506,ODOO-PARTNER-42506,THE ANTS PANTS,success,3,2026-09-10T03:51:23.410900+00:00,
33135,ODOO-PARTNER-33135,THE ANVAYA BEACH RESORT,success,3,2026-09-10T03:51:23.410900+00:00,
32255,ODOO-PARTNER-32255,THE APURVA KEMPINSKI BALI,success,3,2026-09-10T03:51:23.410900+00:00,
33137,ODOO-PARTNER-33137,THE ARIA BALI,success,3,2026-09-10T03:51:23.410900+00:00,
33139,ODOO-PARTNER-33139,THE BAKERS BISTRO,success,3,2026-09-10T03:51:23.410900+00:00,
33141,ODOO-PARTNER-33141,THE BARN CANGGU,success,3,2026-09-10T03:51:23.410900+00:00,
33143,ODOO-PARTNER-33143,THE BENCH BREWERY,success,3,2026-09-10T03:51:23.410900+00:00,
33145,ODOO-PARTNER-33145,THE BENCH CANGGU,success,3,2026-09-10T03:51:23.410900+00:00,
33147,ODOO-PARTNER-33147,THE BIDADARI VILLA & SPA,success,3,2026-09-10T03:51:23.410900+00:00,
40281,ODOO-PARTNER-40281,THE BIG MEAT PERERENAN,success,3,2026-09-10T03:51:23.410900+00:00,
46005,ODOO-PARTNER-46005,THE BOWL BINGIN,success,3,2026-09-10T03:51:23.410900+00:00,
42266,ODOO-PARTNER-42266,THE BUFFALO,success,3,2026-09-10T03:51:23.410900+00:00,
40006,ODOO-PARTNER-40006,THE BUN BAKERY,success,3,2026-09-10T03:51:23.410900+00:00,
33149,ODOO-PARTNER-33149,THE BUN BAKERY,success,3,2026-09-10T03:51:23.410900+00:00,
33151,ODOO-PARTNER-33151,THE BUNGALOW KITCHEN,success,3,2026-09-10T03:51:23.410900+00:00,
39163,ODOO-PARTNER-39163,THE BUSTLE,success,3,2026-09-10T03:51:23.410900+00:00,
33153,ODOO-PARTNER-33153,THE CAKRA HOTEL,success,3,2026-09-10T03:51:23.410900+00:00,
33155,ODOO-PARTNER-33155,THE CAMAKILLA LEGIAN BALI,success,3,2026-09-10T03:51:23.410900+00:00,
33157,ODOO-PARTNER-33157,THE CLIQUE,success,3,2026-09-10T03:51:23.410900+00:00,
40074,ODOO-PARTNER-40074,THE CLUB BALI,success,3,2026-09-10T03:51:23.410900+00:00,
33158,ODOO-PARTNER-33158,THE COMMON CAFE,success,3,2026-09-10T03:51:23.410900+00:00,
33160,ODOO-PARTNER-33160,THE CRAFE,success,3,2026-09-10T03:51:23.410900+00:00,
33162,ODOO-PARTNER-33162,THE DAILY HABIT COFFEE,success,3,2026-09-10T03:51:23.410900+00:00,
33164,ODOO-PARTNER-33164,THE DAUN COFFEE & CAFE,success,3,2026-09-10T03:51:23.410900+00:00,
39384,ODOO-PARTNER-39384,THE DOCKERS ARMS ,success,3,2026-09-10T03:51:23.410900+00:00,
40478,ODOO-PARTNER-40478,THE DOG HOUSE CAFE,success,3,2026-09-10T03:51:23.410900+00:00,
33166,ODOO-PARTNER-33166,THE DUSTY CAFE,success,3,2026-09-10T03:51:23.410900+00:00,
33168,ODOO-PARTNER-33168,THE EDGE,success,3,2026-09-10T03:51:23.410900+00:00,
33170,ODOO-PARTNER-33170,THE ELEPHANT,success,3,2026-09-10T03:51:23.410900+00:00,
40703,ODOO-PARTNER-40703,THE ELYSIAN VILLA,success,3,2026-09-10T03:51:23.410900+00:00,
33172,ODOO-PARTNER-33172,THE FARM HOSTEL,success,3,2026-09-10T03:51:23.410900+00:00,
33174,ODOO-PARTNER-33174,THE FARMER BREWS,success,3,2026-09-10T03:51:23.410900+00:00,
33176,ODOO-PARTNER-33176,THE FORGE,success,3,2026-09-10T03:51:23.410900+00:00,
46762,ODOO-PARTNER-46762,THE FOUNDRY BABAKAN,success,3,2026-09-10T03:51:23.410900+00:00,
33178,ODOO-PARTNER-33178,THE GENERAL,success,3,2026-09-10T03:51:23.410900+00:00,
33180,ODOO-PARTNER-33180,THE GOAT LEGIAN,success,3,2026-09-10T03:51:23.410900+00:00,
33182,ODOO-PARTNER-33182,THE GOAT MELASTI,success,3,2026-09-10T03:51:23.410900+00:00,
33184,ODOO-PARTNER-33184,THE GOAT SEMINYAK,success,3,2026-09-10T03:51:23.410900+00:00,
33186,ODOO-PARTNER-33186,THE GONG VILLA,success,3,2026-09-10T03:51:23.410900+00:00,
33188,ODOO-PARTNER-33188,THE GRIPIZ,success,3,2026-09-10T03:51:23.410900+00:00,
33190,ODOO-PARTNER-33190,THE HIVE SANUR,success,3,2026-09-10T03:51:23.410900+00:00,
33192,ODOO-PARTNER-33192,THE HUB BALI RESTAURANT,success,3,2026-09-10T03:51:23.410900+00:00,
33194,ODOO-PARTNER-33194,THE HUBBLE RESTAURANT,success,3,2026-09-10T03:51:23.410900+00:00,
33196,ODOO-PARTNER-33196,THE ISLAND GRILL & LOUNGE,success,3,2026-09-10T03:51:23.410900+00:00,
33198,ODOO-PARTNER-33198,THE JARDIN SEMINYAK,success,3,2026-09-10T03:51:23.410900+00:00,
33200,ODOO-PARTNER-33200,THE JAYAKARTA,success,3,2026-09-10T03:51:23.410900+00:00,
44524,ODOO-PARTNER-44524,THE KAYANGAN SANUR,success,3,2026-09-10T03:51:23.410900+00:00,
44659,ODOO-PARTNER-44659,THE KERANJANG,success,3,2026-09-10T03:51:23.410900+00:00,
33202,ODOO-PARTNER-33202,THE KOOP COFFEE & ROASTRY,success,3,2026-09-10T03:51:23.410900+00:00,
33204,ODOO-PARTNER-33204,THE KUTA BEACH HERITAGE,success,3,2026-09-10T03:51:23.410900+00:00,
33206,ODOO-PARTNER-33206,THE LAWN,success,3,2026-09-10T03:51:23.410900+00:00,
44813,ODOO-PARTNER-44813,THE LEGIAN SEMINYAK BALI,success,3,2026-09-10T03:51:23.410900+00:00,
33208,ODOO-PARTNER-33208,THE LEMON TREE,success,3,2026-09-10T03:51:23.410900+00:00,
33210,ODOO-PARTNER-33210,THE LIBRARY,success,3,2026-09-10T03:51:23.410900+00:00,
33212,ODOO-PARTNER-33212,THE LIGHT VILLA,success,3,2026-09-10T03:51:23.410900+00:00,
33214,ODOO-PARTNER-33214,THE LOCOST COFFEE AND EATERY,success,3,2026-09-10T03:51:23.410900+00:00,
44566,ODOO-PARTNER-44566,THE LOKAL 80361,success,3,2026-09-10T03:51:23.410900+00:00,
33216,ODOO-PARTNER-33216,THE LOKHA LEGIAN RESORT & SPA,success,3,2026-09-10T03:51:23.410900+00:00,
33218,ODOO-PARTNER-33218,THE MAHATA LEGIAN HOTEL,success,3,2026-09-10T03:51:23.410900+00:00,
39698,ODOO-PARTNER-39698,THE MAISON BALI,success,3,2026-09-10T03:51:23.410900+00:00,
40245,ODOO-PARTNER-40245,THE MAJ OCEANIC,success,3,2026-09-10T03:51:23.410900+00:00,
33220,ODOO-PARTNER-33220,THE MELIA,success,3,2026-09-10T03:51:23.410900+00:00,
33222,ODOO-PARTNER-33222,THE MENJANGAN,success,3,2026-09-10T03:51:23.410900+00:00,
33224,ODOO-PARTNER-33224,THE MERU SANUR,success,3,2026-09-10T03:51:23.410900+00:00,
33226,ODOO-PARTNER-33226,THE MULIA HOTEL,success,3,2026-09-10T03:51:23.410900+00:00,
33228,ODOO-PARTNER-33228,THE NEST HOTEL,success,3,2026-09-10T03:51:23.410900+00:00,
33230,ODOO-PARTNER-33230,THE OBEROI HOTEL,success,3,2026-09-10T03:51:23.410900+00:00,
33232,ODOO-PARTNER-33232,THE PAD BAR & GRILL,success,3,2026-09-10T03:51:23.410900+00:00,
25225,ODOO-PARTNER-25225,THE PANTRY SANUR,success,3,2026-09-10T03:51:23.410900+00:00,
41320,ODOO-PARTNER-41320,THE PATRA BALI RESORT & VILLAS,success,3,2026-09-10T03:51:23.410900+00:00,
33234,ODOO-PARTNER-33234,THE PLUMBERS ARMS,success,3,2026-09-10T03:51:23.410900+00:00,
33236,ODOO-PARTNER-33236,THE PUBLIC GOURMET,success,3,2026-09-10T03:51:23.410900+00:00,
33238,ODOO-PARTNER-33238,THE PURISH VILLA UBUD,success,3,2026-09-10T03:51:23.410900+00:00,
33240,ODOO-PARTNER-33240,THE RICH PENIDA,success,3,2026-09-10T03:51:23.410900+00:00,
33242,ODOO-PARTNER-33242,THE ROOTS & LOCAL,success,3,2026-09-10T03:51:23.410900+00:00,
39821,ODOO-PARTNER-39821,THE ROYAL,success,3,2026-09-10T03:51:23.410900+00:00,
39903,ODOO-PARTNER-39903,THE ROYAL SANTRIAN,success,3,2026-09-10T03:51:23.410900+00:00,
33244,ODOO-PARTNER-33244,THE SAMAYA SEMINYAK,success,3,2026-09-10T03:51:23.410900+00:00,
33246,ODOO-PARTNER-33246,THE SANCTOO SPA & WELLNESS,success,3,2026-09-10T03:51:23.410900+00:00,
45585,ODOO-PARTNER-45585,THE SAND SUITES & VILLAS,success,3,2026-09-10T03:51:23.410900+00:00,
33248,ODOO-PARTNER-33248,THE SANDWICH BAR UBUD,success,3,2026-09-10T03:51:23.410900+00:00,
33250,ODOO-PARTNER-33250,THE SANDWICHBAR CANGGU,success,3,2026-09-10T03:51:23.410900+00:00,
33254,ODOO-PARTNER-33254,THE SAYAN HOUSE UBUD,success,3,2026-09-10T03:51:23.410900+00:00,
33256,ODOO-PARTNER-33256,THE SEMINYAK BEACH RESORT & SPA,success,3,2026-09-10T03:51:23.410900+00:00,
39799,ODOO-PARTNER-39799,THE SLOTH PERERENAN,success,3,2026-09-10T03:51:23.410900+00:00,
33258,ODOO-PARTNER-33258,THE SLOTH SUITE & CAFE,success,3,2026-09-10T03:51:23.410900+00:00,
33260,ODOO-PARTNER-33260,THE SLOW,success,3,2026-09-10T03:51:23.410900+00:00,
33262,ODOO-PARTNER-33262,THE SPELL CREPERIA,success,3,2026-09-10T03:51:23.410900+00:00,
33264,ODOO-PARTNER-33264,THE ST. REGIS,success,3,2026-09-10T03:51:23.410900+00:00,
33266,ODOO-PARTNER-33266,THE STONE HOTEL,success,3,2026-09-10T03:51:23.410900+00:00,
33268,ODOO-PARTNER-33268,THE UNGASAN CLIFFTOP RESORT,success,3,2026-09-10T03:51:23.410900+00:00,
33270,ODOO-PARTNER-33270,THE VILLAGE GREEN CANGGU,success,3,2026-09-10T03:51:23.410900+00:00,
33272,ODOO-PARTNER-33272,THE VIRA BALI HOTEL,success,3,2026-09-10T03:51:23.410900+00:00,
45617,ODOO-PARTNER-45617,THE WINA VILLA CANGGU,success,3,2026-09-10T03:51:23.410900+00:00,
33276,ODOO-PARTNER-33276,THEATRE BAR CANGGU,success,3,2026-09-10T03:51:23.410900+00:00,
40269,ODOO-PARTNER-40269,THIS IS BALI,success,3,2026-09-10T03:51:23.410900+00:00,
45566,ODOO-PARTNER-45566,ACAI QUEEN,success,3,2026-09-10T03:51:23.410900+00:00,
33278,ODOO-PARTNER-33278,THREE KINGS CAFE,success,3,2026-09-10T03:51:23.410900+00:00,
33280,ODOO-PARTNER-33280,THREE MONKEYS SANUR,success,3,2026-09-10T03:51:23.410900+00:00,
33282,ODOO-PARTNER-33282,THREE MONKEYS UBUD,success,3,2026-09-10T03:51:23.410900+00:00,
44812,ODOO-PARTNER-44812,THUY'S HOUSE OF VIETNAMESE,success,3,2026-09-10T03:51:23.410900+00:00,
25227,ODOO-PARTNER-25227,TIARA GATSU,success,3,2026-09-10T03:51:23.410900+00:00,
25228,ODOO-PARTNER-25228,TIARA MONANG MANING,success,3,2026-09-10T03:51:23.410900+00:00,
25229,ODOO-PARTNER-25229,TIARA SOPUTAN,success,3,2026-09-10T03:51:23.410900+00:00,
33284,ODOO-PARTNER-33284,TICKLED PINK,success,3,2026-09-10T03:51:23.410900+00:00,
38503,ODOO-PARTNER-38503,TIGA AYU RETAILINDO PT,success,3,2026-09-10T03:51:23.410900+00:00,
33286,ODOO-PARTNER-33286,TIGAO - COFFEE JUICE FOOD,success,3,2026-09-10T03:51:23.410900+00:00,
33288,ODOO-PARTNER-33288,TIGER LILYS,success,3,2026-09-10T03:51:23.410900+00:00,
25231,ODOO-PARTNER-25231,TIJE MART,success,3,2026-09-10T03:51:23.410900+00:00,
39569,ODOO-PARTNER-39569,KEMBANG SARI ARTHA PT,success,3,2026-09-10T03:51:23.410900+00:00,
44480,ODOO-PARTNER-44480,TIJILI HOTEL BENOA ,success,3,2026-09-10T03:51:23.410900+00:00,
33062,ODOO-PARTNER-33062,TIMES BEACH WARUNG,success,3,2026-09-10T03:51:23.410900+00:00,
33290,ODOO-PARTNER-33290,TIPI BAR,success,3,2026-09-10T03:51:23.410900+00:00,
25233,ODOO-PARTNER-25233,TIRTA DEWATA,success,3,2026-09-10T03:51:23.410900+00:00,
33292,ODOO-PARTNER-33292,TITI BATU CLUB,success,3,2026-09-10T03:51:23.410900+00:00,
33294,ODOO-PARTNER-33294,TITIK DUA UBUD,success,3,2026-09-10T03:51:23.410900+00:00,
25235,ODOO-PARTNER-25235,TJ MART,success,3,2026-09-10T03:51:23.410900+00:00,
39350,ODOO-PARTNER-39350,TJS SHOP,success,3,2026-09-10T03:51:23.410900+00:00,
25237,ODOO-PARTNER-25237,TOBAKU LARIS,success,3,2026-09-10T03:51:23.410900+00:00,
25239,ODOO-PARTNER-25239,TOKO 39,success,3,2026-09-10T03:51:23.410900+00:00,
25241,ODOO-PARTNER-25241,TOKO 78,success,3,2026-09-10T03:51:23.410900+00:00,
39078,ODOO-PARTNER-39078,TOKO A & A,success,3,2026-09-10T03:51:23.410900+00:00,
39965,ODOO-PARTNER-39965,TOKO AA PERSADA,success,3,2026-09-10T03:51:23.410900+00:00,
25243,ODOO-PARTNER-25243,TOKO ABG MART,success,3,2026-09-10T03:51:23.410900+00:00,
25245,ODOO-PARTNER-25245,TOKO ADE,success,3,2026-09-10T03:51:23.410900+00:00,
44392,ODOO-PARTNER-44392,TOKO ADI GUNA BAHAN KUE,success,3,2026-09-10T03:51:23.410900+00:00,
25247,ODOO-PARTNER-25247,TOKO ADI JAYA,success,3,2026-09-10T03:51:23.410900+00:00,
25249,ODOO-PARTNER-25249,TOKO ADNYANA GROSIR,success,3,2026-09-10T03:51:23.410900+00:00,
25251,ODOO-PARTNER-25251,TOKO AGUNG,success,3,2026-09-10T03:51:23.410900+00:00,
25253,ODOO-PARTNER-25253,TOKO AMARA,success,3,2026-09-10T03:51:23.410900+00:00,
40461,ODOO-PARTNER-40461,TOKO ANANDA,success,3,2026-09-10T03:51:23.410900+00:00,
25255,ODOO-PARTNER-25255,TOKO ANATHA,success,3,2026-09-10T03:51:23.410900+00:00,
25257,ODOO-PARTNER-25257,TOKO ANEKA PLASTIK,success,3,2026-09-10T03:51:23.410900+00:00,
25259,ODOO-PARTNER-25259,TOKO ANGGIE,success,3,2026-09-10T03:51:23.410900+00:00,
39335,ODOO-PARTNER-39335,TOKO ANIKA DEWATA,success,3,2026-09-10T03:51:23.410900+00:00,
40165,ODOO-PARTNER-40165,TOKO ANTAR SARI,success,3,2026-09-10T03:51:23.410900+00:00,
40343,ODOO-PARTNER-40343,TOKO ARDANI,success,3,2026-09-10T03:51:23.410900+00:00,
25261,ODOO-PARTNER-25261,TOKO ARI,success,3,2026-09-10T03:51:23.410900+00:00,
25263,ODOO-PARTNER-25263,TOKO ARTHA ASIH,success,3,2026-09-10T03:51:23.410900+00:00,
25265,ODOO-PARTNER-25265,TOKO ARTHA JAYA,success,3,2026-09-10T03:51:23.410900+00:00,
25267,ODOO-PARTNER-25267,TOKO ASRI,success,3,2026-09-10T03:51:23.410900+00:00,
25269,ODOO-PARTNER-25269,TOKO ASRI JAYA,success,3,2026-09-10T03:51:23.410900+00:00,
39402,ODOO-PARTNER-39402,TOKO BAGUS,success,3,2026-09-10T03:51:23.410900+00:00,
40584,ODOO-PARTNER-40584,TOKO BAGUS BAJERA,success,3,2026-09-10T03:51:23.410900+00:00,
39184,ODOO-PARTNER-39184,TOKO BALI,success,3,2026-09-10T03:51:23.410900+00:00,
25271,ODOO-PARTNER-25271,TOKO BANYUATIS,success,3,2026-09-10T03:51:23.410900+00:00,
40510,ODOO-PARTNER-40510,TOKO BM (BAROKAH MEGA),success,3,2026-09-10T03:51:23.410900+00:00,
40420,ODOO-PARTNER-40420,TOKO BU DAYU,success,3,2026-09-10T03:51:23.410900+00:00,
41088,ODOO-PARTNER-41088,TOKO BUCU,success,3,2026-09-10T03:51:23.410900+00:00,
25273,ODOO-PARTNER-25273,TOKO CAHAYA TABANAN,success,3,2026-09-10T03:51:23.410900+00:00,
40194,ODOO-PARTNER-40194,TOKO CAHAYA TERANG,success,3,2026-09-10T03:51:23.410900+00:00,
40363,ODOO-PARTNER-40363,TOKO CAHYA,success,3,2026-09-10T03:51:23.410900+00:00,
25275,ODOO-PARTNER-25275,TOKO CANDRA,success,3,2026-09-10T03:51:23.410900+00:00,
39364,ODOO-PARTNER-39364,TOKO CEMILAN SARIGUNA,success,3,2026-09-10T03:51:23.410900+00:00,
25277,ODOO-PARTNER-25277,TOKO CERIA TABANAN,success,3,2026-09-10T03:51:23.410900+00:00,
25279,ODOO-PARTNER-25279,TOKO CITRA,success,3,2026-09-10T03:51:23.410900+00:00,
39699,ODOO-PARTNER-39699,TOKO CRYSTAL JIMBARAN,success,3,2026-09-10T03:51:23.410900+00:00,
39858,ODOO-PARTNER-39858,TOKO DAPURKU,success,3,2026-09-10T03:51:23.410900+00:00,
40512,ODOO-PARTNER-40512,TOKO DEDE,success,3,2026-09-10T03:51:23.410900+00:00,
40560,ODOO-PARTNER-40560,TOKO DIVA CELL,success,3,2026-09-10T03:51:23.410900+00:00,
39375,ODOO-PARTNER-39375,TOKO DOLKEN,success,3,2026-09-10T03:51:23.410900+00:00,
40958,ODOO-PARTNER-40958,TOKO DOUBLE D,success,3,2026-09-10T03:51:23.410900+00:00,
25281,ODOO-PARTNER-25281,TOKO EKA JAYA,success,3,2026-09-10T03:51:23.410900+00:00,
25283,ODOO-PARTNER-25283,TOKO ENAM,success,3,2026-09-10T03:51:23.410900+00:00,
40353,ODOO-PARTNER-40353,TOKO FAJAR JAYA,success,3,2026-09-10T03:51:23.410900+00:00,
25285,ODOO-PARTNER-25285,TOKO FAJAR PEJENG,success,3,2026-09-10T03:51:23.410900+00:00,
25287,ODOO-PARTNER-25287,TOKO FORTUNA 99,success,3,2026-09-10T03:51:23.410900+00:00,
25288,ODOO-PARTNER-25288,TOKO FROZEN PAKERISAN (BAL3605),success,3,2026-09-10T03:51:23.410900+00:00,
25290,ODOO-PARTNER-25290,TOKO GADING,success,3,2026-09-10T03:51:23.410900+00:00,
25292,ODOO-PARTNER-25292,TOKO GELATI 1,success,3,2026-09-10T03:51:23.410900+00:00,
25294,ODOO-PARTNER-25294,TOKO GIANTO,success,3,2026-09-10T03:51:23.410900+00:00,
40185,ODOO-PARTNER-40185,TOKO GROSIR AYU JAYA,success,3,2026-09-10T03:51:23.410900+00:00,
25296,ODOO-PARTNER-25296,TOKO GS,success,3,2026-09-10T03:51:23.410900+00:00,
40292,ODOO-PARTNER-40292,TOKO HEMART,success,3,2026-09-10T03:51:23.410900+00:00,
40238,ODOO-PARTNER-40238,TOKO HOKKY,success,3,2026-09-10T03:51:23.410900+00:00,
40876,ODOO-PARTNER-40876,TOKO HOKKY NUANSA KORI,success,3,2026-09-10T03:51:23.410900+00:00,
39090,ODOO-PARTNER-39090,TOKO IBU PUTRI,success,3,2026-09-10T03:51:23.410900+00:00,
40329,ODOO-PARTNER-40329,TOKO INDAH JAYA,success,3,2026-09-10T03:51:23.410900+00:00,
39458,ODOO-PARTNER-39458,TOKO INDRA JAYA,success,3,2026-09-10T03:51:23.410900+00:00,
39119,ODOO-PARTNER-39119,TOKO INDRA JAYA KLUNGKUNG,success,3,2026-09-10T03:51:23.410900+00:00,
39151,ODOO-PARTNER-39151,TOKO INDRA TRENGGANA GROSIR,success,3,2026-09-10T03:51:23.410900+00:00,
40438,ODOO-PARTNER-40438,TOKO INDRAYANI,success,3,2026-09-10T03:51:23.410900+00:00,
40544,ODOO-PARTNER-40544,TOKO INTAN,success,3,2026-09-10T03:51:23.410900+00:00,
25300,ODOO-PARTNER-25300,TOKO JASMINI,success,3,2026-09-10T03:51:23.410900+00:00,
25302,ODOO-PARTNER-25302,TOKO JAYA KERTI BATU BULAN,success,3,2026-09-10T03:51:23.410900+00:00,
25304,ODOO-PARTNER-25304,TOKO JINENG REJEKI DAN GROSIR,success,3,2026-09-10T03:51:23.410900+00:00,
40094,ODOO-PARTNER-40094,TOKO KARTIKA JAYA,success,3,2026-09-10T03:51:23.410900+00:00,
25306,ODOO-PARTNER-25306,TOKO KEDATON,success,3,2026-09-10T03:51:23.410900+00:00,
25308,ODOO-PARTNER-25308,TOKO KITA GUNTUR,success,3,2026-09-10T03:51:23.410900+00:00,
39403,ODOO-PARTNER-39403,TOKO KITTA,success,3,2026-09-10T03:51:23.410900+00:00,
25310,ODOO-PARTNER-25310,TOKO KRESNA JAYA SOPUTAN,success,3,2026-09-10T03:51:23.410900+00:00,
25223,ODOO-PARTNER-25223,TOKO KRISNA (MARGA),success,3,2026-09-10T03:51:23.410900+00:00,
40413,ODOO-PARTNER-40413,TOKO KRISNA GROSIR,success,3,2026-09-10T03:51:23.410900+00:00,
25312,ODOO-PARTNER-25312,TOKO KRISNA UBUD,success,3,2026-09-10T03:51:23.410900+00:00,
40482,ODOO-PARTNER-40482,TOKO KURNIA,success,3,2026-09-10T03:51:23.410900+00:00,
39695,ODOO-PARTNER-39695,TOKO KUSAMBA,success,3,2026-09-10T03:51:23.410900+00:00,
25314,ODOO-PARTNER-25314,TOKO LANGGENG JAYA,success,3,2026-09-10T03:51:23.410900+00:00,
40457,ODOO-PARTNER-40457,TOKO LARIS,success,3,2026-09-10T03:51:23.410900+00:00,
25316,ODOO-PARTNER-25316,TOKO LELY SULI,success,3,2026-09-10T03:51:23.410900+00:00,
25318,ODOO-PARTNER-25318,TOKO LESTARI,success,3,2026-09-10T03:51:23.410900+00:00,
40182,ODOO-PARTNER-40182,TOKO LISA,success,3,2026-09-10T03:51:23.410900+00:00,
40517,ODOO-PARTNER-40517,TOKO LISA 2,success,3,2026-09-10T03:51:23.410900+00:00,
25320,ODOO-PARTNER-25320,TOKO LUH TU,success,3,2026-09-10T03:51:23.410900+00:00,
39949,ODOO-PARTNER-39949,TOKO LUMMBUNG PANGAN,success,3,2026-09-10T03:51:23.410900+00:00,
25322,ODOO-PARTNER-25322,TOKO MADE,success,3,2026-09-10T03:51:23.410900+00:00,
25324,ODOO-PARTNER-25324,TOKO MADE GROSIR,success,3,2026-09-10T03:51:23.410900+00:00,
39158,ODOO-PARTNER-39158,TOKO MADU SUDANA,success,3,2026-09-10T03:51:23.410900+00:00,
40336,ODOO-PARTNER-40336,TOKO MAHARAJA,success,3,2026-09-10T03:51:23.410900+00:00,
40153,ODOO-PARTNER-40153,TOKO MAMA DANIS,success,3,2026-09-10T03:51:23.410900+00:00,
25326,ODOO-PARTNER-25326,TOKO MANDIRI,success,3,2026-09-10T03:51:23.410900+00:00,
25328,ODOO-PARTNER-25328,TOKO MANIK SARI UBUD,success,3,2026-09-10T03:51:23.410900+00:00,
42145,ODOO-PARTNER-42145,TOKO MARDIKA,success,3,2026-09-10T03:51:23.410900+00:00,
40312,ODOO-PARTNER-40312,TOKO MARIS II,success,3,2026-09-10T03:51:23.410900+00:00,
25334,ODOO-PARTNER-25334,TOKO MARIS MARGA,success,3,2026-09-10T03:51:23.410900+00:00,
25336,ODOO-PARTNER-25336,TOKO MARKADO,success,3,2026-09-10T03:51:23.410900+00:00,
25338,ODOO-PARTNER-25338,TOKO MEGA ARTA,success,3,2026-09-10T03:51:23.410900+00:00,
39089,ODOO-PARTNER-39089,TOKO MEKAR JAYA DAYANG,success,3,2026-09-10T03:51:23.410900+00:00,
40154,ODOO-PARTNER-40154,TOKO MEKAR SARI,success,3,2026-09-10T03:51:23.410900+00:00,
41489,ODOO-PARTNER-41489,TOKO MEKAR SARI 2,success,3,2026-09-10T03:51:23.410900+00:00,
39164,ODOO-PARTNER-39164,TOKO MERTHA BAKTI,success,3,2026-09-10T03:51:23.410900+00:00,
25340,ODOO-PARTNER-25340,TOKO MEYLA & CELL,success,3,2026-09-10T03:51:23.410900+00:00,
39789,ODOO-PARTNER-39789,TOKO MINI,success,3,2026-09-10T03:51:23.410900+00:00,
25342,ODOO-PARTNER-25342,TOKO MINI DELI,success,3,2026-09-10T03:51:23.410900+00:00,
40579,ODOO-PARTNER-40579,TOKO MKJ,success,3,2026-09-10T03:51:23.410900+00:00,
39133,ODOO-PARTNER-39133,TOKO MULYA BALI GROSIR,success,3,2026-09-10T03:51:23.410900+00:00,
25344,ODOO-PARTNER-25344,TOKO MURAH,success,3,2026-09-10T03:51:23.410900+00:00,
40582,ODOO-PARTNER-40582,TOKO MURAH JAYA,success,3,2026-09-10T03:51:23.410900+00:00,
25346,ODOO-PARTNER-25346,TOKO MURNI,success,3,2026-09-10T03:51:23.410900+00:00,
25348,ODOO-PARTNER-25348,TOKO MUTIARA,success,3,2026-09-10T03:51:23.410900+00:00,
25350,ODOO-PARTNER-25350,TOKO NAMBI,success,3,2026-09-10T03:51:23.410900+00:00,
25352,ODOO-PARTNER-25352,TOKO NAPURA,success,3,2026-09-10T03:51:23.410900+00:00,
39290,ODOO-PARTNER-39290,TOKO NAPURA KLUNGKUNG,success,3,2026-09-10T03:51:23.410900+00:00,
41108,ODOO-PARTNER-41108,TOKO NINI,success,3,2026-09-10T03:51:23.410900+00:00,
25354,ODOO-PARTNER-25354,TOKO NOVI SESETAN,success,3,2026-09-10T03:51:23.410900+00:00,
25356,ODOO-PARTNER-25356,TOKO OKA,success,3,2026-09-10T03:51:23.410900+00:00,
39076,ODOO-PARTNER-39076,TOKO ONIK,success,3,2026-09-10T03:51:23.410900+00:00,
25358,ODOO-PARTNER-25358,TOKO P. MAKMUR,success,3,2026-09-10T03:51:23.410900+00:00,
25360,ODOO-PARTNER-25360,TOKO PANDAWA UBUD,success,3,2026-09-10T03:51:23.410900+00:00,
25362,ODOO-PARTNER-25362,TOKO PANDE,success,3,2026-09-10T03:51:23.410900+00:00,
40365,ODOO-PARTNER-40365,TOKO PANGLIMA,success,3,2026-09-10T03:51:23.410900+00:00,
25364,ODOO-PARTNER-25364,TOKO PEMUDA,success,3,2026-09-10T03:51:23.410900+00:00,
39874,ODOO-PARTNER-39874,TOKO PERANI BUMI,success,3,2026-09-10T03:51:23.410900+00:00,
42934,ODOO-PARTNER-42934,TOKO PONDOK SOSIS ANGEL,success,3,2026-09-10T03:51:23.410900+00:00,
25366,ODOO-PARTNER-25366,TOKO PUNCAK,success,3,2026-09-10T03:51:23.410900+00:00,
25368,ODOO-PARTNER-25368,TOKO PURI TAMAN,success,3,2026-09-10T03:51:23.410900+00:00,
40209,ODOO-PARTNER-40209,TOKO PUTRA AGUNG GROSIR,success,3,2026-09-10T03:51:23.410900+00:00,
25370,ODOO-PARTNER-25370,TOKO PUTRA JAYA PECATU,success,3,2026-09-10T03:51:23.410900+00:00,
25372,ODOO-PARTNER-25372,TOKO PUTRA SANTIKA,success,3,2026-09-10T03:51:23.410900+00:00,
41259,ODOO-PARTNER-41259,TOKO RAHAYU GROSIR,success,3,2026-09-10T03:51:23.410900+00:00,
25374,ODOO-PARTNER-25374,TOKO RATNA,success,3,2026-09-10T03:51:23.410900+00:00,
40359,ODOO-PARTNER-40359,TOKO RAYA,success,3,2026-09-10T03:51:23.410900+00:00,
39113,ODOO-PARTNER-39113,TOKO SAFARI JAYA,success,3,2026-09-10T03:51:23.410900+00:00,
25378,ODOO-PARTNER-25378,TOKO SAM,success,3,2026-09-10T03:51:23.410900+00:00,
25380,ODOO-PARTNER-25380,TOKO SARI DEWI,success,3,2026-09-10T03:51:23.410900+00:00,
25382,ODOO-PARTNER-25382,TOKO SARI KERTI GROSIR,success,3,2026-09-10T03:51:23.410900+00:00,
40233,ODOO-PARTNER-40233,TOKO SARI SEGARA,success,3,2026-09-10T03:51:23.410900+00:00,
40532,ODOO-PARTNER-40532,TOKO SARIJAYA,success,3,2026-09-10T03:51:23.410900+00:00,
25384,ODOO-PARTNER-25384,TOKO SEHATI PASAR BADUNG,success,3,2026-09-10T03:51:23.410900+00:00,
40351,ODOO-PARTNER-40351,TOKO SEKAR SARI,success,3,2026-09-10T03:51:23.410900+00:00,
25386,ODOO-PARTNER-25386,TOKO SEKAWAN RITEL,success,3,2026-09-10T03:51:23.410900+00:00,
25388,ODOO-PARTNER-25388,TOKO SEMBAKO GROSIR,success,3,2026-09-10T03:51:23.410900+00:00,
39454,ODOO-PARTNER-39454,TOKO SEMBAKO SEDAP MALAM GROSIR,success,3,2026-09-10T03:51:23.410900+00:00,
33296,ODOO-PARTNER-33296,TOKO SENIMAN,success,3,2026-09-10T03:51:23.410900+00:00,
25390,ODOO-PARTNER-25390,TOKO SENOPATI,success,3,2026-09-10T03:51:23.410900+00:00,
25392,ODOO-PARTNER-25392,TOKO SETYA,success,3,2026-09-10T03:51:23.410900+00:00,
45658,ODOO-PARTNER-45658,TOKO SIDA MERTA,success,3,2026-09-10T03:51:23.410900+00:00,
25394,ODOO-PARTNER-25394,TOKO SINAR INDAH GATSU,success,3,2026-09-10T03:51:23.410900+00:00,
25396,ODOO-PARTNER-25396,TOKO SIPULAN GROSIR,success,3,2026-09-10T03:51:23.410900+00:00,
40442,ODOO-PARTNER-40442,TOKO SIXCLUZ MINIMART 24 JAM,success,3,2026-09-10T03:51:23.410900+00:00,
39289,ODOO-PARTNER-39289,TOKO SOKA,success,3,2026-09-10T03:51:23.410900+00:00,
25398,ODOO-PARTNER-25398,TOKO SOSIS ALKAUTSAR,success,3,2026-09-10T03:51:23.410900+00:00,
43285,ODOO-PARTNER-43285,TOKO SRC DEVANA,success,3,2026-09-10T03:51:23.410900+00:00,
40534,ODOO-PARTNER-40534,TOKO SRC RATNA,success,3,2026-09-10T03:51:23.410900+00:00,
25400,ODOO-PARTNER-25400,TOKO SRI,success,3,2026-09-10T03:51:23.410900+00:00,
25402,ODOO-PARTNER-25402,TOKO STOCK DAPUR,success,3,2026-09-10T03:51:23.410900+00:00,
25404,ODOO-PARTNER-25404,TOKO SUPER 99,success,3,2026-09-10T03:51:23.410900+00:00,
25406,ODOO-PARTNER-25406,TOKO SUPRADINASTY - RENON,success,3,2026-09-10T03:51:23.410900+00:00,
41109,ODOO-PARTNER-41109,TOKO SURYA BARU,success,3,2026-09-10T03:51:23.410900+00:00,
25408,ODOO-PARTNER-25408,TOKO TAN,success,3,2026-09-10T03:51:23.410900+00:00,
40429,ODOO-PARTNER-40429,TOKO TEGAL SARI,success,3,2026-09-10T03:51:23.410900+00:00,
25410,ODOO-PARTNER-25410,TOKO TEGALAU,success,3,2026-09-10T03:51:23.410900+00:00,
40364,ODOO-PARTNER-40364,TOKO TESSA,success,3,2026-09-10T03:51:23.410900+00:00,
25412,ODOO-PARTNER-25412,TOKO TIARA,success,3,2026-09-10T03:51:23.410900+00:00,
39112,ODOO-PARTNER-39112,TOKO TIGA PUTRA,success,3,2026-09-10T03:51:23.410900+00:00,
41260,ODOO-PARTNER-41260,TOKO TUNAS MUDA,success,3,2026-09-10T03:51:23.410900+00:00,
39843,ODOO-PARTNER-39843,TOKO UDAY,success,3,2026-09-10T03:51:23.410900+00:00,
25414,ODOO-PARTNER-25414,TOKO UTAMA JAYA,success,3,2026-09-10T03:51:23.410900+00:00,
40234,ODOO-PARTNER-40234,TOKO UTAMA SARI,success,3,2026-09-10T03:51:23.410900+00:00,
39256,ODOO-PARTNER-39256,TOKO WENTEN,success,3,2026-09-10T03:51:23.410900+00:00,
39257,ODOO-PARTNER-39257,TOKO WENTEN (RUMAH),success,3,2026-09-10T03:51:23.410900+00:00,
40189,ODOO-PARTNER-40189,TOKO WETU,success,3,2026-09-10T03:51:23.410900+00:00,
40378,ODOO-PARTNER-40378,TOKO WIDI,success,3,2026-09-10T03:51:23.410900+00:00,
40181,ODOO-PARTNER-40181,TOKO WIKA,success,3,2026-09-10T03:51:23.410900+00:00,
40581,ODOO-PARTNER-40581,TOKO WIRATA,success,3,2026-09-10T03:51:23.410900+00:00,
25418,ODOO-PARTNER-25418,TOKO WISNU,success,3,2026-09-10T03:51:23.410900+00:00,
25420,ODOO-PARTNER-25420,TOKO YANI,success,3,2026-09-10T03:51:23.410900+00:00,
25422,ODOO-PARTNER-25422,TOKO YANTI,success,3,2026-09-10T03:51:23.410900+00:00,
25426,ODOO-PARTNER-25426,TOKO YOYO KAPTEN JAPA,success,3,2026-09-10T03:51:23.410900+00:00,
40361,ODOO-PARTNER-40361,TOKO YULI,success,3,2026-09-10T03:51:23.410900+00:00,
44848,ODOO-PARTNER-44848,TOKO YULI INDAH SINGAPADU,success,3,2026-09-10T03:51:23.410900+00:00,
25428,ODOO-PARTNER-25428,TOKO YUNDA,success,3,2026-09-10T03:51:23.410900+00:00,
39176,ODOO-PARTNER-39176,TOKOPEDIA,success,3,2026-09-10T03:51:23.410900+00:00,
39474,ODOO-PARTNER-39474,TOKOPEDIA OLIVIVERO,success,3,2026-09-10T03:51:23.410900+00:00,
41992,ODOO-PARTNER-41992,TONGKOSENK,success,3,2026-09-10T03:51:23.410900+00:00,
25430,ODOO-PARTNER-25430,TOP & TOP MINI MARKET,success,3,2026-09-10T03:51:23.410900+00:00,
33298,ODOO-PARTNER-33298,TOP HAT CAFE,success,3,2026-09-10T03:51:23.410900+00:00,
33300,ODOO-PARTNER-33300,TOSCA BAR AND GRILL,success,3,2026-09-10T03:51:23.410900+00:00,
33302,ODOO-PARTNER-33302,TOUCHE CAFE,success,3,2026-09-10T03:51:23.410900+00:00,
39968,ODOO-PARTNER-39968,TOUCHE TIYING TUTUL,success,3,2026-09-10T03:51:23.410900+00:00,
39936,ODOO-PARTNER-39936,TRAYA,success,3,2026-09-10T03:51:23.410900+00:00,
33304,ODOO-PARTNER-33304,TREASURE COFFEE,success,3,2026-09-10T03:51:23.410900+00:00,
33306,ODOO-PARTNER-33306,TREASURE COFFEE BANDARA,success,3,2026-09-10T03:51:23.410900+00:00,
25432,ODOO-PARTNER-25432,TRI AYU MART ANDAKASA,success,3,2026-09-10T03:51:23.410900+00:00,
25433,ODOO-PARTNER-25433,TRI AYU MART BILA DALUNG,success,3,2026-09-10T03:51:23.410900+00:00,
25434,ODOO-PARTNER-25434,TRI AYU MART CARGO,success,3,2026-09-10T03:51:23.410900+00:00,
25435,ODOO-PARTNER-25435,TRI AYU MART GUNUNG GUNTUR,success,3,2026-09-10T03:51:23.410900+00:00,
25436,ODOO-PARTNER-25436,TRI AYU MART KARYA MAKMUR,success,3,2026-09-10T03:51:23.410900+00:00,
25437,ODOO-PARTNER-25437,TRI AYU MART KEBO IWA,success,3,2026-09-10T03:51:23.410900+00:00,
25438,ODOO-PARTNER-25438,TRI AYU MART SADING,success,3,2026-09-10T03:51:23.410900+00:00,
25439,ODOO-PARTNER-25439,TRI AYU MART TEGAL JAYA,success,3,2026-09-10T03:51:23.410900+00:00,
25441,ODOO-PARTNER-25441,TRI MART,success,3,2026-09-10T03:51:23.410900+00:00,
33308,ODOO-PARTNER-33308,TRIBE BALI KUTA BEACH HOTEL,success,3,2026-09-10T03:51:23.410900+00:00,
33310,ODOO-PARTNER-33310,TRICO,success,3,2026-09-10T03:51:23.410900+00:00,
40186,ODOO-PARTNER-40186,TRINUSA PANGAN GROSIR,success,3,2026-09-10T03:51:23.410900+00:00,
25443,ODOO-PARTNER-25443,TRISNA PUTRA JIMBARAN UD,success,3,2026-09-10T03:51:23.410900+00:00,
25445,ODOO-PARTNER-25445,TRISNA PUTRA UD,success,3,2026-09-10T03:51:23.410900+00:00,
25447,ODOO-PARTNER-25447,TRISNA TOSERBA,success,3,2026-09-10T03:51:23.410900+00:00,
33312,ODOO-PARTNER-33312,TRIYAMA COFFEE & EATERY,success,3,2026-09-10T03:51:23.410900+00:00,
39587,ODOO-PARTNER-39587,TROLLEY,success,3,2026-09-10T03:51:23.410900+00:00,
33314,ODOO-PARTNER-33314,TROPICAL ANTS,success,3,2026-09-10T03:51:23.410900+00:00,
33316,ODOO-PARTNER-33316,TROPICAL MENGIAT (CV TROPICAL),success,3,2026-09-10T03:51:23.410900+00:00,
33318,ODOO-PARTNER-33318,TROPICAL NOMAD CANGGU,success,3,2026-09-10T03:51:23.410900+00:00,
39240,ODOO-PARTNER-39240,TROPICAL TWIST,success,3,2026-09-10T03:51:23.410900+00:00,
33320,ODOO-PARTNER-33320,TROPICAL UBUD (CV TROPICAL),success,3,2026-09-10T03:51:23.410900+00:00,
33322,ODOO-PARTNER-33322,TROPICANA,success,3,2026-09-10T03:51:23.410900+00:00,
33324,ODOO-PARTNER-33324,TRUNTUM KUTA,success,3,2026-09-10T03:51:23.410900+00:00,
40231,ODOO-PARTNER-40231,TS MART,success,3,2026-09-10T03:51:23.410900+00:00,
33326,ODOO-PARTNER-33326,TS SUITE,success,3,2026-09-10T03:51:23.410900+00:00,
25449,ODOO-PARTNER-25449,TTM TENTEN MART,success,3,2026-09-10T03:51:23.410900+00:00,
33328,ODOO-PARTNER-33328,TUKANG KOPI,success,3,2026-09-10T03:51:23.410900+00:00,
39567,ODOO-PARTNER-39567,TUNJUNG SARI GROSIR,success,3,2026-09-10T03:51:23.410900+00:00,
40943,ODOO-PARTNER-40943,TUNU BISTRO,success,3,2026-09-10T03:51:23.410900+00:00,
33330,ODOO-PARTNER-33330,TUSK RESTAURANT,success,3,2026-09-10T03:51:23.410900+00:00,
33332,ODOO-PARTNER-33332,TWELVE URBAN CAFE,success,3,2026-09-10T03:51:23.410900+00:00,
33334,ODOO-PARTNER-33334,TWIN JOGLO,success,3,2026-09-10T03:51:23.410900+00:00,
33336,ODOO-PARTNER-33336,TWO FAT MONKS ASIAN BISTRO,success,3,2026-09-10T03:51:23.410900+00:00,
33338,ODOO-PARTNER-33338,TWO MOODS,success,3,2026-09-10T03:51:23.410900+00:00,
33342,ODOO-PARTNER-33342,TYGR SUSHI BATU BOLONG,success,3,2026-09-10T03:51:23.410900+00:00,
33344,ODOO-PARTNER-33344,TYGR SUSHI BERAWA,success,3,2026-09-10T03:51:23.410900+00:00,
45827,ODOO-PARTNER-45827,TYGR SUSHI MUNGGU,success,3,2026-09-10T03:51:23.410900+00:00,
33346,ODOO-PARTNER-33346,TYGR SUSHI UBUD,success,3,2026-09-10T03:51:23.410900+00:00,
41029,ODOO-PARTNER-41029,Tamorra Coffee,success,3,2026-09-10T03:51:23.410900+00:00,
25451,ODOO-PARTNER-25451,U MART,success,3,2026-09-10T03:51:23.410900+00:00,
33350,ODOO-PARTNER-33350,U-ICE COFFEE SHOP,success,3,2026-09-10T03:51:23.410900+00:00,
33352,ODOO-PARTNER-33352,UBAD RETREAT,success,3,2026-09-10T03:51:23.410900+00:00,
33354,ODOO-PARTNER-33354,UBUD BISTRO SUARTI,success,3,2026-09-10T03:51:23.410900+00:00,
33360,ODOO-PARTNER-33360,UBUD NYUH BALI VILLA,success,3,2026-09-10T03:51:23.410900+00:00,
33362,ODOO-PARTNER-33362,UBUD WANA RESORT,success,3,2026-09-10T03:51:23.410900+00:00,
33364,ODOO-PARTNER-33364,UBUD YOGA CENTRE,success,3,2026-09-10T03:51:23.410900+00:00,
33366,ODOO-PARTNER-33366,UC RESTAURANT CAFE & BAKERY,success,3,2026-09-10T03:51:23.410900+00:00,
33368,ODOO-PARTNER-33368,UENAKE,success,3,2026-09-10T03:51:23.410900+00:00,
40730,ODOO-PARTNER-40730,ULA CAFE,success,3,2026-09-10T03:51:23.410900+00:00,
41077,ODOO-PARTNER-41077,ULEKAN BERAWA,success,3,2026-09-10T03:51:23.410900+00:00,
33369,ODOO-PARTNER-33369,ULEKAN MUNDUK,success,3,2026-09-10T03:51:23.410900+00:00,
33371,ODOO-PARTNER-33371,ULU ARTISAN UNGASAN,success,3,2026-09-10T03:51:23.410900+00:00,
33373,ODOO-PARTNER-33373,ULU EAT ARTISAN AND COCKTAIL,success,3,2026-09-10T03:51:23.410900+00:00,
33375,ODOO-PARTNER-33375,ULU FISH MARKET,success,3,2026-09-10T03:51:23.410900+00:00,
33377,ODOO-PARTNER-33377,ULUWATU SURF VILLA,success,3,2026-09-10T03:51:23.410900+00:00,
33379,ODOO-PARTNER-33379,UMA GARDEN,success,3,2026-09-10T03:51:23.410900+00:00,
45157,ODOO-PARTNER-45157,UMA KENTRA,success,3,2026-09-10T03:51:23.410900+00:00,
46158,ODOO-PARTNER-46158,UMI RESORT ULUWATU,success,3,2026-09-10T03:51:23.410900+00:00,
33381,ODOO-PARTNER-33381,UMPADHI HOTEL,success,3,2026-09-10T03:51:23.410900+00:00,
25455,ODOO-PARTNER-25455,UNCLE JO GATSU BARAT,success,3,2026-09-10T03:51:23.410900+00:00,
33383,ODOO-PARTNER-33383,UNCLE PHO ASIAN KITCHEN,success,3,2026-09-10T03:51:23.410900+00:00,
40447,ODOO-PARTNER-40447,UNDIKNAS MART,success,3,2026-09-10T03:51:23.410900+00:00,
32197,ODOO-PARTNER-32197,UNGASAN SEMESTA RESORT PT,success,3,2026-09-10T03:51:23.410900+00:00,
33385,ODOO-PARTNER-33385,UNGGUL PERKASA SENTOSA CV,success,3,2026-09-10T03:51:23.410900+00:00,
33387,ODOO-PARTNER-33387,UNI RESTAURANT,success,3,2026-09-10T03:51:23.410900+00:00,
33389,ODOO-PARTNER-33389,UNIBOWL PERERENAN,success,3,2026-09-10T03:51:23.410900+00:00,
43379,ODOO-PARTNER-43379,UNIBOWL POKEBOWL BALI,success,3,2026-09-10T03:51:23.410900+00:00,
39994,ODOO-PARTNER-39994,UNIDENTIFICATION TRANSACTION,success,3,2026-09-10T03:51:23.410900+00:00,
40561,ODOO-PARTNER-40561,UNIT SWALAYAN MINI,success,3,2026-09-10T03:51:23.410900+00:00,
33391,ODOO-PARTNER-33391,UPTODATE CAFE & EATERY UBUD,success,3,2026-09-10T03:51:23.410900+00:00,
33393,ODOO-PARTNER-33393,URBAN BITE BERAWA,success,3,2026-09-10T03:51:23.410900+00:00,
33395,ODOO-PARTNER-33395,URBAN BITES SEMINYAK,success,3,2026-09-10T03:51:23.410900+00:00,
33397,ODOO-PARTNER-33397,URBAN FOLKS,success,3,2026-09-10T03:51:23.410900+00:00,
33399,ODOO-PARTNER-33399,URBAN SEASIDE,success,3,2026-09-10T03:51:23.410900+00:00,
40458,ODOO-PARTNER-40458,USHA CAFE UBUD,success,3,2026-09-10T03:51:23.410900+00:00,
46582,ODOO-PARTNER-46582,USV,success,3,2026-09-10T03:51:23.410900+00:00,
39884,ODOO-PARTNER-39884,UTAMA GROSIR,success,3,2026-09-10T03:51:23.410900+00:00,
33403,ODOO-PARTNER-33403,VAGABONDO,success,3,2026-09-10T03:51:23.410900+00:00,
33405,ODOO-PARTNER-33405,VALENTINE MOCHI,success,3,2026-09-10T03:51:23.410900+00:00,
33407,ODOO-PARTNER-33407,VALLE PADDY CLUB,success,3,2026-09-10T03:51:23.410900+00:00,
40460,ODOO-PARTNER-40460,VANARA RESORT,success,3,2026-09-10T03:51:23.410900+00:00,
33409,ODOO-PARTNER-33409,VANESSA BAKERY,success,3,2026-09-10T03:51:23.410900+00:00,
33415,ODOO-PARTNER-33415,VENCHI BEACHWALK BALI,success,3,2026-09-10T03:51:23.410900+00:00,
33416,ODOO-PARTNER-33416,VENCHI SURABAYA,success,3,2026-09-10T03:51:23.410900+00:00,
33418,ODOO-PARTNER-33418,VIA EMILIA,success,3,2026-09-10T03:51:23.410900+00:00,
33420,ODOO-PARTNER-33420,VIA EMILIA BATU BOLONG,success,3,2026-09-10T03:51:23.410900+00:00,
43035,ODOO-PARTNER-43035,VIA EMILIA GUDANG BUDUK,success,3,2026-09-10T03:51:23.410900+00:00,
40424,ODOO-PARTNER-40424,VICTORY EATERY GRILL HOUSE,success,3,2026-09-10T03:51:23.410900+00:00,
38497,ODOO-PARTNER-38497,VICTORY RETAILINDO PT,success,3,2026-09-10T03:51:23.410900+00:00,
43005,ODOO-PARTNER-43005,VICTORY SMASH BURGER,success,3,2026-09-10T03:51:23.410900+00:00,
42075,ODOO-PARTNER-42075,VIETNAMESE MINNIE WARUNG,success,3,2026-09-10T03:51:23.410900+00:00,
44656,ODOO-PARTNER-44656,VIETNAMESE MINNIE WARUNG KUTA BEACH,success,3,2026-09-10T03:51:23.410900+00:00,
33424,ODOO-PARTNER-33424,VILLA GADJA,success,3,2026-09-10T03:51:23.410900+00:00,
33426,ODOO-PARTNER-33426,VILLA JERAMI,success,3,2026-09-10T03:51:23.410900+00:00,
33428,ODOO-PARTNER-33428,VILLA KAKUL UBUD,success,3,2026-09-10T03:51:23.410900+00:00,
33432,ODOO-PARTNER-33432,VILLA KUBU SEMINYAK,success,3,2026-09-10T03:51:23.410900+00:00,
31773,ODOO-PARTNER-31773,VIVA DASH HOTEL SEMINYAK,success,3,2026-09-10T03:51:23.410900+00:00,
33444,ODOO-PARTNER-33444,VOLKEN COFFEE,success,3,2026-09-10T03:51:23.410900+00:00,
43740,ODOO-PARTNER-43740,VORE RESTAURANT AND BAR,success,3,2026-09-10T03:51:23.410900+00:00,
39373,ODOO-PARTNER-39373,VRINDAVAN,success,3,2026-09-10T03:51:23.410900+00:00,
44567,ODOO-PARTNER-44567,VRINDAVAN KUTA ,success,3,2026-09-10T03:51:23.410900+00:00,
33448,ODOO-PARTNER-33448,W HOTEL,success,3,2026-09-10T03:51:23.410900+00:00,
25469,ODOO-PARTNER-25469,WAAW FROZEN FOOD,success,3,2026-09-10T03:51:23.410900+00:00,
39935,ODOO-PARTNER-39935,WACKO BURGER DRUPADI,success,3,2026-09-10T03:51:23.410900+00:00,
39934,ODOO-PARTNER-39934,WACKO BURGER PETITENGET,success,3,2026-09-10T03:51:23.410900+00:00,
39233,ODOO-PARTNER-39233,WAFFLICIOUS,success,3,2026-09-10T03:51:23.410900+00:00,
40116,ODOO-PARTNER-40116,WAGYUMAN KEROBOKAN,success,3,2026-09-10T03:51:23.410900+00:00,
25471,ODOO-PARTNER-25471,WAHANA BOGA NUSANTARA (LOTUS),success,3,2026-09-10T03:51:23.410900+00:00,
25493,ODOO-PARTNER-25493,WAHYU JAYA BAHAN KUE (CV DWIJAYA DEWATA ABADI),success,3,2026-09-10T03:51:23.410900+00:00,
40535,ODOO-PARTNER-40535,WAHYU MART,success,3,2026-09-10T03:51:23.410900+00:00,
33458,ODOO-PARTNER-33458,WAKATOBI DIVE RESORT,success,3,2026-09-10T03:51:23.410900+00:00,
39939,ODOO-PARTNER-39939,WAKUL NASI RESTO AND CO WORKING SPACE,success,3,2026-09-10T03:51:23.410900+00:00,
25475,ODOO-PARTNER-25475,WALUH BALI,success,3,2026-09-10T03:51:23.410900+00:00,
25477,ODOO-PARTNER-25477,WANA CHILI MART,success,3,2026-09-10T03:51:23.410900+00:00,
25479,ODOO-PARTNER-25479,WANA MART,success,3,2026-09-10T03:51:23.410900+00:00,
45497,ODOO-PARTNER-45497,WANDER COFFEE,success,3,2026-09-10T03:51:23.410900+00:00,
39230,ODOO-PARTNER-39230,WANDERLUST CAFE BERAWA,success,3,2026-09-10T03:51:23.410900+00:00,
39229,ODOO-PARTNER-39229,WANDERLUST CROSSFIT PADONAN,success,3,2026-09-10T03:51:23.410900+00:00,
39562,ODOO-PARTNER-39562,WAROENG PASTA MR M,success,3,2026-09-10T03:51:23.410900+00:00,
45547,ODOO-PARTNER-45547,WARUNG 99 MAWAR,success,3,2026-09-10T03:51:23.410900+00:00,
25489,ODOO-PARTNER-25489,WARUNG AA,success,3,2026-09-10T03:51:23.410900+00:00,
25491,ODOO-PARTNER-25491,WARUNG ADI JAYA UBUD,success,3,2026-09-10T03:51:23.410900+00:00,
39762,ODOO-PARTNER-39762,WARUNG ALUS,success,3,2026-09-10T03:51:23.410900+00:00,
40347,ODOO-PARTNER-40347,WARUNG ASTUNGKARA MESARI,success,3,2026-09-10T03:51:23.410900+00:00,
44058,ODOO-PARTNER-44058,WARUNG BALI BY BUKA,success,3,2026-09-10T03:51:23.410900+00:00,
39188,ODOO-PARTNER-39188,WARUNG BAMBOO,success,3,2026-09-10T03:51:23.410900+00:00,
39173,ODOO-PARTNER-39173,WARUNG BHO BHO THAI,success,3,2026-09-10T03:51:23.410900+00:00,
41200,ODOO-PARTNER-41200,WARUNG BU DWI LEGIAN,success,3,2026-09-10T03:51:23.410900+00:00,
39341,ODOO-PARTNER-39341,WARUNG BU KEMBAR,success,3,2026-09-10T03:51:23.410900+00:00,
39332,ODOO-PARTNER-39332,WARUNG CANTEEN,success,3,2026-09-10T03:51:23.410900+00:00,
39172,ODOO-PARTNER-39172,WARUNG CENANA,success,3,2026-09-10T03:51:23.410900+00:00,
39437,ODOO-PARTNER-39437,WARUNG CITTA OVEST PIZZA & PASTA,success,3,2026-09-10T03:51:23.410900+00:00,
25495,ODOO-PARTNER-25495,WARUNG D'JUMAH,success,3,2026-09-10T03:51:23.410900+00:00,
25497,ODOO-PARTNER-25497,WARUNG DANA,success,3,2026-09-10T03:51:23.410900+00:00,
39345,ODOO-PARTNER-39345,WARUNG DAPUR DELI,success,3,2026-09-10T03:51:23.410900+00:00,
25499,ODOO-PARTNER-25499,WARUNG DAPUR DELI,success,3,2026-09-10T03:51:23.410900+00:00,
25501,ODOO-PARTNER-25501,WARUNG DC,success,3,2026-09-10T03:51:23.410900+00:00,
39248,ODOO-PARTNER-39248,WARUNG DUA UMALAS,success,3,2026-09-10T03:51:23.410900+00:00,
39481,ODOO-PARTNER-39481,WARUNG EROPA,success,3,2026-09-10T03:51:23.410900+00:00,
39844,ODOO-PARTNER-39844,WARUNG FLAMINGO,success,3,2026-09-10T03:51:23.410900+00:00,
25502,ODOO-PARTNER-25502,WARUNG GROSIR BUANA KUBU,success,3,2026-09-10T03:51:23.410900+00:00,
25452,ODOO-PARTNER-25452,WARUNG GROSIR BUKIT BINTANG,success,3,2026-09-10T03:51:23.410900+00:00,
25503,ODOO-PARTNER-25503,WARUNG GROSIR BUNG TOMO,success,3,2026-09-10T03:51:23.410900+00:00,
25504,ODOO-PARTNER-25504,WARUNG GROSIR GLOGOR CARIK,success,3,2026-09-10T03:51:23.410900+00:00,
25505,ODOO-PARTNER-25505,WARUNG GROSIR GUNUNG AGUNG,success,3,2026-09-10T03:51:23.410900+00:00,
39343,ODOO-PARTNER-39343,WARUNG GROSIR GUNUNG LEMPUYANG,success,3,2026-09-10T03:51:23.410900+00:00,
41328,ODOO-PARTNER-41328,WARUNG GROSIR KALIMUTU,success,3,2026-09-10T03:51:23.410900+00:00,
25453,ODOO-PARTNER-25453,WARUNG GROSIR KOMODO,success,3,2026-09-10T03:51:23.410900+00:00,
39261,ODOO-PARTNER-39261,WARUNG GROSIR MUTIARA,success,3,2026-09-10T03:51:23.410900+00:00,
25506,ODOO-PARTNER-25506,WARUNG GROSIR PALAPA,success,3,2026-09-10T03:51:23.410900+00:00,
40242,ODOO-PARTNER-40242,WARUNG GROSIR PANGAN JAYA,success,3,2026-09-10T03:51:23.410900+00:00,
39761,ODOO-PARTNER-39761,WARUNG GROSIR RENON,success,3,2026-09-10T03:51:23.410900+00:00,
25454,ODOO-PARTNER-25454,WARUNG GROSIR SINGAPADU,success,3,2026-09-10T03:51:23.410900+00:00,
39347,ODOO-PARTNER-39347,WARUNG JATI,success,3,2026-09-10T03:51:23.410900+00:00,
39265,ODOO-PARTNER-39265,WARUNG KELOR,success,3,2026-09-10T03:51:23.410900+00:00,
39778,ODOO-PARTNER-39778,WARUNG LACO,success,3,2026-09-10T03:51:23.410900+00:00,
39249,ODOO-PARTNER-39249,WARUNG LOCAL,success,3,2026-09-10T03:51:23.410900+00:00,
39250,ODOO-PARTNER-39250,WARUNG LOCAL OFFICE,success,3,2026-09-10T03:51:23.410900+00:00,
42763,ODOO-PARTNER-42763,WARUNG MERTHA,success,3,2026-09-10T03:51:23.410900+00:00,
25459,ODOO-PARTNER-25459,WARUNG MOGAN,success,3,2026-09-10T03:51:23.410900+00:00,
39288,ODOO-PARTNER-39288,WARUNG NAPOLI PIZZA,success,3,2026-09-10T03:51:23.410900+00:00,
25508,ODOO-PARTNER-25508,WARUNG NIKEN,success,3,2026-09-10T03:51:23.410900+00:00,
39272,ODOO-PARTNER-39272,WARUNG ORBIT,success,3,2026-09-10T03:51:23.410900+00:00,
33401,ODOO-PARTNER-33401,WARUNG PADMASARI,success,3,2026-09-10T03:51:23.410900+00:00,
25461,ODOO-PARTNER-25461,WARUNG PANDE,success,3,2026-09-10T03:51:23.410900+00:00,
32365,ODOO-PARTNER-32365,WARUNG PAON LOKAL,success,3,2026-09-10T03:51:23.410900+00:00,
39558,ODOO-PARTNER-39558,WARUNG SAMAJA,success,3,2026-09-10T03:51:23.410900+00:00,
44337,ODOO-PARTNER-44337,WARUNG SANTI GROSIR,success,3,2026-09-10T03:51:23.410900+00:00,
39279,ODOO-PARTNER-39279,WARUNG SAYUR AL-BAROKAH,success,3,2026-09-10T03:51:23.410900+00:00,
25463,ODOO-PARTNER-25463,WARUNG SHINDU SANUR,success,3,2026-09-10T03:51:23.410900+00:00,
25465,ODOO-PARTNER-25465,WARUNG SHINDY,success,3,2026-09-10T03:51:23.410900+00:00,
25510,ODOO-PARTNER-25510,WARUNG SUTAPA,success,3,2026-09-10T03:51:23.410900+00:00,
39269,ODOO-PARTNER-39269,WARUNG TIGA CANGGU,success,3,2026-09-10T03:51:23.410900+00:00,
25512,ODOO-PARTNER-25512,WARUNG UNTUKMU,success,3,2026-09-10T03:51:23.410900+00:00,
44527,ODOO-PARTNER-44527,WARUNG WARI,success,3,2026-09-10T03:51:23.410900+00:00,
33434,ODOO-PARTNER-33434,WATERBOM,success,3,2026-09-10T03:51:23.410900+00:00,
40574,ODOO-PARTNER-40574,WATERCRESS UBUD,success,3,2026-09-10T03:51:23.410900+00:00,
39309,ODOO-PARTNER-39309,WAVE HOUSE,success,3,2026-09-10T03:51:23.410900+00:00,
39231,ODOO-PARTNER-39231,WAVES CAFE,success,3,2026-09-10T03:51:23.410900+00:00,
40211,ODOO-PARTNER-40211,WAYAN MART,success,3,2026-09-10T03:51:23.410900+00:00,
39267,ODOO-PARTNER-39267,WEI TO GO,success,3,2026-09-10T03:51:23.410900+00:00,
39469,ODOO-PARTNER-39469,WEI TO GO PECATU,success,3,2026-09-10T03:51:23.410900+00:00,
25467,ODOO-PARTNER-25467,WELL DONE FROZEN,success,3,2026-09-10T03:51:23.410900+00:00,
33522,ODOO-PARTNER-33522,WESTIN,success,3,2026-09-10T03:51:23.410900+00:00,
39398,ODOO-PARTNER-39398,WET PLATE,success,3,2026-09-10T03:51:23.410900+00:00,
39285,ODOO-PARTNER-39285,WH KLIK I-PLAZA BALI,success,3,2026-09-10T03:51:23.410900+00:00,
43582,ODOO-PARTNER-43582,WHITE PENNY KITCHEN & BAR ,success,3,2026-09-10T03:51:23.410900+00:00,
42837,ODOO-PARTNER-42837,WIAD FROZEN FOOD,success,3,2026-09-10T03:51:23.410900+00:00,
38488,ODOO-PARTNER-38488,WIENA SUKSES RETAILINDO PT,success,3,2026-09-10T03:51:23.410900+00:00,
25481,ODOO-PARTNER-25481,WIJAYA,success,3,2026-09-10T03:51:23.410900+00:00,
25514,ODOO-PARTNER-25514,WIKOWI NGED ANTASURA,success,3,2026-09-10T03:51:23.410900+00:00,
25516,ODOO-PARTNER-25516,WIKOWI NGED DUKUH SARI,success,3,2026-09-10T03:51:23.410900+00:00,
25483,ODOO-PARTNER-25483,WIKOWI NGED KAMPIAL,success,3,2026-09-10T03:51:23.410900+00:00,
25485,ODOO-PARTNER-25485,WIKOWI NGED MART PULAU MOYO,success,3,2026-09-10T03:51:23.410900+00:00,
25487,ODOO-PARTNER-25487,WIKOWI NGED MART PULAU SINGKEP,success,3,2026-09-10T03:51:23.410900+00:00,
25518,ODOO-PARTNER-25518,WIKOWI NGED MART TAMAN GIRI,success,3,2026-09-10T03:51:23.410900+00:00,
25520,ODOO-PARTNER-25520,WIKOWI NGED PUJA MANDALA,success,3,2026-09-10T03:51:23.410900+00:00,
39409,ODOO-PARTNER-39409,WIKOWI NGED SIDAKARYA,success,3,2026-09-10T03:51:23.410900+00:00,
39091,ODOO-PARTNER-39091,WIKOWI NGED SUPERMARKET,success,3,2026-09-10T03:51:23.410900+00:00,
25522,ODOO-PARTNER-25522,WITLOF FOOD BALI PT,success,3,2026-09-10T03:51:23.410900+00:00,
25524,ODOO-PARTNER-25524,WJ MART,success,3,2026-09-10T03:51:23.410900+00:00,
25526,ODOO-PARTNER-25526,WJES,success,3,2026-09-10T03:51:23.410900+00:00,
43312,ODOO-PARTNER-43312,WJES BULELENG,success,3,2026-09-10T03:51:23.410900+00:00,
43313,ODOO-PARTNER-43313,WJES DALUNG,success,3,2026-09-10T03:51:23.410900+00:00,
39349,ODOO-PARTNER-39349,WKB MART,success,3,2026-09-10T03:51:23.410900+00:00,
40967,ODOO-PARTNER-40967,WORD BALI UBUD,success,3,2026-09-10T03:51:23.410900+00:00,
44217,ODOO-PARTNER-44217,WRAP PARADISE,success,3,2026-09-10T03:51:23.410900+00:00,
39255,ODOO-PARTNER-39255,WYAH ART CREATIVE UBUD,success,3,2026-09-10T03:51:23.410900+00:00,
44715,ODOO-PARTNER-44715,WYNDHAM DREAMLAND RESORT ,success,3,2026-09-10T03:51:23.410900+00:00,
39704,ODOO-PARTNER-39704,WYNDHAM GARDEN KUTA BEACH,success,3,2026-09-10T03:51:23.410900+00:00,
33520,ODOO-PARTNER-33520,WYNDHAM JIVVA BALI,success,3,2026-09-10T03:51:23.410900+00:00,
39190,ODOO-PARTNER-39190,XICH LO CANGGU,success,3,2026-09-10T03:51:23.410900+00:00,
39411,ODOO-PARTNER-39411,XICH LO KEROBOKAN,success,3,2026-09-10T03:51:23.410900+00:00,
39219,ODOO-PARTNER-39219,XO BURGER PURI GADING,success,3,2026-09-10T03:51:23.410900+00:00,
39316,ODOO-PARTNER-39316,XOXO RESTAURANT,success,3,2026-09-10T03:51:23.410900+00:00,
39178,ODOO-PARTNER-39178,Y SPORT BAR,success,3,2026-09-10T03:51:23.410900+00:00,
39304,ODOO-PARTNER-39304,Y SPORT BAR PADANG-PADANG,success,3,2026-09-10T03:51:23.410900+00:00,
39139,ODOO-PARTNER-39139,YAKINIKU LIKE ICON MALL,success,3,2026-09-10T03:51:23.410900+00:00,
39466,ODOO-PARTNER-39466,YAKINIKU LIKE LIVING WORLD,success,3,2026-09-10T03:51:23.410900+00:00,
39363,ODOO-PARTNER-39363,YAKUN KAYA TOAST,success,3,2026-09-10T03:51:23.410900+00:00,
39755,ODOO-PARTNER-39755,YANAGI SUSHI,success,3,2026-09-10T03:51:23.410900+00:00,
25528,ODOO-PARTNER-25528,YANI MINIMARKET,success,3,2026-09-10T03:51:23.410900+00:00,
40543,ODOO-PARTNER-40543,YAWARA BALI WAREHOUSE,success,3,2026-09-10T03:51:23.410900+00:00,
25473,ODOO-PARTNER-25473,YOGA MART,success,3,2026-09-10T03:51:23.410900+00:00,
40416,ODOO-PARTNER-40416,YUKI CANGGU,success,3,2026-09-10T03:51:23.410900+00:00,
39167,ODOO-PARTNER-39167,YUKI RESTAURANT ULUWATU,success,3,2026-09-10T03:51:23.410900+00:00,
42645,ODOO-PARTNER-42645,YUME CAFE - CANGGU,success,3,2026-09-10T03:51:23.410900+00:00,
39376,ODOO-PARTNER-39376,YUMMY UD,success,3,2026-09-10T03:51:23.410900+00:00,
42825,ODOO-PARTNER-42825,ZAHIYA FROZEN,success,3,2026-09-10T03:51:23.410900+00:00,
39359,ODOO-PARTNER-39359,ZAI CAFE,success,3,2026-09-10T03:51:23.410900+00:00,
42483,ODOO-PARTNER-42483,ZALI RESTAURANT PERERENAN,success,3,2026-09-10T03:51:23.410900+00:00,
39225,ODOO-PARTNER-39225,ZAZZY'S PIZZA,success,3,2026-09-10T03:51:23.410900+00:00,
39726,ODOO-PARTNER-39726,ZEN FROZEN MART,success,3,2026-09-10T03:51:23.410900+00:00,
33562,ODOO-PARTNER-33562,ZENUBUD VILLA,success,3,2026-09-10T03:51:23.410900+00:00,
25530,ODOO-PARTNER-25530,ZERO WASTE JL ANYAR,success,3,2026-09-10T03:51:23.410900+00:00,
33568,ODOO-PARTNER-33568,ZIN CANGGU BALI,success,3,2026-09-10T03:51:23.410900+00:00,
46199,ODOO-PARTNER-46199,ZOE RESTAURANT,success,3,2026-09-10T03:51:23.410900+00:00,
46350,ODOO-PARTNER-46350,ZUMANA BALI,success,3,2026-09-10T03:51:23.410900+00:00,
45172,ODOO-PARTNER-45172,aikipaul,success,3,2026-09-10T03:51:23.410900+00:00,
47002,ODOO-PARTNER-47002,alorcafeuluwatu,success,3,2026-09-10T03:51:23.410900+00:00,
47003,ODOO-PARTNER-47003,A******u,success,3,2026-09-10T03:51:23.410900+00:00,
46859,ODOO-PARTNER-46859,bubatea,success,3,2026-09-10T03:51:23.410900+00:00,
46860,ODOO-PARTNER-46860,B******A,success,3,2026-09-10T03:51:23.410900+00:00,
46952,ODOO-PARTNER-46952,doobie704,success,3,2026-09-10T03:51:23.410900+00:00,
46953,ODOO-PARTNER-46953,D****e,success,4,2026-09-10T03:51:23.410900+00:00,
47134,ODOO-PARTNER-47134,fritz.bali,success,4,2026-09-10T03:51:23.410900+00:00,
47135,ODOO-PARTNER-47135,F******i,success,4,2026-09-10T03:51:23.410900+00:00,
47141,ODOO-PARTNER-47141,fulq_i1yl3,success,4,2026-09-10T03:51:23.410900+00:00,
47142,ODOO-PARTNER-47142,r****a,success,4,2026-09-10T03:51:23.410900+00:00,
46743,ODOO-PARTNER-46743,gvoj0uow30,success,4,2026-09-10T03:51:23.410900+00:00,
46744,ODOO-PARTNER-46744,M******y,success,4,2026-09-10T03:51:23.410900+00:00,
47057,ODOO-PARTNER-47057,leonyputri549,success,4,2026-09-10T03:51:23.410900+00:00,
47058,ODOO-PARTNER-47058,J******u,success,4,2026-09-10T03:51:23.410900+00:00,
47065,ODOO-PARTNER-47065,new.juli.i17promax,success,4,2026-09-10T03:51:23.410900+00:00,
47066,ODOO-PARTNER-47066,R****N,success,4,2026-09-10T03:51:23.410900+00:00,
46618,ODOO-PARTNER-46618,qqzk0nwitu,success,4,2026-09-10T03:51:23.410900+00:00,
46619,ODOO-PARTNER-46619,S******Y,success,4,2026-09-10T03:51:23.410900+00:00,
46663,ODOO-PARTNER-46663,sw m,success,4,2026-09-10T03:51:23.410900+00:00,
46912,ODOO-PARTNER-46912,u6xvk7fo8c,success,4,2026-09-10T03:51:23.410900+00:00,
46913,ODOO-PARTNER-46913,F******g,success,4,2026-09-10T03:51:23.410900+00:00,
